subject	ROI_1	ROI_2	ROI_3	ROI_4	ROI_5	ROI_6	ROI_7	ROI_8	ROI_9	ROI_10	ROI_11	ROI_12	ROI_13	ROI_14	ROI_15	ROI_16	ROI_17	ROI_18	ROI_19	ROI_20	ROI_21	ROI_22	ROI_23	ROI_24	ROI_25	ROI_26	ROI_27	ROI_28	ROI_29	ROI_30	ROI_31	ROI_32	ROI_33	ROI_34	ROI_35	ROI_36	ROI_37	ROI_38	ROI_39	ROI_40	ROI_41	ROI_42	ROI_43	ROI_44	ROI_45	ROI_46	ROI_47	ROI_48	ROI_49	ROI_50	ROI_51	ROI_52	ROI_53	ROI_54	ROI_55	ROI_56	ROI_57	ROI_58	ROI_59	ROI_60	ROI_61	ROI_62	ROI_63	ROI_64	ROI_65	ROI_66	ROI_67	ROI_68	ROI_69	ROI_70	ROI_71	ROI_72	ROI_73	ROI_74	ROI_75	ROI_76	ROI_77	ROI_78	ROI_79	ROI_80	ROI_81	ROI_82	ROI_83	ROI_84	ROI_85	ROI_86	ROI_87	ROI_88	ROI_89	ROI_90	ROI_91	ROI_92	ROI_93	ROI_94	ROI_95	ROI_96	ROI_97	ROI_98	ROI_99	ROI_100	ROI_101	ROI_102	ROI_103	ROI_104	ROI_105	ROI_106	ROI_107	ROI_108	ROI_109	ROI_110	ROI_111	ROI_112	ROI_113	ROI_114	ROI_115	ROI_116	ROI_117	ROI_118	ROI_119	ROI_120	ROI_121	ROI_122	ROI_123	ROI_124	ROI_125	ROI_126	ROI_127	ROI_128	ROI_129	ROI_130	ROI_131	ROI_132	ROI_133	ROI_134	ROI_135	ROI_136	ROI_137	ROI_138	ROI_139	ROI_140	ROI_141	ROI_142	ROI_143	ROI_144	ROI_145	ROI_146	ROI_147	ROI_148	ROI_149	ROI_150	ROI_151	ROI_152	ROI_153	ROI_154	ROI_155	ROI_156	ROI_157	ROI_158	ROI_159	ROI_160	ROI_161	ROI_162	ROI_163	ROI_164	ROI_165	ROI_166	ROI_167	ROI_168	ROI_169	ROI_170	ROI_171	ROI_172	ROI_173	ROI_174	ROI_175	ROI_176	ROI_177	ROI_178	ROI_179	ROI_180	ROI_181	ROI_182	ROI_183	ROI_184	ROI_185	ROI_186	ROI_187	ROI_188	ROI_189	ROI_190	ROI_191	ROI_192	ROI_193	ROI_194	ROI_195	ROI_196	ROI_197	ROI_198	ROI_199	ROI_200
sub-0021	158	10	2	59	141	134	178	167	52	29	107	39	41	92	23	17	138	123	12	5	16	84	37	199	165	114	191	32	175	174	110	173	4	64	146	186	78	60	189	176	14	47	198	127	79	82	160	76	55	35	96	57	62	130	27	22	143	118	156	140	135	81	157	94	196	15	149	98	50	18	171	20	30	33	129	58	169	151	154	70	148	144	65	116	91	131	106	170	101	44	89	43	21	90	159	133	109	49	136	180	147	172	9	93	121	111	190	164	46	77	177	8	153	188	66	182	115	200	117	42	3	197	128	26	7	85	80	74	183	125	152	150	162	69	124	6	163	181	1	13	161	103	155	19	36	56	112	73	102	75	137	67	184	38	63	61	53	54	68	24	34	28	31	145	120	187	119	95	71	11	132	88	105	99	87	97	72	193	122	195	25	104	48	179	142	166	83	45	113	168	86	51	40	139	100	108	126	185	192	194
sub-0031	144	80	32	125	142	122	188	183	52	114	112	107	38	105	44	28	8	10	17	4	106	120	25	199	179	5	197	104	157	161	169	167	97	140	181	193	9	18	194	190	29	24	198	124	75	1	154	136	59	55	69	45	6	22	31	39	164	111	152	166	70	89	100	103	196	33	177	81	27	65	173	147	63	40	134	74	176	12	155	77	191	118	99	149	41	83	156	153	51	49	13	68	37	126	159	138	146	88	132	78	163	185	54	131	76	113	165	3	92	16	151	87	117	178	66	15	148	200	121	21	42	109	60	47	85	82	84	102	172	162	158	160	130	19	175	141	53	186	34	50	36	116	30	35	48	56	67	57	91	2	137	123	187	58	73	43	71	64	79	96	7	110	20	139	171	192	129	128	93	23	108	174	98	94	86	133	115	195	11	189	135	145	61	184	62	170	95	72	26	182	119	14	127	143	90	101	46	150	180	168
sub-0112	82	190	11	193	188	115	156	47	169	100	24	155	68	168	120	132	146	130	149	110	83	74	56	160	50	17	118	121	81	191	128	2	119	103	94	64	136	186	8	102	48	101	162	89	158	182	134	20	28	150	135	174	9	29	92	106	175	43	51	54	31	72	77	40	67	173	172	194	23	139	76	27	107	159	153	85	19	105	42	143	166	145	161	70	73	97	84	109	164	96	114	71	104	122	152	167	93	131	59	18	112	200	185	199	197	192	157	148	123	196	91	184	180	147	111	137	124	195	176	178	45	140	189	38	177	39	37	187	133	142	79	46	99	171	129	181	198	36	117	144	60	33	35	62	44	32	90	116	25	52	141	75	1	63	21	41	165	125	80	86	183	34	7	30	126	3	69	15	13	151	95	88	179	26	14	78	170	16	49	57	61	10	55	65	4	5	58	138	12	113	154	22	163	127	66	6	98	53	87	108
sub-0120	156	73	17	82	112	145	190	186	77	111	135	40	21	12	13	6	129	99	2	11	121	130	59	199	147	95	89	10	176	185	134	183	76	133	66	191	79	62	196	18	19	57	198	108	32	23	4	151	58	50	92	54	3	153	22	26	139	168	158	169	116	78	162	109	189	14	177	69	16	56	182	157	90	25	36	117	172	39	120	83	194	159	100	170	138	164	60	148	150	42	8	53	27	93	98	41	161	71	144	146	174	155	86	103	113	105	195	173	91	126	181	81	5	104	28	175	124	200	125	52	1	31	152	38	15	101	102	63	167	88	171	84	165	47	184	142	45	178	37	51	166	75	122	20	48	80	44	29	30	9	24	110	192	33	74	49	55	68	67	123	87	128	43	154	140	180	106	115	94	7	163	35	85	114	72	127	131	197	64	187	160	118	34	61	149	143	107	65	97	119	136	70	46	96	132	137	141	193	188	179
sub-0142	48	66	25	37	72	147	180	154	68	105	49	108	11	104	32	26	81	130	12	10	103	125	50	199	184	102	197	95	179	188	155	163	84	142	177	152	115	62	160	182	23	44	198	121	74	39	158	138	65	18	85	40	4	140	9	7	165	150	153	170	143	91	134	114	196	13	92	96	94	60	181	100	29	46	119	93	176	53	124	79	191	148	38	112	118	99	157	175	169	56	78	55	36	126	173	89	131	31	166	186	141	187	75	128	107	120	185	164	80	110	168	77	41	192	59	193	83	200	144	43	19	69	172	6	16	27	17	20	151	97	167	161	106	90	22	70	82	146	87	76	162	21	156	5	54	51	101	58	127	30	52	86	136	35	57	67	28	33	71	98	8	63	45	47	117	183	129	109	15	14	3	171	132	34	135	145	122	190	61	195	149	137	64	178	189	139	88	42	73	1	2	24	113	159	123	111	116	133	194	174
sub-0416	160	27	19	115	144	127	169	183	4	102	134	75	42	73	21	12	148	89	6	2	72	107	30	199	174	112	197	81	166	180	149	38	57	131	155	62	137	56	179	175	11	32	198	99	59	65	170	125	39	10	90	34	15	132	48	16	161	3	173	84	133	40	153	92	195	9	167	123	61	33	178	142	97	37	103	82	119	138	136	64	181	145	77	78	66	126	158	146	8	20	52	36	22	53	121	117	106	28	176	184	164	122	79	113	98	128	191	162	69	86	182	55	154	187	25	189	165	200	139	91	18	196	172	23	47	70	54	67	186	168	156	152	35	71	130	129	96	171	68	80	116	114	143	14	24	29	111	26	13	63	87	109	185	41	46	31	45	43	50	17	51	104	7	141	49	110	135	124	85	1	163	94	140	93	44	150	105	192	120	193	151	76	60	147	159	100	58	5	95	177	74	108	101	157	88	118	83	188	190	194
sub-0618	160	57	48	79	106	163	105	96	18	32	117	114	33	123	66	53	164	85	42	31	22	45	35	199	34	136	198	21	122	189	180	184	113	146	63	179	142	84	70	190	5	14	197	126	56	93	167	50	11	26	10	16	1	6	2	9	124	171	173	172	54	37	97	36	19	30	183	80	87	24	64	49	41	75	148	40	110	151	60	27	134	23	7	38	13	8	101	89	149	47	86	4	28	17	29	145	90	15	3	12	174	185	55	104	135	138	193	168	112	91	157	95	153	194	98	116	154	200	186	92	51	170	178	52	61	58	46	118	181	155	165	152	169	109	188	127	137	175	72	108	140	130	161	20	67	77	78	82	115	100	147	103	144	62	44	76	88	68	43	71	69	128	25	156	176	196	59	111	99	39	166	182	143	139	119	150	107	102	129	131	158	132	83	187	74	159	81	65	94	177	121	73	120	162	133	125	141	192	191	195
sub-0626	71	102	53	149	112	174	61	64	91	109	66	59	88	107	30	31	169	135	43	36	138	87	72	199	190	62	198	70	8	122	154	131	128	140	184	157	161	124	195	186	32	85	197	141	103	75	49	153	96	50	133	65	69	19	18	21	13	142	113	181	104	129	173	147	194	60	9	52	92	95	176	160	143	99	68	108	144	29	171	121	188	145	41	38	63	54	127	183	115	84	93	101	79	81	170	25	164	23	185	163	134	187	111	158	44	151	193	58	77	114	83	118	116	179	78	182	175	200	178	123	55	196	165	46	125	34	105	137	192	159	15	7	45	130	139	119	177	166	80	136	180	40	172	14	11	47	148	90	152	110	20	156	191	76	73	97	94	89	100	132	24	5	10	4	42	35	98	117	106	56	1	3	22	33	67	150	146	189	51	167	168	162	39	28	57	82	120	86	126	12	6	48	155	37	27	2	16	26	17	74
sub-0668	156	29	35	34	115	163	169	147	56	77	72	116	31	112	13	23	158	130	10	3	80	111	59	199	167	104	197	105	131	182	172	184	68	142	136	121	63	85	186	187	11	36	198	62	46	20	140	109	21	5	97	45	86	123	70	8	164	160	39	51	94	84	127	88	195	12	181	132	106	61	177	149	114	17	89	16	118	119	141	50	189	110	81	125	52	120	157	176	161	1	78	48	40	124	138	128	53	55	173	178	170	96	101	43	47	134	190	151	75	76	108	82	137	152	25	175	60	200	129	6	30	196	155	28	83	99	91	66	179	162	154	168	159	32	180	139	165	69	90	102	79	117	100	14	26	22	95	57	54	15	146	135	188	42	19	7	64	58	38	93	33	18	27	67	150	174	37	103	9	4	87	171	71	44	41	92	113	192	122	193	143	148	49	183	153	144	65	2	126	166	98	133	107	145	24	73	74	185	191	194
sub-0684	88	86	28	113	176	178	30	2	12	3	4	145	56	58	72	49	163	162	47	38	70	10	6	195	48	5	197	21	128	154	170	26	93	172	190	33	165	66	196	54	44	17	199	138	117	116	73	78	18	87	102	76	119	166	99	7	184	186	183	31	122	64	83	98	103	60	174	129	110	37	169	8	115	45	150	61	50	134	142	68	194	131	133	173	97	139	57	175	167	92	132	91	51	127	188	161	42	79	16	20	23	192	124	159	107	71	29	19	1	9	89	111	13	25	112	164	177	200	180	46	65	198	171	15	120	74	14	80	141	140	179	109	53	125	36	130	69	27	32	137	81	55	136	22	39	106	151	104	157	41	121	126	193	90	63	100	82	77	105	108	118	143	75	135	181	189	52	85	24	40	153	185	158	123	146	94	149	182	152	62	59	147	34	187	114	67	43	84	155	191	156	148	144	168	11	95	96	35	101	160
sub-0767	86	4	17	83	94	176	97	37	61	64	74	155	24	132	99	89	131	163	75	53	127	68	52	197	59	30	188	120	44	119	136	186	126	153	135	122	111	124	198	20	8	80	199	149	12	143	18	103	82	32	26	50	22	28	3	79	104	168	180	101	165	35	161	121	189	9	48	96	114	25	174	137	154	13	88	118	139	110	164	138	49	129	95	56	128	144	43	98	156	62	146	14	42	41	23	106	116	27	47	171	58	57	19	1	102	145	140	93	46	76	187	133	179	193	54	196	177	200	191	148	72	167	185	107	21	115	105	29	151	67	60	71	181	141	190	157	170	184	125	150	183	113	172	55	92	70	36	84	85	78	87	142	195	63	108	10	39	40	69	2	33	11	38	7	182	194	166	159	123	6	90	5	65	169	112	175	34	152	147	192	178	173	15	66	162	158	81	16	100	91	77	134	31	109	51	73	117	160	130	45
sub-0800	1	11	18	2	3	4	9	21	32	37	22	13	86	139	138	158	161	195	170	162	87	83	44	130	43	49	122	71	8	5	6	7	20	153	129	123	184	151	156	101	36	42	152	165	163	190	93	116	39	159	146	78	14	23	16	41	10	132	171	77	166	59	137	56	106	109	33	133	148	47	79	28	96	113	95	136	82	145	92	69	61	120	60	45	48	29	103	127	144	173	186	90	119	141	121	38	73	26	15	19	17	12	58	30	24	27	125	131	76	105	99	174	188	196	134	189	147	200	193	194	176	192	198	80	143	65	112	84	167	169	25	35	31	128	187	124	164	179	180	185	172	104	150	81	52	102	149	115	175	177	75	57	94	68	72	70	67	140	40	62	85	98	63	55	181	197	182	111	50	135	108	34	178	168	53	157	126	74	191	199	88	117	51	107	183	46	66	155	54	110	154	160	142	89	97	64	118	114	100	91
sub-0896	162	29	21	17	26	99	179	184	65	91	112	64	58	116	32	23	44	132	14	5	8	96	49	198	181	128	199	34	165	171	47	163	48	88	73	182	141	45	193	188	20	51	197	126	54	28	107	119	56	16	104	57	70	139	63	25	30	145	50	169	140	79	158	129	196	11	117	33	109	24	114	146	93	55	86	111	167	142	159	71	113	149	72	76	125	157	84	178	59	43	95	37	12	98	155	27	156	80	123	175	170	82	89	6	22	19	190	160	103	110	183	35	138	192	69	191	161	200	189	100	9	180	174	10	67	102	78	75	172	148	154	46	153	83	177	106	124	186	38	105	166	131	150	15	42	52	108	74	130	77	115	39	137	41	68	61	36	60	31	4	18	101	3	152	168	194	135	66	62	1	94	121	143	136	81	133	40	7	127	195	151	147	53	176	185	173	90	2	13	164	97	87	122	85	92	120	134	187	118	144
sub-0925	133	7	54	74	84	163	185	176	88	124	144	131	78	111	29	18	9	31	11	4	50	85	49	199	150	98	197	45	110	186	127	73	91	17	180	183	21	10	195	181	42	62	198	125	40	24	72	152	34	1	97	65	108	86	66	35	166	77	146	136	25	107	159	119	196	3	55	142	101	33	168	20	41	2	153	123	164	129	47	46	174	37	59	14	52	135	126	178	75	81	12	80	38	143	116	26	120	106	157	184	67	83	60	112	134	140	179	172	90	93	171	105	158	192	99	165	56	200	114	53	13	16	113	63	94	95	39	5	32	169	156	173	121	68	132	104	92	160	23	28	170	36	149	43	64	48	138	103	30	22	122	117	189	79	51	27	82	87	58	118	44	130	15	161	141	193	139	115	100	8	69	155	148	137	151	154	96	191	70	190	147	89	6	182	187	175	57	19	109	177	128	61	76	162	102	71	145	188	194	167
sub-0969	149	81	44	127	137	104	125	188	38	111	126	68	11	85	40	17	8	73	12	4	33	96	61	199	88	119	198	97	179	172	153	146	57	76	178	174	15	1	187	177	25	54	197	28	39	13	135	114	49	51	107	66	83	143	26	19	145	167	159	173	132	63	133	121	194	29	166	102	93	34	30	113	14	48	142	106	176	86	109	46	155	116	67	163	89	118	115	183	169	50	75	58	45	141	175	144	150	82	158	131	151	185	99	139	110	78	193	120	70	42	184	53	112	186	21	80	37	200	3	92	10	2	6	27	77	98	90	105	180	164	165	157	91	7	55	62	124	123	9	5	170	72	154	18	41	52	36	22	23	16	147	31	192	65	56	64	69	71	24	35	87	94	43	148	171	190	59	130	84	20	161	162	140	122	136	152	117	138	100	189	129	32	74	182	191	160	60	47	108	168	79	134	128	156	101	103	95	181	195	196
sub-1016	152	63	2	23	81	106	169	173	53	84	121	15	45	61	28	17	97	116	9	5	92	96	10	199	179	13	197	83	105	180	137	177	3	62	167	176	141	29	194	184	12	7	198	100	64	77	148	128	14	36	86	33	69	93	54	21	140	138	160	162	129	78	151	89	196	4	174	66	60	48	171	132	73	26	87	91	126	149	144	32	188	98	70	134	101	135	104	172	118	25	82	50	24	103	163	40	127	67	150	143	49	175	51	120	114	124	185	159	75	99	181	52	142	189	59	186	145	200	170	76	22	165	123	27	34	41	43	90	146	154	19	119	113	55	178	117	155	182	56	58	156	102	147	16	37	18	109	44	110	65	131	125	187	20	8	42	38	46	39	85	68	57	30	11	164	190	130	112	80	1	157	158	95	115	107	139	108	192	74	195	111	133	31	168	183	136	47	6	88	166	94	71	72	153	79	35	122	161	191	193
sub-1190	126	65	19	81	131	148	130	167	35	72	119	67	9	61	8	14	100	3	1	2	49	75	26	199	165	102	198	59	161	180	169	178	29	10	164	186	116	4	192	184	6	24	197	120	62	71	153	87	28	36	78	42	57	90	40	22	159	158	160	145	88	73	146	109	195	12	64	84	86	41	175	132	83	7	55	66	147	133	137	58	168	135	79	151	103	143	140	174	118	46	25	33	20	122	166	125	111	60	141	179	134	176	76	80	113	11	190	156	77	92	173	44	99	170	51	185	136	200	52	31	18	196	94	27	69	70	54	89	182	155	85	157	138	13	177	123	139	183	15	23	149	101	150	21	38	45	108	56	96	17	16	121	188	37	53	47	32	50	48	95	68	97	30	104	162	154	128	115	91	5	152	171	129	43	124	127	93	189	63	194	142	106	34	105	181	163	74	39	110	172	107	82	112	144	98	114	117	187	191	193
sub-1280	175	70	53	61	80	19	195	190	109	160	52	14	104	35	38	26	20	57	34	29	158	134	118	200	194	159	166	60	193	183	62	56	3	12	72	88	6	11	83	135	89	117	198	46	91	74	112	78	110	86	153	124	137	161	119	94	144	8	58	50	55	49	93	81	98	87	147	36	85	31	126	21	25	123	47	108	178	68	59	122	143	165	148	181	131	71	101	192	180	121	69	111	97	177	182	33	185	140	162	184	150	188	39	51	67	10	197	189	146	151	63	5	54	191	64	30	18	199	13	24	17	23	22	90	130	152	133	156	196	168	142	115	16	2	4	1	120	40	15	9	113	84	186	79	107	114	149	100	42	95	48	125	163	65	105	127	129	103	132	77	139	76	45	176	7	66	44	174	99	75	179	145	28	27	92	167	138	82	172	136	37	32	116	43	128	73	141	96	170	155	164	154	171	41	157	169	173	187	102	106
sub-1378	92	149	175	90	61	18	40	160	113	150	145	88	126	189	133	176	178	129	159	138	151	188	166	199	141	192	195	152	26	1	56	44	65	83	116	132	111	102	87	173	86	139	198	98	154	161	67	85	118	164	162	130	29	2	17	108	46	51	62	120	80	75	136	105	63	135	3	47	100	104	15	101	103	36	32	81	48	31	64	187	68	181	54	4	49	33	69	119	117	127	112	185	110	171	193	58	158	53	99	50	96	125	182	174	128	123	180	115	146	144	148	167	191	186	142	172	134	200	197	131	153	143	177	179	95	169	165	190	196	184	28	39	73	114	42	71	122	163	89	147	70	91	78	72	93	140	156	157	84	168	5	37	43	109	106	155	97	124	121	77	45	6	27	20	7	30	74	94	66	170	8	9	10	11	25	16	76	21	82	41	57	24	23	12	35	13	183	194	107	14	59	55	137	60	79	22	38	19	34	52
sub-1414	77	80	11	124	155	139	185	126	64	52	49	88	46	89	30	36	170	129	28	19	78	117	32	199	184	39	198	18	145	181	178	182	97	121	161	172	151	82	189	116	17	45	197	109	65	68	119	138	60	8	21	33	51	122	1	6	92	173	159	152	102	37	134	108	195	16	148	118	101	47	175	150	95	59	144	94	143	153	83	71	177	146	98	131	86	140	149	180	123	29	85	5	9	25	112	142	137	69	179	154	24	160	72	113	96	120	190	171	40	42	163	75	111	193	43	192	165	200	187	91	38	196	176	44	15	73	74	7	63	100	107	62	169	12	156	128	164	186	84	93	168	34	162	35	50	14	110	53	87	81	115	127	106	56	67	27	26	4	57	61	79	10	2	20	166	194	125	130	105	3	13	48	135	141	114	147	104	157	133	183	136	99	58	55	54	174	76	23	103	132	90	22	31	158	41	70	66	188	191	167
sub-2068	59	74	52	65	62	60	135	138	21	72	81	106	11	108	46	41	20	86	19	5	132	143	76	199	186	127	198	97	139	29	169	67	126	158	94	188	83	32	194	189	33	73	197	100	77	117	156	160	87	71	137	92	15	70	47	54	163	50	99	174	133	118	162	148	196	26	181	114	128	79	179	82	18	64	121	120	171	10	103	111	192	168	129	68	146	170	157	183	165	63	105	80	61	164	178	57	175	28	124	180	1	172	130	155	101	37	9	78	31	51	184	109	6	182	95	7	17	200	3	4	55	27	12	49	116	110	98	136	191	176	43	167	24	13	125	16	56	30	23	53	48	69	38	25	44	85	141	22	123	112	115	154	193	84	93	91	90	75	102	140	45	89	2	42	40	113	39	104	134	35	34	8	96	145	159	107	149	190	147	36	173	66	88	166	161	177	122	58	152	119	131	144	150	153	142	14	151	187	185	195
sub-2121	159	65	39	47	142	8	184	148	67	105	128	73	58	118	23	31	110	109	16	4	113	108	15	199	161	36	198	93	177	186	175	134	13	40	178	183	3	2	194	168	21	29	197	90	77	57	143	122	50	51	63	64	81	139	66	35	167	12	7	164	135	85	145	111	195	28	162	88	106	53	141	129	17	18	138	104	133	22	56	78	185	147	94	154	125	155	140	176	166	59	30	54	32	100	91	92	136	70	172	181	171	182	61	98	120	48	149	157	83	103	169	10	114	188	49	192	27	200	95	14	25	196	84	45	79	75	24	60	101	130	152	160	19	6	137	20	156	187	26	5	165	69	158	37	52	46	124	44	112	86	80	126	170	33	34	38	55	62	72	102	74	116	41	127	71	87	144	89	107	11	151	174	115	1	119	96	123	190	97	193	153	146	9	179	180	163	43	42	76	173	117	131	82	150	68	99	121	132	191	189
sub-2130	9	16	35	70	143	128	188	76	71	40	105	121	13	88	28	32	176	117	15	17	69	102	50	199	100	10	198	111	133	23	80	164	116	132	127	161	163	90	195	103	36	57	197	60	11	53	124	86	29	31	72	30	79	129	73	41	175	137	110	120	134	49	162	39	153	2	182	122	96	20	51	118	126	6	150	82	56	136	173	75	104	99	107	174	130	92	108	44	158	22	98	37	7	61	148	145	84	83	58	81	180	186	18	21	140	65	191	166	106	125	179	89	131	192	43	193	139	200	189	119	42	196	172	45	26	87	85	14	190	151	178	160	170	94	48	144	46	167	93	113	165	63	149	27	55	62	135	77	141	91	68	59	187	12	67	33	5	34	54	1	47	112	25	115	169	138	154	74	101	4	171	184	156	95	147	159	3	66	146	194	152	157	24	183	185	114	38	8	19	155	123	142	52	168	109	97	64	181	78	177
sub-2133	195	193	166	197	167	116	120	150	127	135	73	139	143	146	192	184	186	196	171	185	164	175	169	198	82	144	199	187	57	133	74	90	85	112	94	96	179	177	113	109	152	149	170	105	178	176	1	43	108	155	168	191	79	49	114	156	93	2	44	88	65	100	98	130	81	188	3	4	55	110	59	37	111	47	5	42	6	7	8	172	138	165	129	9	72	10	11	102	53	91	75	173	174	163	131	12	69	103	68	13	61	76	115	118	89	60	140	159	122	80	54	87	106	162	157	125	158	200	117	151	142	189	148	121	66	153	141	182	161	160	41	45	38	50	71	78	92	107	77	137	86	52	62	126	123	154	128	136	46	95	14	84	36	190	124	99	147	194	145	83	134	58	104	63	15	16	56	101	67	180	17	18	19	20	21	22	119	51	40	23	24	25	26	27	28	29	132	183	64	30	97	31	181	39	32	70	48	33	34	35
sub-2155	9	14	42	10	4	5	13	18	6	28	103	29	92	89	40	21	151	134	48	32	133	136	84	199	166	123	197	75	2	1	11	3	24	17	179	180	146	99	195	189	33	83	198	157	113	54	52	22	66	82	76	46	8	35	12	39	73	19	102	23	120	98	174	152	196	61	27	20	56	78	90	45	142	79	137	72	173	150	170	106	154	141	93	57	138	162	125	116	74	71	31	49	36	118	155	97	30	7	168	172	160	47	124	110	70	88	192	87	127	94	185	112	144	145	96	177	175	200	188	100	69	53	178	50	107	128	119	139	190	164	85	115	161	126	163	165	176	186	108	130	153	156	132	16	63	34	81	109	158	25	122	149	41	26	44	77	62	58	95	64	55	60	15	101	182	193	140	114	121	43	159	117	131	148	38	86	80	143	59	184	169	167	105	147	129	181	111	91	65	183	51	37	67	171	104	68	135	191	187	194
sub-2219	166	154	110	70	100	179	195	190	130	163	171	88	112	120	102	117	175	92	98	69	150	139	109	199	143	121	198	115	186	191	148	193	71	170	91	196	126	127	167	81	42	79	146	169	113	138	82	29	48	107	32	55	1	129	14	61	104	184	172	187	161	13	65	74	85	106	89	57	62	31	25	149	152	133	156	99	111	77	137	21	26	15	94	158	118	160	90	4	40	46	63	39	43	34	56	144	182	87	177	192	185	76	153	53	67	128	197	183	165	134	194	131	103	59	95	122	178	200	189	142	101	145	174	84	22	96	105	18	125	45	147	68	180	52	155	162	8	188	114	140	119	47	17	108	64	23	73	83	124	93	33	11	44	60	38	49	41	24	27	35	75	30	7	168	159	157	135	2	9	86	36	16	54	50	5	6	20	28	37	123	181	72	132	151	141	66	19	136	3	51	97	12	10	78	164	116	80	173	176	58
sub-2333	12	25	54	10	138	162	76	184	72	132	154	140	52	137	58	46	177	115	41	32	8	146	50	199	145	143	197	110	15	23	151	169	111	68	179	187	168	70	191	167	16	69	198	55	42	66	34	147	91	51	106	90	5	2	7	11	14	40	86	84	56	120	174	135	195	30	3	44	43	87	153	164	99	65	73	59	107	13	49	114	189	165	6	1	4	9	67	141	19	45	31	83	63	157	182	148	166	18	53	21	180	183	104	159	152	155	192	173	127	131	185	109	89	186	57	71	93	200	134	125	38	95	75	60	117	121	102	119	188	161	178	170	172	123	142	160	39	81	35	61	129	149	103	29	24	96	47	74	62	27	150	156	175	85	97	64	92	94	101	136	37	36	17	82	176	118	26	79	105	33	28	98	139	80	88	113	133	194	77	108	128	163	48	181	122	158	124	78	112	130	20	22	144	171	126	100	116	190	193	196
sub-2336	10	78	96	74	17	36	1	72	83	94	50	75	167	156	165	159	192	186	153	126	112	177	171	199	142	185	197	187	2	3	34	37	45	40	106	117	108	127	169	124	118	168	198	90	152	111	77	144	172	163	181	178	65	35	71	131	11	29	85	80	73	149	140	174	113	134	4	30	67	150	189	21	87	54	16	52	5	26	27	182	154	190	84	22	63	61	62	136	86	103	66	160	162	179	166	18	48	46	69	68	12	31	93	41	6	25	191	109	175	143	105	76	97	183	145	188	98	200	193	148	161	196	194	139	123	157	128	120	119	158	7	55	8	19	15	14	47	88	102	122	95	42	91	121	110	132	147	164	141	155	70	137	82	130	173	114	176	151	170	133	89	33	51	13	20	53	100	92	107	115	23	24	60	81	56	57	184	180	116	64	44	59	39	49	28	9	138	146	104	99	79	58	125	32	43	38	135	195	101	129
sub-2367	179	142	27	71	150	163	56	95	122	40	12	118	49	100	55	29	24	158	76	7	151	166	104	198	120	90	107	5	134	173	96	140	99	128	74	2	159	124	186	19	11	80	195	32	8	143	20	161	119	25	157	111	85	146	1	3	52	94	97	16	175	115	102	37	139	50	21	45	155	59	47	14	133	101	70	136	60	105	13	141	38	61	22	181	62	54	57	78	183	44	66	48	35	65	108	137	170	73	34	165	98	192	36	162	138	123	147	131	33	152	53	129	113	39	9	191	91	200	188	160	84	199	190	89	135	127	149	18	117	10	187	125	185	41	156	167	88	194	148	82	182	169	109	23	72	79	6	83	112	30	154	15	81	93	28	4	110	126	121	58	130	164	51	180	75	196	176	42	46	63	184	189	174	116	77	153	69	87	168	197	17	31	144	132	193	68	64	86	43	177	103	171	26	67	92	106	114	178	172	145
sub-2373	160	130	50	134	107	123	43	54	22	70	69	118	115	192	176	180	199	184	144	163	156	167	76	133	116	80	177	136	45	178	142	97	92	117	132	187	173	161	188	89	28	77	172	126	138	179	55	198	90	125	65	72	2	9	7	111	165	62	191	146	193	121	197	164	175	81	42	53	195	124	141	40	150	14	106	174	13	25	83	110	113	162	96	19	127	61	94	166	196	154	105	73	56	102	114	139	82	12	119	152	29	143	86	93	95	74	36	15	71	46	49	149	170	183	158	181	140	200	186	189	103	182	145	99	78	52	85	44	101	109	98	31	58	120	41	100	48	79	87	128	194	33	129	18	47	21	91	159	112	135	104	108	168	32	37	63	26	24	60	66	11	6	1	10	38	131	171	68	84	64	17	27	34	169	137	185	75	155	153	190	16	51	3	23	151	5	148	157	122	20	30	147	59	35	8	4	88	57	39	67
sub-2380	186	149	93	168	175	172	182	179	115	141	169	162	156	167	114	132	184	174	120	121	92	85	118	199	75	139	198	165	178	192	170	189	128	160	191	193	183	136	194	190	57	106	197	145	146	138	171	148	110	113	98	103	28	50	48	87	96	99	187	185	144	152	166	154	143	101	76	34	102	140	137	119	164	33	74	131	44	22	71	72	123	90	94	45	40	1	21	150	151	134	88	117	100	124	173	161	135	67	2	27	122	63	83	58	127	158	195	163	155	153	125	147	142	188	159	180	109	200	86	129	78	196	176	30	3	70	23	89	104	181	24	4	97	107	43	80	177	68	46	73	49	25	157	55	35	64	91	112	39	105	5	130	54	51	61	108	56	60	47	62	37	15	29	32	20	16	59	41	52	69	6	7	18	8	38	26	77	66	81	133	95	36	17	9	84	19	65	126	79	10	31	82	116	42	111	53	11	12	13	14
sub-2394	151	61	36	70	150	124	163	178	37	121	106	100	52	110	23	29	172	135	12	4	62	115	42	197	182	72	199	102	169	186	174	184	66	138	93	191	125	3	194	183	25	56	198	126	53	15	156	22	73	55	109	77	49	83	79	11	171	88	21	165	74	69	152	84	195	28	180	128	48	34	134	148	7	51	136	107	177	159	155	90	157	146	87	167	95	108	161	39	41	14	17	64	38	114	120	113	147	16	176	185	31	63	43	122	127	118	144	35	89	54	187	68	154	117	75	190	50	200	189	112	8	196	32	40	94	98	91	97	166	170	26	153	173	24	179	57	141	181	20	1	162	119	160	30	59	80	82	65	130	9	143	46	192	47	78	33	44	67	81	60	85	58	18	6	71	96	133	129	105	10	158	45	131	2	116	149	101	139	5	193	140	145	86	168	188	175	99	76	13	132	123	27	103	164	92	19	137	104	111	142
sub-2403	6	22	31	1	40	11	7	97	100	70	44	21	123	126	93	62	84	63	78	57	152	133	130	199	177	171	197	161	9	4	15	37	67	81	172	187	168	109	110	194	59	79	198	119	125	65	90	50	82	116	89	135	3	5	2	53	55	20	68	91	77	112	138	131	170	102	14	29	26	142	179	58	157	122	41	39	64	76	129	106	193	185	30	8	38	54	105	153	33	95	56	108	120	181	189	159	103	17	134	160	27	88	113	66	48	73	118	164	104	175	124	96	183	192	94	114	154	200	128	51	87	69	60	111	143	166	151	167	188	184	45	117	85	99	46	75	186	174	121	98	49	178	180	86	101	149	139	136	150	80	74	127	92	132	148	144	145	146	141	169	18	16	12	34	36	28	10	147	72	52	47	25	107	35	23	42	173	155	61	13	158	115	156	190	19	165	163	43	162	83	71	32	182	140	176	24	137	195	191	196
sub-4003	175	85	31	80	144	39	164	133	73	38	45	86	15	28	3	6	42	137	8	2	124	89	17	198	146	4	197	51	186	180	37	98	99	94	46	132	65	7	174	112	18	49	199	55	60	110	115	77	64	52	131	70	97	168	62	30	107	53	113	75	67	91	145	156	196	25	178	79	123	19	181	141	36	35	129	59	41	87	10	95	195	135	111	149	140	167	170	192	188	13	116	58	40	150	176	142	172	88	126	154	117	191	118	169	61	134	194	187	5	121	171	96	160	54	16	143	90	200	179	119	1	190	177	9	44	71	47	12	152	43	185	83	155	104	93	68	66	122	22	100	165	26	182	29	32	63	81	23	21	92	27	72	127	57	33	50	74	69	82	136	102	101	48	173	159	153	148	56	24	11	183	120	139	20	34	162	105	189	130	151	125	108	76	14	193	84	106	78	157	138	161	166	128	163	103	114	109	184	147	158
sub-4028	51	49	2	71	104	107	127	179	44	47	134	99	42	55	21	17	111	125	7	1	83	105	9	199	172	23	197	96	58	76	106	133	92	129	150	168	122	35	191	186	14	3	198	131	63	81	170	128	12	25	87	39	64	29	16	19	137	153	165	164	68	62	161	72	196	15	136	80	88	41	180	103	109	40	66	74	162	159	157	20	184	110	93	124	89	117	143	178	141	37	90	32	8	140	176	70	142	53	113	5	77	154	67	91	61	98	192	151	57	100	181	59	158	188	48	189	167	200	173	101	13	36	144	26	52	28	34	97	155	169	102	50	94	73	177	139	132	174	75	95	148	86	163	11	30	10	115	54	119	27	149	121	187	31	4	33	43	46	22	79	45	108	18	152	160	190	146	112	78	6	130	171	145	135	123	138	114	193	60	195	147	120	65	156	183	175	24	38	85	182	116	56	126	118	69	82	84	166	185	194
sub-4060	159	45	27	124	112	108	149	178	64	107	122	54	57	110	43	6	84	83	22	13	96	105	8	198	151	93	197	92	180	156	174	182	41	30	179	164	142	37	177	186	19	2	199	118	80	78	170	128	18	23	15	29	17	48	58	35	153	162	52	157	132	77	73	111	190	33	181	94	87	32	183	85	109	38	138	99	158	143	136	42	189	10	90	154	89	144	152	140	169	40	59	11	3	12	176	135	147	21	148	127	160	56	47	49	76	53	187	126	86	63	146	5	104	165	69	172	163	200	100	75	34	196	175	26	67	44	74	98	137	168	171	141	161	1	123	130	114	185	82	31	62	60	91	36	51	24	117	71	115	28	39	120	188	7	9	66	25	4	46	20	81	79	14	150	65	192	95	129	88	16	166	155	103	116	133	145	70	191	131	195	61	139	72	184	97	173	55	68	121	101	102	106	119	50	113	125	134	167	193	194
sub-4067	170	119	68	84	78	150	177	81	96	141	134	61	93	30	13	17	7	49	5	3	133	113	89	199	179	120	197	104	100	189	155	158	16	19	67	139	10	9	196	154	54	45	198	132	118	18	102	152	26	41	88	66	112	142	97	64	181	40	59	137	70	130	107	147	195	47	172	48	50	86	185	165	37	52	80	111	178	163	146	33	192	91	122	176	140	159	149	186	90	82	24	58	63	105	182	73	127	72	148	173	180	188	117	143	131	110	124	167	129	136	187	39	22	76	74	28	23	200	8	14	6	2	1	69	101	36	42	103	11	174	164	169	161	4	21	35	94	116	27	12	126	92	109	56	65	43	128	114	115	15	151	121	191	38	25	77	71	44	20	135	95	83	62	57	29	99	60	153	53	46	171	166	34	51	157	156	144	194	31	138	168	108	106	175	162	183	32	79	145	160	125	55	87	123	75	85	98	184	193	190
sub-4076	44	65	12	117	143	138	80	14	4	74	111	99	8	104	7	16	156	52	3	1	82	105	47	199	175	54	198	72	96	183	173	132	93	135	160	176	147	66	193	188	19	35	197	15	23	75	163	128	53	9	73	37	60	101	45	27	167	59	168	130	131	68	159	84	192	2	177	125	69	36	180	126	106	29	133	95	140	51	97	63	184	103	85	161	109	149	151	108	150	10	83	46	31	136	172	134	124	55	169	165	21	179	40	127	121	129	11	91	5	18	94	62	146	185	24	171	162	200	178	20	26	196	57	28	70	81	56	89	181	158	152	166	148	79	145	114	90	157	71	86	122	88	142	13	39	41	58	38	22	67	139	112	187	43	49	17	34	42	50	78	48	102	33	144	155	186	118	77	87	6	153	174	141	116	113	115	107	190	120	194	137	119	25	170	182	100	64	32	30	164	110	98	123	154	61	92	76	189	191	195
sub-4094	147	53	15	102	139	149	183	174	44	98	118	84	41	91	16	7	154	112	4	1	46	70	26	199	169	76	197	71	145	172	162	165	50	92	173	185	131	37	195	184	3	13	198	122	48	64	153	67	29	22	61	17	36	86	21	5	144	136	159	158	113	68	141	75	196	8	168	25	82	38	170	111	28	39	101	72	69	79	59	9	188	88	40	137	65	103	142	175	151	18	78	30	12	124	127	85	119	57	164	171	100	177	47	125	108	121	163	134	74	97	160	52	130	166	49	179	150	200	182	83	11	192	90	19	58	63	62	77	176	109	143	152	155	60	135	128	148	181	34	66	157	105	126	6	31	23	93	35	95	54	129	117	187	27	24	33	20	32	10	80	51	43	14	132	161	191	96	116	73	2	138	167	133	123	114	110	81	190	106	194	140	42	56	178	180	87	55	45	99	156	94	104	115	146	89	107	120	186	189	193
sub-4100	160	80	16	123	145	152	185	183	44	113	144	99	50	110	38	45	63	126	34	8	101	100	55	199	170	119	197	95	166	171	172	165	102	138	173	146	149	82	195	188	36	60	198	90	69	88	153	130	53	41	24	21	22	13	61	46	62	169	148	168	120	67	129	118	196	19	73	86	71	48	177	136	103	10	115	78	96	158	150	76	179	137	25	54	124	159	114	174	156	65	93	29	15	85	98	141	23	68	157	178	112	125	91	74	122	134	190	72	94	66	176	77	162	187	59	191	164	200	175	107	49	161	128	6	51	64	37	12	83	116	140	79	163	92	182	142	108	184	87	97	111	18	109	20	35	27	81	58	75	84	121	56	180	32	9	14	17	4	30	106	33	2	5	31	167	193	133	43	26	1	47	42	147	139	135	132	39	192	117	194	154	143	11	104	181	151	28	3	89	131	7	105	52	155	70	40	57	127	189	186
sub-4105	154	70	35	121	143	136	187	169	39	106	127	108	18	90	14	6	112	13	2	1	7	22	20	199	162	116	197	30	180	181	174	161	89	46	167	130	119	56	170	183	10	16	198	37	52	42	140	126	11	41	53	44	32	111	65	21	164	96	163	99	76	69	91	36	196	23	177	88	100	48	175	135	58	34	134	31	172	68	109	79	192	98	84	160	120	147	152	182	124	49	94	17	12	50	9	117	101	67	151	178	148	184	92	131	115	123	189	149	95	110	185	71	155	146	55	153	159	200	137	78	15	97	82	4	60	25	61	5	171	150	165	141	156	77	145	128	139	133	45	83	166	54	157	28	26	19	64	75	57	27	81	93	190	43	33	59	38	51	40	107	66	105	24	142	132	176	74	102	103	3	158	173	63	73	72	125	87	193	86	191	144	85	8	186	168	129	47	29	113	179	118	114	80	138	62	122	104	188	194	195
sub-4114	161	18	26	22	20	62	159	182	46	92	149	17	68	51	52	23	55	105	38	27	94	132	73	199	184	122	197	60	166	174	137	181	42	43	177	189	126	77	194	156	39	71	198	145	100	49	95	146	72	64	118	81	7	16	48	37	155	131	170	136	85	101	164	129	195	45	178	110	114	70	179	133	109	53	102	65	162	160	163	98	190	152	107	148	67	128	112	180	124	58	56	75	40	123	173	41	141	14	175	176	1	4	19	2	3	8	185	117	108	89	168	10	61	127	69	171	165	200	186	88	34	196	169	36	24	99	90	63	115	119	13	12	11	30	138	47	153	183	25	113	154	91	158	44	54	87	120	35	111	57	103	144	187	76	78	80	79	82	83	106	50	15	5	6	33	192	134	142	29	31	147	21	32	130	116	139	125	191	97	193	151	150	96	135	172	167	86	84	66	74	140	59	93	28	104	9	143	157	188	121
sub-4119	57	82	22	122	160	173	142	179	61	78	114	70	40	71	43	13	126	121	19	6	37	52	3	197	92	86	195	1	95	51	89	185	84	91	105	188	146	85	196	34	2	5	198	123	66	32	98	135	10	16	77	55	74	106	20	23	54	116	161	182	147	24	162	9	145	25	60	139	102	62	130	154	104	49	138	107	155	157	165	18	184	29	99	83	63	59	101	167	169	21	96	14	31	109	58	140	164	64	108	103	112	181	65	132	134	79	190	156	87	118	186	73	150	191	42	192	171	200	175	81	11	199	158	26	46	15	44	50	168	153	170	177	166	76	178	110	117	176	38	94	180	90	131	17	8	30	111	75	97	4	137	88	151	39	48	45	56	53	27	68	72	119	35	152	124	193	148	12	47	7	174	143	113	144	41	93	125	189	136	194	163	115	67	159	187	120	36	28	33	149	133	69	100	172	129	127	80	141	128	183
sub-4148	156	54	26	94	144	154	18	85	63	24	105	110	50	124	51	39	150	135	27	12	43	2	30	199	157	81	197	93	92	187	103	175	121	91	67	131	122	87	193	189	3	34	198	79	84	88	169	146	58	62	116	71	65	111	74	5	97	173	178	177	40	95	165	134	195	29	160	127	113	61	180	64	82	17	148	118	11	76	78	75	190	136	112	115	128	49	167	184	142	45	28	25	52	109	179	68	98	7	172	163	4	182	108	130	125	129	161	159	37	22	145	55	153	147	47	191	171	200	104	102	41	196	166	9	101	23	38	119	183	158	48	106	143	21	83	151	31	86	107	57	164	126	77	10	13	14	132	32	44	100	155	137	168	1	46	73	72	16	69	120	90	36	6	8	174	192	152	53	70	19	149	181	140	89	138	139	117	186	114	194	59	35	15	170	188	33	66	80	123	176	133	99	56	141	42	20	60	96	162	185
sub-4149	53	108	42	141	99	55	19	109	40	127	97	35	58	52	30	31	34	41	27	17	142	156	125	199	190	155	197	76	51	70	178	91	39	98	143	110	54	100	111	184	77	122	198	49	45	48	173	116	118	93	128	92	14	136	9	87	171	154	104	129	63	56	177	137	194	67	189	168	90	75	121	74	65	117	170	33	69	47	44	119	167	165	133	183	169	182	174	159	123	88	105	112	68	64	179	147	140	11	187	191	3	6	12	4	1	7	21	20	62	79	72	60	114	151	36	94	73	200	78	22	23	26	43	95	138	153	150	157	192	152	8	16	28	25	163	89	146	80	37	66	32	172	158	82	96	130	83	50	29	24	181	132	180	124	135	103	84	126	85	120	71	102	10	5	160	106	13	166	145	61	176	185	148	164	113	144	131	162	57	15	59	18	115	186	101	38	107	134	139	188	161	81	149	86	46	2	175	193	195	196
sub-4162	24	84	120	33	1	15	2	80	121	117	76	92	137	145	134	159	131	195	163	143	59	36	83	198	3	39	111	74	4	5	6	17	62	31	19	45	44	67	68	28	75	118	53	89	148	189	18	60	69	151	170	166	95	57	64	77	7	30	26	16	168	42	22	8	27	126	35	48	65	54	37	93	55	79	38	58	106	56	66	144	104	147	114	34	29	9	10	99	108	73	178	123	88	119	70	40	122	81	11	12	21	25	158	61	41	112	142	132	124	105	141	127	162	173	180	193	186	200	174	191	157	199	192	103	94	136	82	171	155	167	23	13	96	183	78	187	146	130	188	190	179	49	85	107	102	153	176	175	154	184	128	109	152	164	110	160	172	177	165	129	156	91	52	43	194	139	161	72	63	133	100	50	185	196	115	98	116	87	197	150	140	125	90	86	97	71	169	181	135	46	149	182	113	138	101	47	51	14	20	32
sub-4168	68	139	28	151	171	137	64	88	50	17	8	138	66	170	71	117	195	158	123	115	3	11	1	199	102	4	198	153	74	60	52	140	179	189	51	109	192	188	131	61	7	14	197	100	57	164	159	82	12	18	76	35	78	89	36	34	112	132	118	155	130	37	79	30	125	80	107	156	182	49	58	81	176	63	113	65	72	172	126	23	104	27	84	56	85	41	150	92	184	48	187	43	45	124	99	166	32	106	96	20	33	160	39	152	146	133	93	55	25	22	97	174	183	144	87	186	149	200	194	173	134	196	190	9	127	24	19	67	42	122	105	110	136	185	143	168	98	94	154	178	142	38	191	21	16	5	86	70	73	181	162	101	145	44	13	10	31	47	6	75	128	91	46	108	157	114	119	62	53	29	121	147	193	167	175	177	90	163	169	161	83	135	2	69	141	77	15	40	59	129	111	165	120	180	26	54	116	95	103	148
sub-4175	149	110	32	145	163	178	189	185	72	117	74	124	53	128	12	26	180	91	68	56	37	70	65	199	108	89	198	40	122	130	120	187	126	157	142	192	171	123	102	152	28	57	197	134	13	30	176	109	27	3	50	29	5	52	2	36	147	182	174	175	80	47	97	19	113	9	186	150	60	4	73	49	139	54	160	59	103	166	121	81	88	79	31	133	62	107	170	82	119	1	43	55	7	94	16	162	78	83	125	132	136	138	85	137	146	140	190	164	64	106	131	90	168	161	44	193	177	200	188	71	75	196	183	18	100	92	67	17	127	87	141	105	154	104	184	155	135	191	116	129	96	63	33	11	20	23	76	95	101	84	151	41	173	21	39	10	35	61	45	25	69	58	14	115	179	194	118	34	15	24	112	156	165	158	77	38	6	181	98	195	111	143	93	153	144	114	46	22	48	159	66	99	51	172	8	86	42	148	169	167
sub-4176	115	123	80	135	164	102	97	150	77	121	51	137	13	141	32	34	168	61	36	20	55	75	8	199	104	11	198	98	72	129	142	94	147	171	136	106	181	110	84	169	16	5	197	40	3	53	188	54	6	9	47	42	120	73	111	56	149	175	189	174	48	39	78	37	138	14	162	114	132	33	107	165	108	31	158	44	58	145	126	26	154	18	82	173	109	60	131	133	178	30	70	45	12	128	112	152	93	81	118	87	143	193	139	161	151	167	186	119	116	74	183	124	159	117	35	105	157	200	190	71	76	196	185	49	125	19	7	95	103	91	153	160	187	99	192	148	69	155	127	79	86	52	122	50	59	25	15	17	134	68	166	29	41	23	4	10	24	57	27	65	130	100	90	64	177	182	46	66	38	2	172	179	163	170	88	144	21	92	85	89	156	146	28	176	62	96	22	1	43	191	140	113	83	180	67	63	101	184	195	194
sub-4177	137	67	25	121	156	130	186	181	58	37	21	114	42	24	3	14	159	140	22	12	88	80	19	199	183	38	197	85	149	184	176	39	75	144	92	17	153	86	187	185	8	5	198	20	32	93	161	141	15	18	111	62	71	142	65	30	150	124	63	81	64	68	89	106	195	2	179	138	102	33	162	54	115	36	146	61	119	11	96	83	191	148	82	152	128	45	163	180	155	51	97	29	40	147	157	131	112	72	57	167	171	182	101	108	136	129	194	169	69	95	134	46	91	193	31	170	55	200	151	105	26	77	172	35	73	41	44	103	189	168	160	166	66	48	28	126	123	13	87	104	158	90	60	7	23	27	47	6	43	79	143	118	190	53	34	4	50	49	70	113	84	122	10	107	109	9	127	99	52	1	165	175	135	117	145	110	94	192	139	178	78	76	16	154	174	100	56	59	133	177	98	120	125	164	74	116	132	188	173	196
sub-4179	43	87	38	130	160	168	143	154	25	110	148	80	55	113	34	23	85	100	16	8	68	11	4	199	70	7	198	35	176	101	144	183	72	132	103	189	150	91	195	135	15	6	197	138	81	86	120	111	14	40	76	37	61	140	27	32	52	179	169	170	119	10	139	29	196	13	73	39	88	12	180	107	93	18	92	112	177	165	164	63	191	94	46	136	60	102	77	185	171	57	104	28	5	109	44	84	128	74	145	90	155	184	106	146	125	105	127	167	53	95	122	75	161	156	71	192	174	200	188	114	33	193	178	26	62	49	17	3	162	141	20	158	133	97	173	131	175	182	96	89	153	50	163	31	51	21	123	56	78	79	152	45	58	30	22	42	24	41	65	59	66	116	2	117	124	166	67	98	83	9	172	1	142	147	64	118	19	137	134	194	149	157	36	108	186	159	47	54	99	181	82	121	48	151	69	115	126	190	187	129
sub-4188	13	63	70	27	15	5	7	14	36	81	40	45	84	175	143	133	125	181	88	86	98	166	135	199	113	158	198	173	9	6	12	30	55	139	187	117	121	132	68	186	95	104	197	83	92	141	67	123	112	119	108	118	16	1	17	66	10	41	69	53	42	160	164	179	90	105	2	46	93	156	183	62	99	153	61	35	79	60	78	130	191	185	28	3	22	21	50	194	142	59	34	114	128	184	192	37	144	33	51	43	23	71	170	97	29	57	180	145	138	154	155	106	188	195	107	178	116	200	91	151	111	80	85	122	137	109	165	171	196	190	24	26	25	127	163	101	189	147	87	149	77	94	146	64	49	140	96	103	75	129	44	167	193	134	152	115	110	126	120	150	47	11	82	38	39	162	72	174	159	100	8	4	52	58	176	89	177	168	124	131	136	74	102	32	65	54	169	157	172	18	19	148	182	31	161	20	48	76	56	73
sub-4200	170	12	7	27	58	51	189	179	35	131	162	1	90	3	2	14	28	136	16	13	117	150	39	198	159	149	25	18	143	188	152	182	38	80	76	175	24	61	197	22	46	83	199	97	57	49	108	160	47	79	123	94	11	115	73	44	116	167	174	163	114	125	121	127	194	54	81	31	29	48	181	147	105	56	21	113	104	139	172	64	191	135	107	98	134	169	62	177	176	85	45	88	67	87	158	4	148	112	171	173	178	36	23	99	119	5	193	151	122	142	187	82	42	32	101	118	71	200	190	30	10	59	180	41	34	75	109	20	146	26	164	110	70	50	185	15	140	63	72	17	106	52	43	55	77	69	145	78	153	100	19	124	195	53	86	93	84	92	89	126	91	133	40	165	9	161	128	95	132	33	156	96	8	137	74	68	138	129	141	103	65	166	111	186	183	102	120	66	130	184	144	155	60	6	37	154	157	192	196	168
sub-4224	110	9	3	95	87	142	136	179	32	100	70	97	45	83	12	4	158	108	14	7	50	89	24	199	175	111	198	60	177	182	166	172	73	86	170	190	146	65	188	187	6	26	197	106	67	76	157	117	33	34	90	43	66	125	17	13	163	144	151	98	53	74	150	114	196	18	147	42	84	39	178	140	96	40	51	91	141	126	143	62	173	120	78	153	103	138	21	176	129	41	75	25	28	119	152	29	145	37	159	174	164	180	27	38	93	116	186	23	69	30	59	56	130	169	55	185	154	200	165	82	19	195	168	5	54	16	35	68	183	156	160	149	115	71	135	44	94	167	72	81	162	80	134	1	2	31	104	58	107	61	133	124	189	22	20	49	46	48	36	88	8	101	15	109	47	191	132	121	85	10	155	161	92	128	127	139	102	192	77	193	112	137	63	181	184	131	64	52	99	171	105	113	122	148	57	11	118	79	123	194
sub-4234	123	71	44	126	151	137	107	165	43	117	131	77	52	112	46	31	168	41	17	14	22	21	40	199	184	53	197	62	97	170	173	110	92	108	182	192	61	5	193	120	33	30	198	118	82	18	164	138	65	55	84	13	1	15	9	36	158	83	26	172	51	90	76	106	167	28	181	121	104	67	185	148	6	56	73	102	145	155	125	58	190	146	63	160	119	147	161	162	153	42	10	35	27	142	139	129	122	20	180	150	87	177	98	124	86	74	159	100	88	95	187	80	140	143	78	79	154	200	189	47	24	196	178	7	57	75	70	94	130	114	19	91	103	72	179	38	166	169	81	25	174	99	156	32	50	59	89	48	128	39	141	136	191	68	54	49	3	37	11	60	16	4	2	29	175	183	115	135	101	12	93	134	144	85	111	113	96	157	8	194	132	149	69	186	188	176	66	23	109	163	64	34	133	152	105	45	127	116	171	195
sub-4254	164	72	52	98	153	154	168	185	60	111	82	110	15	70	11	3	107	131	31	22	63	108	7	199	184	1	198	26	23	127	178	114	105	143	157	65	152	90	183	181	10	16	197	41	53	93	166	117	13	5	33	43	28	49	62	40	172	174	171	66	57	88	50	30	186	4	177	133	99	64	182	89	115	17	142	61	76	137	123	25	189	71	81	151	121	104	161	179	129	38	95	18	29	84	156	140	86	9	158	169	173	138	58	141	130	122	190	160	101	116	162	80	12	35	39	148	68	200	20	74	44	196	77	47	91	42	54	78	188	144	155	165	170	94	79	85	163	37	92	102	75	118	159	34	27	36	96	24	51	87	147	125	187	48	14	8	46	19	32	97	45	119	55	106	175	135	56	100	69	6	134	149	146	139	136	150	109	192	132	193	59	145	67	180	167	128	21	2	126	176	124	112	103	113	83	73	120	191	194	195
sub-4262	173	191	189	193	131	135	95	199	172	196	197	190	119	153	180	183	145	182	134	149	117	164	146	194	157	136	171	181	1	2	113	65	89	105	69	61	106	55	168	101	160	166	176	75	122	148	85	138	178	156	175	140	59	3	96	147	4	78	58	79	128	126	185	137	179	158	41	109	167	51	142	141	49	184	124	154	104	39	77	144	161	155	132	57	103	108	162	129	143	130	151	187	118	163	198	90	165	67	115	127	42	47	174	159	44	123	188	150	195	177	152	121	82	186	111	170	36	200	110	100	91	133	139	98	112	93	84	120	116	125	5	6	7	8	9	10	11	12	13	14	66	15	56	114	72	97	102	50	16	92	17	18	63	87	86	99	60	107	76	48	88	19	53	20	21	22	43	46	74	169	23	24	80	34	40	38	25	26	62	81	73	27	70	35	54	28	94	192	29	30	64	45	83	31	71	32	52	68	33	37
sub-4272	90	98	33	91	136	177	85	107	65	69	94	140	83	143	80	81	166	139	68	59	23	49	9	199	122	11	198	117	72	159	87	183	141	157	189	193	179	100	196	137	26	6	197	162	66	123	182	42	2	39	67	21	24	44	113	71	114	173	186	185	149	7	63	48	191	12	99	151	103	40	55	138	144	30	154	73	126	169	178	4	77	43	28	96	47	104	152	86	171	45	132	22	5	29	3	155	102	50	109	164	111	148	105	106	119	147	187	167	57	58	125	118	180	133	112	194	174	200	192	124	78	175	188	10	60	38	36	51	25	134	93	110	160	131	181	145	158	190	115	135	170	16	108	74	19	1	128	101	156	120	153	52	84	14	15	53	17	37	20	62	75	8	41	70	172	195	121	61	31	13	79	95	168	163	88	150	18	92	142	184	97	165	35	116	146	130	34	64	56	89	32	129	46	176	54	76	27	82	161	127
sub-4277	177	127	1	146	117	148	183	141	74	40	121	108	2	52	47	8	111	46	12	63	11	20	55	199	86	68	66	18	191	195	118	158	94	83	21	165	161	89	147	85	22	48	198	113	4	29	149	103	91	70	79	124	125	132	51	32	190	174	143	153	135	109	172	133	197	33	193	71	115	106	178	128	142	44	155	59	77	31	151	100	186	157	150	189	38	176	162	82	25	62	26	122	95	170	184	81	101	116	107	167	180	159	53	130	75	57	194	163	76	42	192	140	27	7	24	129	160	200	105	15	10	3	145	5	16	35	37	78	92	13	185	45	154	23	188	87	28	152	123	90	58	36	112	41	43	96	17	19	14	64	104	97	138	120	93	73	131	126	134	139	137	164	88	175	182	196	72	69	65	50	187	181	136	98	39	49	156	171	54	102	166	34	30	114	61	6	144	119	56	67	169	9	173	110	99	168	80	179	60	84
sub-4278	160	65	25	127	147	163	138	178	68	73	119	118	52	101	38	27	59	129	10	13	95	89	45	199	161	113	197	107	151	179	148	166	9	77	173	189	40	48	195	185	24	53	198	109	79	87	146	131	47	51	63	58	19	128	18	26	170	152	122	134	132	20	139	81	196	6	106	90	100	41	143	142	34	14	103	112	153	15	37	85	187	149	70	86	124	154	155	169	171	46	97	62	21	115	172	137	93	42	156	177	167	175	102	117	125	111	188	164	96	91	176	72	159	192	71	190	145	200	92	108	12	49	43	30	39	99	82	16	181	158	136	168	144	23	150	83	141	184	31	57	165	114	162	22	32	69	116	60	56	78	84	61	174	64	55	54	66	67	74	88	11	3	1	7	35	182	140	105	94	2	8	5	17	76	110	121	104	193	126	180	130	50	29	157	183	44	80	4	98	36	33	135	75	120	123	28	133	186	194	191
sub-4290	83	53	54	140	137	172	192	148	95	111	125	134	50	130	92	69	179	144	74	60	94	84	64	199	180	101	178	13	133	100	173	184	126	145	186	195	169	110	198	194	51	20	190	120	55	122	167	35	28	77	75	86	72	152	73	88	182	183	162	154	147	63	129	52	177	57	188	118	38	41	47	131	135	105	143	46	127	49	163	61	115	150	123	141	107	151	171	146	68	81	78	25	4	66	112	160	139	97	181	164	176	189	44	157	149	136	121	153	98	106	155	114	161	80	102	185	158	200	193	113	89	197	174	5	8	24	22	70	99	93	170	156	175	103	187	159	138	191	96	124	82	34	90	18	7	21	58	85	142	76	108	119	56	43	15	79	37	67	11	62	27	14	1	42	165	196	87	32	29	45	2	10	36	109	23	65	30	48	26	33	166	116	91	71	31	132	12	39	6	3	104	9	117	168	128	19	16	17	40	59
sub-4292	166	3	4	20	19	94	192	180	90	133	165	28	36	38	10	12	116	105	31	16	132	128	66	120	181	57	106	8	85	93	74	186	127	124	92	79	154	63	157	148	32	80	196	77	86	114	107	121	61	43	67	102	56	112	99	58	55	150	182	172	164	118	103	109	146	50	7	84	137	73	167	171	72	34	81	134	188	158	170	119	156	145	98	136	151	169	88	190	175	69	51	48	21	70	168	23	163	65	173	126	183	131	2	1	13	29	197	177	129	143	176	27	135	59	11	35	47	200	162	123	60	185	104	49	97	117	62	25	44	30	95	139	54	24	160	6	71	26	83	46	184	39	174	64	78	75	41	42	96	122	45	110	195	91	89	15	101	37	108	141	111	9	40	68	33	194	140	115	113	18	161	5	17	152	153	147	125	198	138	199	149	144	52	76	191	187	53	22	87	178	100	82	130	14	142	155	159	179	189	193
sub-4294	114	100	90	196	19	39	95	87	80	73	79	46	96	99	102	155	91	152	78	113	149	92	146	200	68	118	153	161	59	71	15	13	6	8	77	69	45	51	109	63	94	131	154	66	121	97	12	122	126	166	171	138	7	42	31	144	52	1	17	16	75	160	177	132	86	167	30	33	101	137	193	11	34	112	44	162	53	32	21	176	188	136	93	50	107	64	43	181	172	156	104	141	128	170	165	26	82	74	36	37	158	117	65	98	123	70	148	129	111	157	72	55	2	28	105	10	5	49	3	61	40	41	22	159	85	174	133	115	127	62	106	140	57	23	20	24	29	4	38	25	110	60	119	89	142	150	184	120	48	125	84	195	199	145	180	163	147	139	173	169	47	56	18	58	27	9	183	130	191	103	116	76	88	81	189	135	143	197	175	194	54	14	182	185	198	35	164	178	190	151	134	179	192	124	83	67	187	186	168	108
sub-4309	139	75	27	118	145	163	162	96	28	47	66	100	46	98	41	16	153	114	14	9	82	113	20	199	182	58	198	56	177	188	174	180	84	103	117	178	149	74	190	101	6	12	197	122	53	40	141	125	49	8	33	10	18	64	1	15	166	170	160	144	112	86	140	85	194	11	159	123	88	44	87	129	97	34	132	92	176	134	152	60	38	89	50	127	104	154	130	94	150	23	65	7	4	81	133	120	78	42	121	186	171	181	90	128	105	126	191	70	22	57	185	71	146	187	62	195	165	200	155	91	32	173	124	37	79	35	72	51	136	109	161	167	164	48	142	106	135	183	67	83	169	102	147	19	17	26	68	55	108	39	138	76	179	25	31	21	2	3	30	36	43	107	45	143	151	157	131	80	73	13	158	168	111	116	95	137	24	77	69	196	93	110	61	184	175	148	54	5	29	172	59	119	63	156	52	115	99	189	192	193
sub-4324	1	78	24	20	23	2	87	53	181	72	3	4	68	81	37	5	108	6	89	94	190	185	146	93	160	135	50	7	51	47	28	61	84	62	67	113	66	115	8	121	57	139	99	162	142	9	92	166	132	195	110	172	10	11	12	127	41	36	107	105	32	151	152	46	25	187	49	40	85	154	178	43	123	199	45	125	111	136	129	194	186	198	33	31	100	98	116	200	167	174	70	88	153	164	170	54	165	90	104	65	29	73	34	19	60	13	101	196	38	134	14	63	83	15	58	44	157	35	118	16	155	82	117	169	138	177	183	122	173	52	109	71	75	128	126	106	91	124	137	159	17	103	18	64	149	156	131	141	150	26	77	176	175	168	180	182	158	161	171	163	27	39	21	143	55	119	30	48	120	192	69	42	112	96	147	22	188	189	79	74	102	140	179	59	114	97	193	197	184	76	56	144	191	95	148	133	145	130	80	86
sub-4335	105	145	42	164	179	138	159	119	100	125	38	130	3	129	8	21	148	25	17	24	113	116	53	199	184	80	198	70	71	150	176	34	83	124	95	88	97	19	54	180	55	81	197	37	6	9	174	43	62	36	87	29	7	94	26	56	186	51	44	68	22	28	78	2	158	27	162	134	103	49	122	90	67	89	76	45	40	73	23	72	192	102	128	143	112	115	165	157	191	18	64	117	32	151	126	170	140	91	155	63	152	194	99	178	172	135	171	175	50	96	84	156	149	188	12	127	142	200	163	5	11	196	120	52	160	123	118	147	193	169	167	177	108	75	114	48	131	109	16	59	31	77	111	82	58	79	41	1	14	35	153	107	166	30	47	10	33	74	61	110	121	141	13	144	85	183	4	93	65	39	132	189	181	57	133	92	104	185	46	86	101	20	106	154	137	15	60	69	98	161	168	146	173	187	66	136	139	182	190	195
sub-4343	44	71	10	99	125	176	79	64	177	84	68	153	26	160	140	134	185	116	82	106	183	39	37	199	102	132	198	81	164	111	9	129	97	139	148	73	117	103	19	108	149	146	197	86	56	23	179	161	104	98	169	95	12	21	17	107	20	3	8	69	36	62	14	4	16	131	7	11	29	114	190	136	128	51	1	18	45	118	59	138	188	154	109	6	31	5	13	100	93	42	65	91	24	112	175	57	178	41	25	2	47	181	74	186	171	174	192	170	155	162	195	147	150	77	87	180	172	200	193	167	66	96	191	63	115	126	58	156	187	49	76	94	113	145	50	52	130	122	168	144	67	34	105	110	89	101	75	78	61	85	80	70	165	163	28	90	27	121	123	135	92	33	53	35	46	141	158	15	88	60	137	184	152	72	157	133	30	143	40	43	196	159	22	151	166	38	48	119	54	173	127	55	124	194	120	32	83	142	189	182
sub-4349	147	63	54	117	153	138	139	106	11	90	72	128	21	96	55	40	167	118	22	18	26	93	70	199	180	136	198	103	171	179	172	124	104	144	173	190	151	100	192	189	36	60	197	25	7	52	163	65	20	31	69	59	94	111	44	19	135	127	169	165	145	6	33	67	187	42	175	141	49	15	152	34	89	53	150	121	108	23	81	24	176	37	109	161	66	114	160	112	168	3	48	27	8	2	4	149	101	58	166	183	140	182	113	142	134	143	191	120	92	122	119	56	146	181	32	194	129	200	178	123	30	158	170	10	47	76	105	80	188	155	156	84	126	79	184	97	164	186	29	115	162	132	102	45	50	83	14	68	73	51	154	78	174	61	13	5	75	43	38	99	98	107	64	91	125	193	131	87	57	9	17	1	110	46	116	86	133	195	77	185	85	62	28	82	148	35	39	16	95	12	137	130	41	157	71	74	88	159	177	196
sub-4350	112	51	2	122	144	158	186	182	47	108	99	100	50	104	22	14	135	126	4	3	59	101	41	199	175	105	197	85	124	154	147	185	94	139	142	181	157	72	196	17	11	33	198	125	62	69	57	134	40	38	45	9	1	27	19	18	53	176	177	170	137	55	159	110	195	13	152	86	92	44	184	148	103	32	131	95	68	140	161	70	190	129	29	109	43	93	81	164	172	39	82	16	24	136	149	133	155	46	153	106	156	116	75	120	91	127	169	171	31	76	173	63	160	191	61	193	166	200	189	84	15	35	162	10	23	83	77	54	128	167	89	119	141	80	183	138	20	187	66	74	168	25	163	12	37	8	118	36	123	30	49	130	67	26	52	56	21	28	42	97	64	88	6	145	174	194	90	71	96	5	73	87	121	107	132	150	98	178	115	188	111	143	60	102	146	179	78	58	34	79	65	48	113	151	117	114	7	180	192	165
sub-4351	174	128	23	137	176	155	182	92	85	50	15	38	95	139	78	55	163	101	52	59	26	119	61	199	183	162	198	124	177	189	178	191	144	165	188	195	164	117	196	180	32	109	197	106	136	111	152	129	90	107	133	105	36	44	7	27	173	179	172	186	84	135	175	149	113	58	64	115	122	103	156	18	150	104	134	29	160	140	142	123	132	170	25	63	40	120	171	98	102	97	71	112	88	154	141	96	138	82	166	169	159	153	76	157	147	94	194	145	79	108	74	60	185	158	110	187	181	200	193	72	81	126	161	8	48	56	45	47	168	118	9	75	99	28	184	167	77	190	125	130	34	51	33	11	3	41	146	93	80	116	43	54	131	86	22	114	89	69	91	49	17	4	57	14	68	192	39	10	53	62	2	1	70	151	35	13	148	143	83	16	31	73	24	37	46	30	100	121	65	5	12	19	66	67	87	20	6	21	127	42
sub-4352	20	78	22	8	62	14	118	174	55	11	69	45	51	92	30	15	143	76	1	6	82	91	29	199	179	112	198	73	175	97	130	114	33	131	173	186	124	80	193	183	12	41	197	122	48	25	133	136	32	24	103	36	64	137	47	21	37	168	166	154	119	83	156	101	195	2	172	125	28	40	176	67	107	16	138	90	171	104	147	74	185	110	77	111	109	89	151	177	157	10	70	38	23	139	161	94	145	72	134	159	162	178	81	135	63	42	190	160	52	31	153	4	26	188	57	167	123	200	180	88	3	196	150	13	75	85	35	59	184	152	158	84	39	65	170	102	132	181	61	95	155	115	146	18	27	54	96	17	121	53	140	68	187	50	56	19	34	43	58	98	71	108	7	148	46	192	93	129	44	5	149	116	144	113	126	100	105	191	99	189	142	141	9	163	164	169	87	49	86	165	60	127	117	106	79	120	128	66	182	194
sub-4382	151	53	2	106	136	123	165	100	38	88	111	80	50	91	28	14	158	25	10	1	73	66	43	199	170	109	197	82	162	180	168	177	86	102	167	184	4	59	194	181	15	26	198	121	41	34	155	7	39	36	46	18	55	124	58	22	161	103	153	148	32	49	145	79	193	16	166	115	54	30	154	129	95	48	122	19	97	144	140	9	187	118	81	128	107	141	146	173	152	5	24	40	23	125	164	104	135	62	147	169	160	175	76	120	114	119	190	90	60	96	174	67	143	188	42	189	139	200	171	33	3	196	163	8	69	78	68	89	182	149	132	157	159	44	176	84	156	178	71	52	93	98	127	21	29	56	87	63	99	11	131	74	133	31	47	37	13	35	27	83	65	94	20	137	101	191	12	110	51	6	138	77	130	116	17	105	75	185	45	186	126	134	64	179	142	113	61	57	72	172	112	70	117	150	108	85	92	183	192	195
sub-4384	147	60	7	115	125	167	186	149	34	117	141	111	12	81	48	31	118	58	1	22	5	21	14	198	184	93	192	63	131	120	110	179	104	142	158	191	161	41	197	187	16	38	199	36	13	39	169	132	52	2	91	68	90	82	57	37	129	166	175	176	114	100	148	64	196	26	112	128	79	70	183	151	87	62	130	95	139	43	124	46	193	54	102	170	80	157	162	152	143	32	44	53	51	99	174	123	159	84	180	164	171	168	56	88	107	133	190	25	83	45	185	85	28	94	30	73	137	200	106	42	6	11	66	4	59	29	27	72	178	71	173	150	165	97	136	140	105	49	19	67	156	98	116	8	15	40	10	33	20	17	144	138	182	35	61	9	65	47	24	113	86	69	55	146	177	153	77	92	96	23	160	172	135	127	101	119	122	189	18	76	154	109	75	145	89	163	50	3	126	181	121	74	134	155	108	78	103	188	194	195
sub-4387	17	1	3	8	14	36	185	98	58	115	76	82	50	47	51	40	74	106	63	42	160	79	61	158	191	43	96	81	32	11	5	197	164	105	120	130	73	67	200	118	94	127	109	178	38	114	187	112	137	141	151	28	89	24	78	60	12	174	143	119	172	110	189	173	198	91	7	171	90	121	131	138	111	132	56	125	194	186	162	44	65	167	59	2	15	13	150	188	180	23	103	122	116	183	175	30	181	159	16	37	34	22	4	9	27	53	161	88	29	155	192	156	35	123	49	64	124	99	54	144	62	97	41	69	163	52	46	39	57	75	19	18	152	166	133	93	45	179	104	85	193	71	140	117	83	68	77	33	139	148	168	170	107	55	129	31	21	153	66	113	126	25	135	108	196	80	48	102	157	128	6	10	184	86	70	84	136	95	147	199	142	149	134	190	169	195	165	146	145	20	92	182	154	100	176	177	26	87	72	101
sub-4399	138	11	15	42	74	155	183	180	45	96	130	89	38	85	13	9	147	80	5	1	78	98	31	199	176	93	198	64	167	178	154	87	40	124	86	172	111	24	191	170	6	33	197	28	4	66	157	75	35	7	84	39	47	122	22	12	165	102	152	108	123	60	146	82	195	3	173	52	55	34	169	57	23	32	114	83	144	132	94	49	184	139	72	142	88	126	149	175	140	18	73	30	16	113	164	127	143	48	168	181	160	159	76	25	77	121	185	163	71	90	179	50	137	182	37	188	109	200	112	79	8	196	100	19	61	56	62	69	161	151	156	135	150	67	141	91	68	158	65	51	162	101	153	10	26	29	63	21	106	53	134	120	189	36	46	14	43	44	41	59	58	97	17	136	166	186	125	103	81	2	129	148	128	118	107	27	95	190	117	193	133	131	54	174	177	145	70	20	92	171	99	116	105	110	104	115	119	187	192	194
sub-4400	150	49	5	15	129	147	181	169	2	84	127	63	29	55	12	3	90	56	7	1	83	101	22	198	178	95	199	64	171	165	158	173	81	116	170	186	68	52	194	184	9	23	197	104	58	48	86	92	32	14	80	26	45	94	30	8	134	161	156	163	107	69	119	89	196	13	174	99	76	28	175	128	85	16	120	50	121	141	125	59	188	132	65	154	93	140	142	122	98	17	51	27	10	72	151	123	115	54	168	131	144	179	40	100	108	114	191	145	60	79	180	46	73	183	25	189	153	200	172	71	11	185	166	21	34	70	47	77	182	110	157	159	149	62	177	126	155	176	57	24	160	106	67	4	18	41	88	36	109	38	124	112	187	20	37	31	35	33	43	75	61	82	19	135	164	190	44	53	78	6	143	117	130	91	118	137	97	193	111	139	138	136	39	133	148	152	66	42	105	167	103	113	87	146	96	74	102	162	192	195
sub-4401	165	94	11	89	154	108	181	186	44	112	77	115	51	111	9	4	157	114	10	3	118	97	7	199	177	90	197	28	160	182	178	35	56	101	170	168	107	46	99	187	14	13	198	129	75	21	173	150	23	50	116	43	93	147	73	20	175	2	127	17	79	103	152	54	193	30	183	144	110	62	184	31	6	38	113	120	78	166	12	67	192	156	106	171	124	57	169	158	142	55	104	61	36	151	172	125	153	96	122	52	167	179	68	80	76	53	190	174	19	60	59	34	164	188	83	159	98	200	161	70	18	196	133	45	95	39	16	74	185	162	155	48	29	5	71	15	123	117	32	26	81	58	126	22	40	37	132	84	130	88	148	146	191	47	25	49	42	64	63	121	85	65	41	143	27	163	105	119	33	8	131	139	102	141	138	140	82	194	128	195	1	24	86	92	176	69	66	72	134	180	137	135	145	136	87	91	109	100	149	189
sub-4404	69	165	121	80	26	4	15	192	82	169	77	56	71	25	50	11	31	2	70	66	151	178	140	199	150	100	182	22	19	64	95	18	16	52	59	20	14	28	1	90	68	145	118	117	158	21	48	146	137	106	143	156	12	5	3	72	109	46	61	41	6	124	154	29	10	127	8	45	40	104	186	17	44	111	47	83	97	96	60	163	193	167	42	9	55	57	75	194	129	149	43	99	120	128	131	23	101	36	113	134	162	190	161	185	93	114	198	184	171	173	179	87	188	123	86	195	164	200	177	13	94	65	183	139	79	172	170	126	196	189	98	187	30	24	67	33	191	180	51	84	7	135	49	103	122	153	142	166	144	35	105	152	176	130	159	141	157	138	160	175	58	39	27	37	62	76	38	108	102	112	53	73	85	110	168	34	181	197	91	81	78	92	147	74	115	125	148	89	174	88	136	133	155	63	132	32	116	54	119	107
sub-4414	1	2	140	3	4	5	6	7	8	9	10	11	152	175	196	183	188	148	189	194	12	13	14	15	16	17	180	142	18	19	20	21	22	126	23	24	174	182	25	26	27	28	29	135	30	161	31	177	32	33	34	35	36	37	38	39	40	41	42	43	44	132	45	46	47	121	48	49	167	147	165	50	156	51	52	134	53	54	55	56	122	57	58	59	60	61	62	63	133	64	149	65	66	143	157	67	68	69	70	71	72	73	169	74	75	128	138	76	153	77	129	179	181	191	178	193	185	200	198	184	195	197	199	78	154	79	80	176	150	190	81	82	83	170	84	141	127	85	187	192	130	86	172	87	88	89	90	159	137	162	131	151	186	91	92	93	94	95	96	136	97	98	99	100	101	102	160	103	125	124	104	105	146	139	166	173	123	164	145	163	158	155	106	107	171	108	109	110	111	112	113	144	168	114	115	116	117	118	119	120
sub-4415	171	189	200	194	94	147	112	197	199	181	161	196	125	137	162	195	157	1	176	193	116	143	168	154	146	113	158	159	2	3	4	95	110	139	115	127	131	150	5	6	155	179	169	141	100	96	7	167	174	103	180	170	8	9	10	184	11	12	124	132	13	191	188	140	14	149	15	138	134	173	177	101	144	122	128	16	105	108	148	145	160	17	18	19	118	133	165	153	166	121	20	183	187	198	190	117	163	114	99	106	21	22	23	24	25	26	164	156	185	192	151	182	27	135	28	136	142	172	29	30	186	175	126	97	31	32	123	33	34	35	36	37	38	92	39	119	40	41	130	129	42	43	44	107	45	46	47	48	49	50	51	52	53	54	55	56	57	58	104	109	59	60	61	62	63	64	65	66	67	178	68	69	70	71	72	73	74	75	76	77	120	98	78	79	80	81	82	152	83	84	85	93	111	86	102	87	88	89	90	91
sub-4417	153	36	20	109	130	106	184	108	3	39	125	80	52	83	22	29	152	67	17	14	50	79	46	199	155	118	198	92	135	175	156	34	19	129	176	189	151	6	190	185	23	40	197	131	26	88	147	126	31	13	54	53	77	124	28	21	159	143	76	170	127	48	120	47	171	1	173	111	64	25	149	99	18	2	89	91	158	116	30	74	188	140	85	163	113	150	136	142	166	15	90	32	5	9	44	102	24	70	172	141	117	180	93	107	103	114	154	38	69	95	181	72	157	193	45	194	148	200	182	87	8	98	168	33	78	82	75	81	186	162	160	165	139	11	167	86	146	179	49	73	145	119	137	16	41	61	104	62	37	60	105	121	169	51	27	56	57	58	59	97	71	115	10	101	161	192	66	122	94	4	164	174	138	133	100	65	112	195	128	63	144	12	7	178	183	132	84	42	110	177	68	123	43	134	35	55	96	187	191	196
sub-4422	122	61	30	98	151	145	183	181	55	107	84	97	35	90	33	23	86	121	18	12	94	110	20	199	176	87	197	40	152	164	174	172	81	132	167	186	142	53	194	184	21	26	198	128	38	37	150	131	43	31	99	54	8	119	2	17	162	163	153	137	134	78	157	104	196	28	169	96	39	48	165	144	89	47	130	92	173	117	156	72	189	125	50	124	67	136	116	178	101	42	64	49	25	100	62	133	147	66	171	148	140	182	80	126	118	127	190	161	88	63	149	68	106	158	41	191	159	200	175	95	19	195	166	27	10	56	60	57	185	141	155	120	105	83	179	135	129	177	76	82	143	109	139	7	3	36	113	59	108	74	58	112	187	16	46	52	45	24	29	73	13	15	9	102	168	188	138	65	69	11	6	22	79	115	123	93	111	192	44	193	103	146	70	91	160	170	77	32	71	5	1	51	34	154	114	85	4	14	75	180
sub-4424	107	63	65	145	144	161	100	133	67	28	15	116	50	27	14	11	8	115	6	10	108	123	17	199	176	43	197	118	159	184	173	127	124	45	169	189	7	3	195	187	29	46	198	154	91	95	72	148	36	47	86	39	51	153	64	33	155	174	164	170	101	112	156	139	196	34	117	74	55	82	183	42	104	62	150	125	53	157	126	32	190	87	103	165	114	136	162	182	71	49	54	70	38	135	167	140	73	96	178	58	79	175	106	83	143	147	109	92	26	30	75	85	25	60	93	13	105	200	80	9	2	4	5	59	44	52	77	98	186	84	131	171	172	102	181	35	158	185	61	1	166	128	90	40	31	56	113	23	130	19	81	152	188	22	37	69	16	48	18	119	94	122	76	151	99	192	134	146	89	24	168	142	41	141	137	121	97	193	120	177	20	132	57	163	180	66	12	78	129	179	138	68	149	111	21	88	110	160	191	194
sub-4428	81	48	1	20	104	136	163	162	65	70	150	98	63	131	43	30	165	142	16	7	95	66	11	199	173	99	197	88	157	90	78	137	18	101	181	182	153	2	193	187	19	32	198	67	57	113	149	122	56	33	120	25	49	75	34	24	52	74	164	170	6	73	62	47	196	15	132	123	121	8	89	140	114	41	39	4	115	119	169	26	167	138	72	135	112	93	158	183	179	44	92	36	23	84	176	103	143	96	76	129	144	141	14	40	94	69	188	178	38	109	159	68	145	192	79	194	152	200	186	87	35	172	171	27	105	110	77	117	189	174	128	100	156	106	177	54	147	184	107	46	154	64	168	28	55	22	53	21	146	91	118	51	86	13	42	10	3	45	5	9	97	108	37	160	17	185	58	139	85	12	80	102	59	124	83	126	31	116	125	190	161	166	82	134	127	155	29	60	111	175	130	61	151	71	133	148	50	180	191	195
sub-4429	182	121	94	60	92	11	176	194	118	162	52	57	17	51	10	5	104	19	7	14	85	143	63	71	178	62	171	22	189	195	184	64	54	38	138	129	154	86	126	136	59	83	199	26	45	99	139	140	67	49	152	128	100	96	111	80	186	120	187	110	58	109	77	124	151	13	193	163	107	91	181	53	84	23	97	72	166	50	74	132	196	137	144	183	161	180	103	175	115	101	78	73	93	133	87	15	174	141	169	168	188	190	146	156	148	155	197	185	153	158	179	106	39	16	33	12	125	200	95	98	32	6	24	9	2	35	31	1	29	18	172	160	70	66	149	44	4	127	41	20	25	3	56	69	68	30	48	43	36	21	47	89	192	79	55	27	123	117	65	150	145	157	102	173	112	119	108	42	105	34	177	131	28	147	114	46	159	198	61	191	76	90	37	8	142	164	75	40	81	88	165	113	135	122	130	167	134	170	116	82
sub-4430	91	136	132	83	33	137	37	148	133	166	174	168	107	147	123	115	186	58	118	110	61	70	142	199	54	138	198	96	6	26	25	80	64	108	63	175	167	109	38	57	75	105	103	151	124	71	19	60	49	141	44	47	43	5	36	95	9	11	31	164	28	89	81	40	21	122	3	4	14	86	113	79	74	92	10	23	18	34	32	93	76	101	15	1	7	2	8	55	16	27	17	50	67	99	53	29	102	45	24	20	176	191	156	173	172	170	194	177	161	171	189	145	185	195	149	196	180	200	192	112	131	183	188	129	152	162	157	144	190	184	140	78	187	116	154	179	134	193	150	159	98	114	135	66	85	128	165	146	163	77	59	181	153	97	120	143	68	62	82	106	48	12	72	56	126	119	104	111	160	87	22	13	46	121	139	90	155	197	52	117	182	100	88	51	125	35	158	41	94	42	30	39	178	130	127	65	73	84	69	169
sub-4431	189	160	132	130	106	126	61	195	57	178	177	129	30	167	84	55	183	23	43	41	76	104	93	199	127	69	191	70	15	35	78	185	148	162	89	58	168	31	33	156	99	121	198	72	71	16	95	171	141	139	180	151	94	12	47	65	42	102	105	188	20	122	131	118	174	123	9	29	125	146	181	166	38	153	96	86	165	53	91	161	196	187	67	8	45	32	108	192	157	90	28	147	137	184	193	88	186	56	26	22	40	101	172	149	24	124	197	163	173	144	190	103	100	52	59	25	81	200	110	6	112	117	145	48	60	63	82	138	136	54	11	10	140	119	87	169	49	64	92	115	13	36	21	74	17	98	66	85	97	14	50	79	176	143	128	134	154	152	159	158	62	2	27	3	113	73	7	77	109	80	5	4	37	68	142	83	175	194	114	75	179	133	164	51	107	116	170	150	182	18	46	111	155	34	120	1	19	44	39	135
sub-4441	146	58	32	81	144	158	182	173	46	99	132	96	39	49	24	23	153	119	19	8	84	97	33	199	168	92	197	68	134	183	169	178	90	126	176	189	143	73	192	188	11	10	198	95	65	75	159	111	14	13	21	7	43	53	30	16	135	160	167	157	127	77	115	94	196	20	103	120	66	38	123	136	61	41	100	87	141	93	79	18	172	52	31	102	78	80	138	164	163	25	60	9	5	116	171	110	151	55	142	129	139	170	70	124	91	118	190	148	71	98	181	62	63	165	48	185	150	200	177	69	27	195	145	37	45	64	57	85	187	152	88	83	101	42	180	109	161	186	74	72	156	113	154	17	35	34	104	40	108	44	125	76	140	1	3	22	4	6	2	51	50	28	29	130	166	191	89	105	59	12	82	122	133	121	112	131	26	174	117	194	147	137	47	179	184	149	15	36	67	155	54	107	114	128	106	86	56	162	175	193
sub-4448	105	65	24	99	135	159	176	175	52	76	112	85	18	6	4	2	14	70	8	3	79	59	37	198	166	87	193	15	152	174	170	181	67	96	164	156	1	58	194	169	17	40	199	113	60	74	133	129	49	31	91	53	20	125	23	16	154	150	98	122	103	80	130	107	196	10	178	69	66	9	177	138	90	29	84	41	168	136	149	33	119	134	68	147	111	143	146	140	137	36	78	45	19	13	42	124	148	63	171	179	151	182	71	128	110	117	191	62	77	95	173	46	101	161	26	145	75	200	183	30	12	197	165	11	5	82	55	22	162	88	153	160	158	73	172	120	131	185	56	86	126	61	144	21	25	54	97	64	115	39	104	116	188	35	51	50	48	32	57	27	47	94	28	141	123	190	93	109	72	7	132	163	81	89	127	118	83	187	121	195	142	139	44	180	184	167	43	34	114	157	100	102	38	155	106	108	92	186	189	192
sub-4464	152	62	11	107	142	156	182	173	41	85	67	86	21	81	18	8	117	110	9	3	84	91	1	199	176	52	197	39	166	178	168	153	33	101	163	183	32	58	192	184	7	15	198	77	60	73	160	87	19	23	83	44	65	124	48	16	148	164	105	146	129	76	135	108	196	12	172	120	56	4	94	137	63	37	125	66	151	103	140	43	175	119	69	143	109	123	150	133	127	36	54	35	22	75	145	95	126	64	167	180	157	171	78	79	71	49	186	161	5	53	144	59	113	177	40	187	96	200	185	82	14	195	162	28	61	25	26	89	154	158	159	90	136	68	147	112	141	170	30	74	134	70	20	6	27	45	24	10	51	38	92	116	188	34	50	42	29	46	55	13	57	99	17	139	155	189	122	80	88	2	149	169	130	121	114	138	98	190	111	194	115	128	31	174	181	132	72	47	100	165	93	102	118	131	97	104	106	179	191	193
sub-4482	2	100	54	68	27	36	6	171	40	139	107	82	85	64	34	35	109	131	33	26	24	92	42	198	14	87	199	111	5	7	10	156	45	133	183	191	162	52	194	76	20	29	197	132	97	98	49	145	60	70	130	88	15	4	13	23	8	170	163	153	157	99	167	123	193	47	22	150	128	63	164	151	96	80	28	115	176	158	174	78	155	152	16	37	12	11	21	119	129	72	121	83	59	149	178	17	117	9	3	1	61	169	94	159	48	125	185	177	113	136	186	90	77	188	43	74	108	200	66	31	30	196	46	65	101	118	102	122	190	175	38	71	32	104	166	160	180	187	112	50	181	140	173	53	57	89	142	51	56	39	161	127	192	84	79	67	69	73	91	110	105	44	25	19	86	172	126	134	124	41	75	103	138	81	146	165	143	154	93	195	168	147	106	182	189	184	114	55	141	58	120	135	148	95	116	18	62	179	137	144
sub-4485	150	37	21	57	142	77	172	184	49	96	140	58	23	82	3	13	166	8	4	1	75	115	39	199	163	111	197	69	177	139	159	162	20	11	2	167	86	17	156	175	16	36	198	97	40	66	76	64	42	33	94	51	68	130	26	14	151	161	7	121	88	67	117	99	195	18	168	103	25	43	164	137	22	46	134	15	174	154	133	74	192	144	78	145	100	90	155	180	65	24	27	35	30	131	143	127	146	63	141	173	165	136	89	85	92	87	189	158	84	104	182	44	101	186	34	191	12	200	176	72	6	196	119	31	48	79	62	93	178	135	160	118	153	83	169	110	5	126	41	10	50	32	157	19	38	56	113	54	60	61	132	102	181	47	28	53	52	45	59	91	71	106	29	148	170	187	105	124	80	9	147	116	138	109	125	95	107	194	98	152	149	129	70	185	183	171	81	55	73	179	112	108	123	128	114	120	122	188	190	193
sub-4488	160	63	32	138	146	124	153	190	67	85	77	90	58	118	20	4	161	45	15	1	106	93	10	199	129	21	198	110	117	156	178	152	96	107	157	144	16	19	192	188	3	2	197	69	49	84	149	56	25	23	115	36	99	120	65	29	168	163	165	155	35	79	103	42	193	22	53	88	71	27	92	62	61	66	105	41	143	133	51	57	185	86	94	125	82	72	113	121	174	13	39	64	24	158	172	135	147	95	100	134	128	189	108	151	139	140	194	175	78	119	164	68	137	191	81	195	98	200	183	80	9	196	180	40	101	73	52	75	187	176	154	177	83	30	181	76	123	179	44	50	48	55	43	28	31	5	136	37	60	26	17	112	127	12	14	8	38	33	47	89	87	130	34	116	166	184	102	70	46	11	159	173	162	6	97	7	109	150	132	169	54	145	91	167	131	111	59	74	104	148	142	126	141	170	114	122	18	171	182	186
sub-4489	93	14	13	163	168	161	187	157	149	174	193	119	19	67	33	7	125	4	31	28	41	73	51	199	180	145	198	21	91	138	160	185	104	116	32	16	78	111	97	158	56	44	197	99	6	2	178	59	49	12	70	76	1	23	11	83	126	186	43	136	3	34	26	30	103	48	38	42	36	52	154	84	88	144	72	8	124	101	96	127	170	117	86	123	60	75	147	105	62	5	15	90	40	133	69	143	184	148	120	141	155	189	82	122	177	151	176	182	50	140	108	150	118	94	24	134	156	200	162	10	29	196	188	57	110	106	132	115	191	130	165	172	192	64	80	45	167	139	152	63	47	153	92	65	58	46	39	18	102	17	169	87	61	55	77	20	68	89	66	159	142	100	9	131	137	171	22	74	25	54	109	166	181	135	114	35	37	113	79	173	95	129	112	175	121	27	98	71	85	183	53	81	146	190	128	164	107	179	194	195
sub-4507	15	91	89	37	1	11	2	12	52	130	81	43	110	150	75	76	183	160	80	59	64	138	105	199	159	120	197	140	3	4	8	51	118	162	99	194	177	119	193	157	74	102	198	163	125	134	170	164	101	96	132	113	31	19	24	58	5	127	171	179	167	135	181	79	174	84	30	154	139	98	186	147	149	93	63	142	103	87	178	131	195	168	78	67	69	73	176	187	175	92	115	106	94	166	182	25	158	20	49	34	22	53	104	48	36	44	133	122	141	144	128	72	180	188	112	169	172	200	190	145	86	196	152	97	111	137	123	146	192	184	32	23	33	61	62	90	173	189	82	143	27	148	41	70	88	100	151	124	153	126	56	155	191	107	83	109	114	108	116	85	42	18	29	17	10	55	26	39	117	45	13	6	7	54	165	35	136	185	95	38	47	66	60	14	68	28	129	65	156	16	57	121	161	9	71	21	50	40	46	77
sub-4510	72	78	83	50	135	134	141	171	145	168	181	161	125	165	98	124	187	174	102	95	138	86	100	197	92	104	196	105	65	71	97	132	149	147	152	189	170	158	194	159	60	112	199	176	113	121	155	101	96	118	80	81	21	84	94	91	137	150	188	184	180	53	182	162	195	120	57	140	142	59	93	173	160	74	106	143	166	177	186	75	58	117	151	127	99	66	110	122	167	82	139	79	41	76	128	89	172	36	39	69	1	2	8	3	4	5	116	130	61	108	33	47	154	183	136	190	67	200	192	153	119	198	185	27	19	109	49	45	64	103	9	6	7	114	26	51	85	164	146	111	191	23	131	28	38	63	156	148	163	157	29	30	126	46	40	144	62	55	68	73	90	25	13	12	15	56	179	35	37	87	34	10	52	42	77	123	32	70	175	193	54	178	20	31	169	48	129	115	88	17	107	133	43	22	24	16	44	14	11	18
sub-4521	148	157	169	131	1	2	109	195	142	155	76	129	152	161	188	182	167	164	183	186	69	96	126	141	3	128	173	143	4	5	6	7	8	9	93	116	151	134	10	11	132	137	107	12	119	124	13	14	92	120	83	114	15	16	73	140	17	18	19	72	20	21	70	113	22	185	23	24	25	87	26	27	28	153	29	30	31	32	33	108	102	121	34	35	36	37	38	99	39	100	40	103	71	123	41	42	91	101	43	44	178	171	196	190	117	184	199	168	197	189	198	192	149	172	193	174	170	200	180	125	187	194	191	135	104	163	162	160	179	175	75	45	81	94	46	115	112	106	147	165	82	79	84	144	110	150	130	176	127	86	47	118	80	139	136	90	156	158	138	154	145	48	88	49	50	51	52	89	77	177	53	54	55	56	57	58	146	105	59	60	159	85	97	61	62	78	133	181	111	63	98	74	166	64	122	95	65	66	67	68
sub-4538	37	121	104	68	43	25	27	70	67	94	29	49	108	154	101	87	177	149	97	85	92	78	116	199	52	144	197	143	40	60	44	32	34	57	187	188	161	106	184	182	69	112	198	75	110	118	47	165	120	93	150	119	48	50	18	76	61	9	39	55	145	129	172	158	195	89	28	13	134	117	181	4	46	41	16	147	1	26	8	132	186	168	95	66	65	20	21	185	166	98	141	114	103	167	173	17	36	56	23	11	137	148	135	160	77	80	183	170	130	127	73	100	169	193	105	190	175	200	192	139	102	196	174	82	38	142	126	136	179	176	146	35	51	10	79	53	153	189	45	115	178	88	171	63	71	125	133	128	64	113	31	151	180	86	111	107	123	122	124	96	72	83	74	155	19	59	159	162	131	81	58	33	15	14	99	140	156	157	164	194	6	7	30	2	191	3	138	109	152	22	84	91	163	62	54	90	42	24	5	12
sub-4547	109	76	4	81	143	154	181	173	51	58	133	104	59	96	45	26	126	113	9	16	61	106	35	199	182	93	198	75	158	175	167	125	92	64	174	180	153	80	192	185	11	21	197	120	31	48	160	127	22	34	24	19	74	110	63	15	163	98	165	147	107	47	68	39	191	8	132	118	89	54	176	72	103	18	123	65	170	145	140	46	184	101	62	157	112	149	102	122	150	55	77	12	5	33	95	124	91	83	168	183	135	179	57	117	115	116	188	144	42	30	166	52	121	142	71	193	156	200	146	99	41	196	164	53	69	73	66	84	177	111	119	162	70	60	161	29	44	178	36	3	148	43	136	32	40	38	105	79	114	78	97	87	187	7	6	27	10	20	37	88	85	82	23	130	159	189	131	56	17	1	134	171	138	129	128	94	28	141	86	195	137	139	13	172	155	151	14	2	50	169	67	100	25	152	49	90	108	186	194	190
sub-4552	157	25	20	62	137	140	171	175	50	77	28	43	12	10	2	6	17	120	5	1	83	90	35	199	70	82	197	13	173	183	167	182	89	116	85	178	84	46	195	163	8	33	198	103	58	31	68	117	48	27	91	9	55	106	52	19	151	72	121	112	133	75	161	111	196	11	170	86	87	37	159	45	100	29	132	63	158	139	101	23	188	141	78	162	96	94	146	150	108	34	71	39	21	104	148	122	149	59	147	184	153	180	73	130	97	125	191	166	80	81	144	42	107	190	15	168	138	200	129	64	3	18	40	22	51	76	66	88	185	155	154	126	165	74	172	131	65	181	61	47	164	95	145	16	30	53	67	54	69	60	135	113	187	44	36	38	26	41	24	92	57	98	14	136	152	189	118	109	79	7	142	169	127	32	128	143	102	192	123	194	105	134	4	179	177	160	56	49	99	176	115	93	114	156	110	119	124	174	186	193
sub-4576	114	75	11	120	146	98	133	166	24	97	113	46	42	25	21	10	51	107	3	6	68	86	14	199	170	90	197	55	141	180	174	176	39	30	103	185	15	8	195	150	1	16	198	131	63	59	89	106	4	41	70	34	60	56	48	7	162	164	134	143	135	19	151	93	196	17	130	88	5	12	172	136	105	49	138	96	167	129	153	66	188	145	80	161	115	137	99	159	144	44	84	38	27	69	79	72	85	43	168	149	95	177	58	132	116	91	184	81	73	71	178	50	102	189	53	192	104	200	101	74	22	36	169	31	28	37	57	78	181	152	157	160	163	54	127	126	128	182	82	32	154	118	158	18	13	47	110	61	122	76	119	121	187	23	20	52	9	45	35	92	77	108	26	140	148	183	117	87	64	2	156	171	139	83	94	100	109	191	123	193	147	142	65	179	175	165	40	29	111	173	112	125	124	155	33	62	67	186	190	194
sub-4578	92	84	44	129	159	164	73	177	86	47	95	70	35	4	17	8	56	48	5	20	123	137	7	199	186	105	197	111	134	96	181	185	33	88	138	179	116	13	195	163	12	21	198	150	45	3	29	117	53	74	99	76	34	101	83	60	167	127	172	175	131	49	165	122	196	39	176	50	66	67	156	158	69	80	79	121	62	161	155	58	178	160	114	166	140	151	146	171	103	22	42	43	71	144	97	6	100	82	183	108	143	170	120	55	46	77	191	162	113	109	182	32	28	37	40	68	152	200	87	9	1	2	10	78	93	94	104	61	173	27	135	145	169	90	19	14	133	184	72	41	147	119	115	59	51	63	30	107	142	15	57	149	189	81	54	18	75	89	52	98	110	106	31	157	11	193	65	139	128	24	168	174	25	141	23	36	136	194	16	64	153	154	102	148	118	180	112	85	125	187	126	38	91	26	132	124	130	188	192	190
sub-4580	42	106	15	111	79	130	7	8	12	28	25	36	41	131	59	71	174	132	65	57	19	49	16	198	127	81	99	98	108	170	116	181	133	151	183	192	157	75	197	135	31	38	199	125	20	117	158	143	51	32	90	60	63	89	3	13	144	171	177	173	161	114	142	118	196	39	159	145	83	82	186	122	138	18	156	85	146	166	119	55	188	53	104	86	84	120	168	169	107	26	126	61	66	44	141	148	69	14	128	190	11	109	21	91	52	58	56	74	67	73	88	80	139	154	50	180	172	200	191	140	72	112	178	22	35	93	30	1	46	45	97	105	162	95	185	150	134	187	110	129	175	62	101	27	37	54	77	102	137	96	165	147	189	78	64	43	23	40	47	136	6	34	2	24	163	182	164	92	124	9	17	123	149	103	155	121	100	193	115	179	160	153	29	152	184	167	48	33	113	176	10	87	4	70	68	5	76	94	195	194
sub-4585	93	12	7	105	81	133	183	165	54	113	121	111	39	112	17	10	166	98	11	9	71	117	30	199	181	99	197	41	3	57	33	168	89	141	176	188	116	74	195	175	14	25	198	132	35	76	164	114	47	20	92	36	34	82	46	16	96	135	126	157	140	66	162	122	196	4	95	53	83	8	48	145	103	32	80	94	177	151	153	68	102	125	27	104	124	142	156	158	170	42	88	50	13	137	179	91	150	65	173	108	78	167	1	97	63	38	178	169	26	101	159	64	155	184	24	189	161	200	163	86	23	192	180	29	73	18	5	87	148	144	60	84	138	77	172	139	72	185	75	90	171	123	160	21	37	56	51	15	119	31	143	70	152	22	44	45	43	55	59	6	67	62	28	146	107	190	136	128	100	2	69	154	115	85	19	134	61	187	127	193	131	110	58	52	182	174	79	49	109	147	40	130	129	149	120	106	118	186	191	194
sub-4586	2	68	12	134	81	48	14	23	55	8	42	75	79	100	47	30	180	161	29	13	104	149	76	199	95	125	197	127	66	9	16	141	45	113	156	170	107	72	191	182	18	77	198	129	115	101	139	160	83	62	144	57	99	162	92	31	44	17	154	7	119	128	174	143	196	40	15	117	132	28	150	33	50	71	36	61	121	153	136	70	168	106	102	21	34	22	133	152	169	46	122	49	51	157	186	56	140	118	38	65	1	64	4	73	59	110	10	86	3	6	25	60	173	190	91	194	176	200	189	146	41	195	184	35	87	138	98	142	178	177	20	19	54	27	181	112	114	179	32	131	166	43	172	39	53	80	147	96	120	105	135	111	188	67	93	88	90	69	94	108	52	151	11	103	58	187	171	165	137	26	63	130	159	109	167	148	145	193	164	185	97	5	78	89	183	24	123	82	116	85	155	158	163	126	84	124	37	74	175	192
sub-4587	180	145	113	153	172	88	190	192	139	164	175	154	115	129	102	83	121	119	100	75	162	148	135	199	181	144	198	159	99	189	134	49	112	73	187	178	137	60	195	193	77	122	197	111	123	152	141	96	140	106	142	95	42	85	39	81	63	32	43	38	176	93	184	165	196	94	25	125	126	114	160	171	51	45	149	124	86	41	66	107	174	117	132	103	110	101	182	136	104	78	155	133	109	170	185	158	177	67	179	188	27	28	150	64	31	29	98	50	156	147	105	97	168	191	116	131	90	200	166	163	87	169	80	91	82	120	146	161	194	186	6	11	1	19	7	13	173	56	23	54	167	72	183	24	40	74	118	79	30	130	21	47	46	55	84	92	58	61	48	62	57	36	20	12	2	8	71	157	151	89	5	3	16	10	53	128	70	59	127	52	33	17	26	18	44	22	76	138	69	4	37	108	143	15	65	9	34	35	14	68
sub-4598	112	90	16	95	152	178	151	147	66	111	26	125	15	49	7	17	174	31	18	8	34	54	35	198	68	96	168	41	190	179	173	157	110	126	159	192	169	23	195	73	12	51	199	77	56	58	175	72	46	25	114	36	52	98	47	29	176	160	185	150	140	71	172	84	196	3	189	145	107	21	76	161	118	40	106	94	183	143	167	32	101	85	103	177	121	92	158	135	186	45	65	44	33	99	165	144	142	69	138	124	182	184	88	149	132	117	194	127	55	89	154	86	79	14	74	80	170	200	191	119	30	197	188	5	2	53	11	87	148	9	166	122	93	100	134	136	67	102	91	109	187	4	78	27	24	70	131	75	115	62	28	60	164	50	57	64	39	63	13	37	83	20	10	162	146	137	155	43	6	1	163	171	153	22	81	108	129	156	104	193	42	141	38	116	120	59	82	61	48	19	139	128	97	130	123	133	105	181	180	113
sub-4604	162	33	41	4	79	110	91	180	64	95	141	78	19	112	43	37	54	111	16	22	97	109	55	198	147	122	199	89	175	103	32	181	8	138	174	190	155	87	195	152	6	26	197	136	34	48	99	140	3	14	84	63	66	88	73	17	139	169	171	160	142	25	59	70	196	36	179	135	62	27	149	148	114	50	23	104	172	133	164	77	186	13	94	58	105	146	130	82	137	2	46	11	38	106	53	7	156	75	134	102	170	96	74	24	68	49	192	167	100	113	178	10	159	187	40	184	144	200	71	60	28	31	56	47	65	90	61	83	183	165	168	108	151	93	121	126	157	161	86	81	158	129	154	1	9	15	120	80	123	12	127	72	189	5	35	39	57	18	45	92	67	117	44	116	173	188	76	107	69	21	163	166	131	132	42	143	118	193	52	194	124	150	85	176	182	153	30	20	29	177	119	98	51	145	101	128	125	185	115	191
sub-4607	75	108	66	134	156	166	193	181	72	116	143	125	16	36	25	8	115	22	4	15	29	35	11	198	173	121	83	21	58	96	180	190	93	120	175	195	117	37	127	146	17	61	199	42	51	38	161	95	74	27	124	85	107	50	97	65	177	183	172	184	70	81	122	62	162	5	109	105	39	89	137	160	130	26	159	84	158	33	139	111	194	132	64	170	104	168	174	187	141	48	20	87	69	102	169	147	140	99	186	192	148	189	118	157	133	41	197	128	103	54	149	59	56	7	12	53	152	200	144	55	2	1	44	6	28	14	76	113	100	13	171	179	142	52	185	80	43	163	31	19	106	60	86	32	63	46	30	18	49	23	98	67	131	40	9	47	94	73	92	123	110	88	77	153	151	191	57	101	71	3	178	182	114	112	24	79	138	196	91	155	164	126	10	154	90	68	78	34	145	167	136	119	82	165	45	129	135	188	176	150
sub-4612	177	81	66	38	64	18	178	195	105	154	139	11	47	12	32	40	80	4	29	15	120	72	95	199	170	163	197	44	194	171	156	116	2	8	168	152	53	45	123	186	51	110	198	78	102	5	114	71	106	79	138	122	31	158	27	60	97	28	108	69	1	19	137	117	127	82	183	54	6	13	187	130	84	92	63	43	175	132	129	131	173	166	65	172	89	103	140	144	58	68	3	75	34	9	25	36	176	85	87	185	188	153	83	35	74	33	192	182	148	159	191	42	61	67	96	88	124	200	146	20	30	26	55	39	16	155	101	91	190	145	180	126	147	49	143	57	151	184	14	21	164	162	161	10	37	121	119	99	98	7	142	115	179	100	111	90	125	107	118	150	23	22	46	169	86	196	109	134	135	59	56	76	41	128	104	141	70	181	48	189	174	149	136	73	157	165	133	62	77	93	17	24	52	50	113	160	94	193	167	112
sub-4620	177	25	70	112	84	151	190	149	79	109	156	141	96	60	77	35	181	150	55	39	129	85	42	198	80	75	184	6	173	178	158	189	131	106	174	188	169	114	196	26	28	54	199	153	122	95	7	72	64	83	126	58	78	97	107	59	44	186	172	179	127	5	105	102	128	53	32	19	73	1	48	125	67	92	89	132	175	167	176	121	69	154	115	36	87	130	9	134	168	88	103	74	33	37	11	76	145	119	111	191	170	49	90	18	65	152	194	165	116	139	161	118	99	23	113	195	182	200	193	98	68	197	180	62	46	27	51	2	22	15	38	43	183	124	187	162	155	192	101	135	185	13	31	66	86	47	143	117	133	91	52	16	110	41	63	94	24	56	82	4	104	10	61	29	159	171	138	20	12	34	45	3	50	157	30	57	14	21	148	144	147	166	120	40	146	164	123	93	81	160	142	100	8	17	137	136	140	163	108	71
sub-4631	73	68	7	84	140	149	139	40	32	62	120	108	43	106	25	23	158	126	14	2	29	31	11	199	134	77	198	70	138	175	159	154	99	136	143	185	146	60	195	181	3	16	197	105	46	54	119	102	9	27	91	28	55	56	37	10	162	165	88	155	125	4	13	34	157	20	179	71	92	17	132	116	104	49	122	96	153	147	144	36	190	135	59	171	109	160	90	178	167	33	93	39	12	52	65	131	137	67	151	44	63	182	82	128	123	133	174	172	66	101	166	53	156	191	42	194	161	200	184	50	19	196	169	24	76	61	45	98	188	150	152	168	163	80	148	111	142	118	78	97	173	79	113	6	26	18	94	58	38	72	100	83	187	30	22	15	35	51	8	85	69	75	1	81	107	180	141	114	87	5	170	95	110	117	89	145	74	176	130	193	124	47	57	103	183	127	21	48	64	177	121	129	86	164	112	41	115	189	192	186
sub-4637	41	68	88	124	35	107	30	194	55	171	184	128	91	151	108	33	145	106	53	83	14	32	110	199	20	152	197	52	1	9	19	62	43	59	75	196	129	103	185	34	24	77	198	141	138	119	25	178	81	94	104	87	8	2	3	16	6	31	79	116	136	72	188	149	191	98	4	22	82	126	189	89	163	165	29	162	93	57	169	109	164	159	10	12	7	11	26	148	74	123	69	58	122	177	157	27	180	18	5	15	112	140	101	135	95	125	193	120	175	174	195	133	73	156	144	168	48	200	61	64	51	67	167	86	54	92	170	160	190	132	23	39	134	70	90	137	181	161	44	42	187	71	78	50	40	117	155	118	115	147	65	99	153	100	84	121	139	142	176	173	36	13	28	17	179	172	80	96	85	60	46	38	111	76	56	102	166	192	143	154	183	146	186	63	131	130	158	182	150	114	66	45	105	113	127	21	37	47	49	97
sub-4644	111	19	16	104	134	162	184	173	34	85	119	33	37	99	2	6	73	64	4	1	79	90	32	199	179	95	197	66	69	82	175	176	91	118	177	187	114	70	195	185	8	27	198	122	57	49	165	117	44	26	77	24	59	97	50	17	153	156	164	171	126	43	163	93	196	12	115	88	80	3	148	125	87	39	127	89	172	147	160	56	130	139	81	137	106	136	154	146	132	11	60	20	22	120	168	128	141	52	170	183	149	143	78	109	101	121	190	145	31	100	181	28	151	124	54	150	161	200	186	94	18	191	83	23	53	72	65	14	188	84	51	140	167	74	180	107	159	138	55	86	158	112	45	15	25	48	75	63	108	38	133	76	142	13	41	30	35	21	42	36	67	62	10	29	144	193	129	58	46	5	131	155	116	123	9	135	103	182	102	189	96	113	40	178	157	169	68	47	92	174	105	7	71	152	61	98	110	166	192	194
sub-4654	137	143	134	151	133	184	186	194	159	174	155	111	161	135	148	96	192	89	125	121	165	160	139	198	105	112	101	116	154	172	169	195	57	82	188	193	166	175	197	48	32	156	199	180	157	173	132	88	97	142	98	108	7	34	5	109	110	170	191	117	167	20	182	171	196	123	95	179	102	9	61	113	176	81	68	55	163	190	181	74	50	86	115	122	152	183	149	73	65	138	140	49	14	19	144	107	178	45	187	189	23	104	25	15	12	24	162	164	41	131	38	16	35	39	92	114	147	200	119	145	70	141	185	52	51	66	40	44	91	28	21	18	78	10	146	87	26	77	31	136	85	8	76	17	29	67	118	103	158	130	27	11	99	59	56	124	64	69	54	36	13	3	4	2	43	129	150	63	60	90	30	6	106	71	58	120	62	75	126	168	84	177	53	47	127	94	83	128	80	93	79	72	42	37	22	1	100	153	33	46
sub-4659	162	95	53	137	166	176	190	188	90	70	35	132	18	97	11	37	172	130	30	22	19	23	14	199	114	8	198	91	146	159	138	181	124	136	103	123	116	105	194	127	50	28	197	56	20	111	178	128	45	13	92	27	80	98	96	49	175	171	179	165	153	47	168	59	195	9	187	144	122	87	183	83	131	26	113	119	44	135	86	65	180	78	99	79	57	25	167	100	169	29	108	69	58	121	155	152	39	101	106	40	2	12	4	3	6	1	60	164	117	17	174	7	133	184	76	193	118	200	189	120	43	196	93	16	67	88	54	74	55	109	158	154	5	104	149	85	170	102	64	94	177	141	142	42	38	46	107	51	10	110	157	84	191	66	52	36	41	63	31	61	89	115	77	163	71	21	134	140	125	15	161	185	151	148	150	160	112	192	143	182	75	156	48	68	186	81	34	24	73	72	82	147	139	173	32	145	33	62	129	126
sub-4674	71	9	15	53	45	17	181	191	130	164	65	6	57	113	48	47	156	62	29	56	158	166	116	199	61	162	197	64	117	90	5	149	20	77	112	141	63	74	194	148	97	127	198	96	85	76	26	79	146	129	174	72	159	179	144	107	1	131	119	122	68	32	101	145	177	81	16	7	51	8	173	12	73	60	22	125	28	31	54	153	180	184	136	66	19	24	94	189	171	105	111	137	93	175	118	18	155	134	11	69	39	40	41	52	42	3	95	161	27	165	38	36	172	185	91	187	154	200	193	147	58	196	182	121	104	169	160	123	186	142	43	4	37	30	98	80	100	138	70	128	157	49	110	106	108	151	133	34	44	103	78	109	190	143	139	89	87	124	99	50	35	59	13	115	55	114	170	150	82	75	88	46	14	21	176	120	84	192	168	195	83	10	23	33	183	2	126	135	152	132	102	140	178	25	86	163	167	188	67	92
sub-4713	70	18	22	130	139	148	120	159	25	103	116	60	72	54	45	35	109	110	29	23	98	39	11	199	156	47	198	86	17	170	173	181	53	89	166	187	152	76	188	184	28	14	197	140	71	82	158	138	12	48	104	74	1	5	6	41	167	131	157	169	85	99	161	128	195	20	63	117	77	66	179	111	112	69	93	79	114	145	160	38	186	96	13	46	87	142	151	178	106	57	32	61	33	126	164	80	149	16	136	183	3	15	7	4	40	19	172	133	97	101	119	31	146	191	59	185	154	200	168	88	36	196	171	52	55	81	49	105	163	153	90	165	62	26	180	122	143	177	65	68	162	132	121	34	64	43	107	92	134	95	144	113	189	37	27	30	67	51	44	56	10	8	2	9	155	175	102	123	73	24	129	94	91	100	78	50	124	193	127	174	147	141	83	182	150	115	42	75	125	176	21	58	137	135	118	84	108	190	192	194
sub-4715	1	2	3	4	5	6	7	8	9	10	11	12	13	14	170	192	15	16	176	181	173	17	168	18	19	20	174	21	22	23	24	25	26	27	28	29	30	31	32	33	196	184	34	35	36	37	38	39	171	166	186	185	40	41	188	200	42	43	44	45	46	47	48	49	50	193	51	52	53	54	55	56	57	58	59	60	61	62	63	191	64	179	189	65	66	67	68	69	70	71	72	197	73	172	74	75	76	77	78	79	80	81	82	83	84	85	86	87	88	89	90	91	92	93	94	95	96	180	97	98	99	183	100	101	102	103	104	105	106	107	108	109	110	111	112	113	114	115	116	117	118	119	120	199	187	165	121	122	123	124	125	126	127	190	128	129	167	182	178	130	194	131	175	132	133	134	135	136	137	198	138	139	140	141	142	143	144	145	146	147	148	149	150	151	152	153	169	195	154	155	177	156	157	158	159	160	161	162	163	164
sub-4744	141	33	46	22	31	95	193	190	66	89	158	115	80	4	10	2	49	74	13	6	121	35	43	199	122	88	197	30	178	135	11	114	51	3	60	130	41	18	192	100	25	87	198	149	116	27	7	132	104	81	78	70	109	173	111	32	175	42	99	65	96	133	181	120	134	26	79	9	64	94	179	168	117	86	40	128	188	151	172	102	194	177	125	29	50	113	52	187	138	92	58	73	54	174	186	71	171	85	24	84	106	140	48	69	45	37	195	139	119	154	183	98	12	36	77	14	148	200	28	21	5	8	53	15	63	129	62	108	180	101	155	17	38	68	146	19	23	144	56	47	57	137	167	44	59	97	157	107	126	39	163	143	189	76	91	90	72	61	112	147	127	152	1	176	75	159	124	136	103	16	160	131	55	83	110	169	145	182	164	191	165	82	123	184	185	162	93	105	142	161	166	20	170	67	150	34	118	153	156	196
sub-4765	131	13	17	21	14	34	192	190	143	165	167	71	39	118	11	15	146	24	10	25	135	123	130	199	153	161	198	83	188	114	3	183	7	54	179	150	57	90	61	91	93	122	197	120	65	58	30	12	133	69	160	128	84	173	141	101	5	176	151	175	26	22	89	45	117	56	67	20	4	1	82	106	47	132	62	19	185	111	147	144	32	169	66	87	124	76	168	53	96	33	97	126	29	170	68	9	180	73	75	156	70	44	48	31	50	134	195	186	148	166	171	46	28	80	41	72	184	200	193	59	105	196	137	102	74	142	154	35	191	159	182	109	181	38	187	49	100	177	42	119	103	78	23	27	121	125	145	77	52	129	6	85	51	104	99	98	139	140	136	37	81	164	2	112	172	189	113	108	138	63	174	16	64	95	92	8	127	115	86	88	178	43	152	60	158	149	157	116	40	79	163	94	107	110	155	18	162	194	36	55
sub-4799	175	109	51	162	125	159	191	188	83	77	169	54	29	50	24	36	31	140	15	8	137	150	46	199	189	144	197	25	187	154	182	82	3	14	178	73	20	6	139	75	30	81	198	104	84	120	43	17	76	22	136	92	111	168	97	48	116	106	63	119	108	12	173	124	196	16	149	157	23	9	49	40	10	65	118	66	184	134	133	115	61	156	123	59	138	126	172	71	129	74	121	32	58	166	161	103	165	113	186	185	183	170	131	128	153	110	195	181	101	141	179	57	39	151	78	174	37	200	52	1	5	192	42	60	102	105	112	90	190	135	171	64	68	38	164	27	41	55	28	2	44	56	94	35	47	98	34	67	33	100	21	114	87	53	80	62	91	95	99	7	117	147	26	167	11	127	13	45	132	19	177	69	70	18	85	145	122	130	107	194	143	152	88	160	142	180	79	86	4	176	163	72	146	96	148	158	155	193	93	89
sub-4809	178	95	84	138	173	120	174	189	26	152	160	146	42	128	35	41	40	28	37	27	139	137	99	199	191	155	197	103	63	159	185	24	13	9	182	170	25	80	56	192	68	104	198	98	77	62	150	86	72	100	142	92	4	46	3	38	175	20	180	60	39	133	161	156	164	76	154	70	134	109	183	102	29	91	123	66	158	181	49	127	194	132	64	50	125	36	163	193	147	83	73	101	93	167	188	168	169	65	144	44	186	184	131	166	143	124	196	165	118	108	115	55	79	117	54	61	12	200	19	47	11	31	14	96	129	88	112	136	195	105	179	119	10	2	8	1	82	23	5	6	52	107	75	45	97	94	74	57	18	32	22	157	33	110	106	111	53	85	90	145	48	149	58	172	7	21	69	126	78	67	71	15	30	17	162	151	135	176	89	116	16	59	121	43	187	190	113	51	140	34	148	114	141	87	153	130	81	122	171	177
sub-4813	146	131	102	108	141	115	190	139	182	124	164	53	8	150	58	21	112	156	10	50	195	122	130	4	104	18	1	30	175	200	179	154	110	79	57	153	193	137	78	20	99	64	84	111	43	27	32	116	19	88	158	144	126	176	85	171	198	128	187	142	97	16	44	46	132	40	180	114	151	66	125	69	42	41	127	54	62	67	39	119	166	135	177	136	186	96	167	133	188	51	163	75	82	48	5	73	105	157	162	173	93	120	170	55	138	61	191	194	107	145	189	77	31	9	12	7	148	60	91	161	38	13	59	118	152	140	25	109	70	2	165	87	159	149	90	49	3	74	28	103	100	22	123	47	160	81	14	89	23	37	98	52	76	45	80	29	113	121	143	72	181	197	174	183	33	92	101	36	6	34	168	147	71	199	11	35	129	134	86	169	117	65	17	56	15	95	63	83	26	196	192	106	24	68	94	185	184	172	155	178
sub-4815	150	169	139	154	99	85	76	126	36	44	9	156	138	32	109	134	140	153	111	86	175	179	148	199	83	158	193	118	60	107	61	45	73	71	50	51	185	96	187	37	68	114	198	62	159	146	6	106	81	129	93	121	12	49	18	94	92	11	16	15	100	82	120	89	127	110	17	19	22	122	152	20	147	1	34	14	7	4	23	79	87	133	65	8	113	54	30	95	39	33	46	112	130	143	164	53	5	43	161	41	98	194	72	176	101	59	163	75	115	128	47	90	3	119	116	24	80	200	40	170	108	192	184	132	165	141	103	117	189	168	167	188	63	74	28	64	48	35	145	166	172	70	190	66	137	155	162	135	88	144	13	177	191	125	157	151	123	149	124	173	105	142	21	104	25	31	67	84	131	97	78	69	91	42	58	38	178	195	77	52	55	57	2	56	27	10	171	160	181	183	182	102	174	136	26	29	180	196	197	186
sub-4835	112	42	25	118	139	151	181	179	46	84	98	105	14	77	10	17	130	100	2	4	88	103	35	199	173	110	197	81	138	116	163	177	54	113	170	188	148	62	193	174	8	36	198	73	52	21	157	107	30	18	96	37	64	48	24	22	166	150	165	144	71	86	141	106	195	3	172	108	79	29	154	47	9	40	92	72	94	95	5	66	168	133	91	125	114	129	143	156	115	6	60	33	11	126	159	127	117	70	160	164	124	176	58	131	121	119	187	162	76	87	180	69	140	189	31	184	152	200	183	28	23	196	161	27	78	65	83	80	175	147	135	142	155	85	178	104	145	182	45	89	134	49	146	20	26	7	75	39	122	53	136	50	82	44	15	13	43	41	56	63	74	59	32	68	169	191	99	93	51	1	137	158	111	123	55	16	61	190	67	192	128	97	12	149	167	132	57	19	38	171	101	34	90	153	109	120	102	186	185	194
sub-4855	166	88	3	53	157	130	185	89	82	59	151	119	45	19	21	20	95	136	22	18	81	62	11	199	141	48	198	33	175	184	153	126	64	72	117	86	123	34	194	121	4	12	197	39	5	51	132	139	14	2	94	30	42	116	57	26	169	140	147	46	143	85	146	90	195	1	161	113	120	58	154	152	44	25	56	100	164	83	87	38	182	35	78	142	106	96	137	181	171	67	110	40	23	84	173	102	165	93	128	41	174	183	63	133	124	127	192	158	55	122	179	79	66	149	68	190	111	200	159	92	8	196	167	52	101	31	73	99	178	144	170	150	162	71	32	74	160	148	16	69	163	70	168	29	36	24	43	37	17	50	15	103	177	61	49	13	54	65	9	97	91	76	47	134	27	176	115	114	77	6	145	156	104	131	129	155	75	188	98	193	108	80	28	180	186	105	10	7	112	172	60	138	118	135	109	125	107	187	189	191
sub-4858	70	94	21	2	3	18	63	182	116	138	121	10	61	152	86	68	165	112	36	45	129	96	50	199	154	136	198	133	157	109	5	144	6	105	102	185	51	20	194	80	62	74	197	113	117	104	149	143	76	78	100	14	95	43	91	73	33	69	174	179	167	17	180	153	195	53	24	38	145	4	164	158	118	88	28	135	139	89	130	11	39	119	97	44	9	56	31	169	171	101	140	106	35	148	122	49	175	131	15	150	22	23	107	1	13	55	173	181	90	77	183	41	177	191	92	192	142	200	190	82	42	196	156	71	79	48	128	127	187	170	47	54	137	8	124	59	159	155	34	37	120	141	176	64	66	83	103	67	58	57	75	19	186	60	81	114	7	29	16	12	65	30	87	93	25	172	151	162	147	52	32	27	72	134	160	166	26	126	163	193	168	84	98	132	188	125	85	111	99	40	108	161	115	46	146	123	110	189	178	184
sub-4862	62	72	76	104	168	22	190	123	33	41	135	68	125	36	60	39	106	50	92	61	101	167	152	199	153	186	188	43	136	196	30	119	55	93	90	130	44	77	171	147	56	144	198	88	180	145	71	69	111	112	117	158	19	32	10	54	149	46	133	67	174	86	172	96	164	122	42	91	80	118	159	40	182	116	84	97	49	53	109	131	134	98	58	83	57	15	78	107	38	143	127	113	124	193	170	66	45	29	20	108	7	105	1	12	14	2	51	82	4	28	3	18	115	142	89	141	138	200	163	157	65	195	148	95	126	177	175	166	197	179	9	6	11	63	34	103	173	183	37	140	191	165	129	110	114	146	185	85	52	120	81	160	87	155	162	139	128	150	100	31	47	13	5	8	26	99	187	121	79	94	189	27	75	48	59	64	181	70	176	192	16	35	137	151	73	25	102	161	74	194	169	21	184	17	23	24	132	156	178	154
sub-4868	183	171	163	185	186	154	179	190	130	180	182	142	63	178	167	150	188	169	143	148	147	157	120	199	122	160	198	184	79	165	162	151	125	134	189	192	161	158	176	175	55	101	172	140	45	135	137	35	90	106	75	93	18	41	74	116	129	95	149	126	123	28	77	124	145	60	54	64	107	82	27	104	121	36	111	61	105	53	133	89	84	99	109	65	94	112	110	103	88	85	76	92	37	97	98	164	146	52	119	117	181	78	173	159	132	168	197	96	174	152	194	170	187	196	113	195	118	200	193	70	127	166	191	144	153	102	141	131	156	177	30	23	73	29	13	40	139	138	38	80	58	67	128	100	83	69	31	114	25	66	33	32	4	62	72	49	46	71	50	39	136	10	20	9	24	14	22	59	12	86	43	5	34	1	2	6	42	16	15	21	68	17	3	8	11	19	57	155	48	51	115	26	91	108	44	7	81	56	47	87
sub-4872	123	88	33	89	160	165	187	189	32	116	140	39	22	43	15	18	17	16	25	12	95	132	31	26	186	127	199	108	155	162	179	115	67	81	9	118	122	52	41	184	13	27	198	66	23	101	173	87	60	40	82	71	3	144	11	34	158	146	77	138	29	56	44	97	197	24	185	143	110	1	48	150	49	62	152	65	153	6	102	92	191	141	107	169	126	149	167	180	134	8	64	54	42	61	5	124	151	30	178	175	85	176	105	145	139	113	195	136	83	125	181	51	86	192	45	161	170	200	74	63	10	106	4	50	53	28	100	2	171	159	55	104	148	70	190	112	164	47	94	68	99	121	163	35	59	72	84	7	93	91	156	131	174	14	46	58	73	37	80	114	19	78	20	103	172	147	36	120	57	21	168	177	154	117	96	157	109	193	98	183	128	111	79	188	69	76	90	75	135	182	137	130	38	166	129	142	119	133	196	194
sub-4891	62	120	126	105	1	2	3	4	90	5	6	73	130	97	125	149	107	124	127	128	121	7	151	135	8	74	153	138	9	10	11	12	13	14	61	15	16	67	65	64	147	185	119	84	122	75	17	98	183	164	181	167	72	18	113	156	19	20	21	22	23	109	24	25	26	192	27	28	29	142	152	30	31	158	32	33	34	79	35	189	148	186	141	36	71	37	38	145	95	101	39	176	133	131	89	40	41	103	42	43	85	76	180	108	68	136	188	111	178	91	115	144	154	177	146	165	134	200	161	140	139	162	163	172	132	194	159	150	173	179	44	45	46	81	47	70	116	88	110	129	99	82	123	182	168	184	137	166	112	117	48	169	118	198	196	155	193	191	195	160	174	100	106	80	49	50	87	114	104	187	102	51	52	53	83	69	171	175	96	77	63	54	78	55	56	57	199	197	157	93	190	92	170	58	59	86	143	94	60	66
sub-4893	155	134	76	167	123	93	56	129	62	135	79	116	142	148	140	156	66	88	72	65	103	111	118	199	39	78	198	182	25	77	43	26	35	69	70	190	114	40	74	54	60	100	179	102	133	80	30	120	124	165	145	110	31	22	21	89	5	12	45	86	61	171	184	122	84	143	1	13	48	115	178	15	28	73	6	38	52	47	32	139	147	166	90	10	51	14	7	132	63	99	64	144	149	189	160	37	91	36	27	19	98	101	136	57	117	71	193	185	150	188	180	130	162	196	158	197	104	200	164	176	97	153	187	154	113	177	175	183	195	194	29	33	20	41	8	11	125	94	87	55	131	82	157	95	109	151	163	137	96	181	34	173	191	159	168	146	141	169	127	161	85	49	68	59	2	24	53	83	121	138	18	3	4	9	126	75	186	192	112	105	46	67	44	16	107	42	172	170	152	17	92	81	174	23	128	58	119	108	50	106
sub-4900	179	38	15	102	140	180	192	188	55	146	73	32	24	3	4	11	105	69	8	19	30	9	16	199	145	57	154	5	189	187	151	190	62	35	37	71	113	29	115	74	18	75	198	130	65	46	51	99	58	54	139	92	97	161	23	22	173	129	112	133	85	26	83	17	158	21	152	78	63	59	72	155	137	14	61	94	172	159	167	120	125	162	136	169	111	141	122	124	28	31	70	86	44	126	184	135	153	82	164	183	186	174	134	114	131	64	196	176	119	91	175	48	95	47	53	27	163	200	191	13	7	109	181	2	1	87	52	25	138	56	185	171	177	45	104	103	80	166	90	121	148	39	43	12	10	40	101	100	118	84	106	50	116	89	79	41	77	66	108	36	96	149	60	170	143	197	33	76	123	20	182	110	68	160	81	98	132	165	67	93	142	127	34	168	49	178	128	88	42	144	156	6	107	117	150	157	147	193	194	195
sub-4902	1	2	41	3	4	5	6	59	108	72	102	27	130	129	146	136	165	158	142	137	54	31	34	48	7	8	92	96	9	10	11	43	65	62	37	51	93	122	94	12	49	42	28	145	100	176	38	111	60	112	67	101	13	14	63	84	15	39	47	35	75	85	98	45	64	109	16	33	77	115	166	82	110	99	29	70	89	83	141	91	179	87	32	17	18	19	30	132	117	79	106	69	76	81	68	20	134	50	21	22	124	73	177	90	120	173	189	191	175	127	161	164	192	195	150	197	181	200	170	143	144	199	147	86	71	116	104	140	126	185	57	61	190	172	154	148	153	194	162	171	193	78	180	88	74	95	157	138	155	152	80	183	196	114	128	119	131	121	135	167	66	23	52	24	169	168	184	160	123	118	25	46	133	139	103	149	163	198	187	125	186	188	107	55	156	105	113	151	174	36	44	182	178	97	159	56	26	53	40	58
sub-4951	140	1	59	78	103	164	90	53	63	4	29	134	30	115	76	61	166	130	39	45	57	89	16	199	184	84	197	108	99	183	169	181	114	85	172	129	155	106	192	188	18	24	198	36	31	43	137	135	17	25	77	27	81	150	19	13	146	175	132	170	149	117	136	102	195	41	182	116	122	87	158	133	65	67	110	97	21	23	54	8	186	49	94	147	47	95	156	138	104	35	83	50	80	152	173	46	26	91	174	159	48	157	120	79	124	119	62	75	9	5	100	86	162	191	32	193	163	200	189	118	74	196	178	44	69	58	82	96	187	167	111	165	171	112	185	144	126	143	93	123	51	139	160	6	3	28	37	15	14	72	153	128	154	33	22	10	11	56	2	105	55	107	40	121	177	145	113	127	70	34	142	179	73	141	131	109	125	161	88	180	98	38	71	176	151	7	20	42	68	168	64	101	66	148	12	52	60	92	190	194
sub-4974	53	157	192	71	1	2	3	187	129	135	93	164	96	183	191	193	173	170	175	189	172	155	165	179	115	106	199	196	4	5	6	7	58	91	86	8	121	130	128	76	154	153	168	70	102	176	113	152	142	132	125	147	9	10	80	150	11	82	78	74	138	185	182	148	198	149	56	139	188	184	156	12	59	98	116	158	13	14	60	123	171	117	140	94	131	118	167	163	174	144	177	137	134	169	180	55	65	54	79	72	15	16	160	104	17	111	178	112	161	119	146	151	141	186	143	197	61	200	166	136	124	181	195	110	127	63	107	68	57	162	18	19	20	21	22	23	24	25	26	27	77	28	145	84	66	69	75	81	29	120	73	108	87	88	103	95	97	89	92	133	67	30	31	32	33	34	35	64	122	190	36	37	105	38	109	114	126	101	99	83	52	39	40	41	62	42	100	194	90	43	51	85	159	44	45	46	47	48	49	50
sub-5097	111	25	28	67	147	153	176	4	61	92	90	110	30	74	22	20	146	135	14	6	93	124	26	199	172	119	197	106	175	180	165	167	76	65	133	12	98	40	190	178	7	5	198	118	19	77	150	137	15	43	94	44	3	138	2	27	16	64	171	48	109	73	88	112	196	21	29	57	56	23	160	8	115	17	126	105	157	148	69	85	177	104	89	129	128	151	156	179	164	51	71	33	34	132	174	72	97	54	100	141	169	130	101	18	131	99	189	68	42	80	161	52	149	188	50	181	114	200	183	108	11	185	173	37	32	87	83	86	186	155	79	163	166	91	134	142	84	162	46	103	170	125	144	13	36	24	41	66	121	53	145	38	187	9	62	63	35	55	58	81	45	75	1	96	122	191	140	139	107	10	158	154	95	60	39	143	117	193	120	195	113	102	70	168	182	159	47	31	116	152	127	82	123	59	49	78	136	184	192	194
sub-5109	164	44	68	129	135	174	192	191	108	153	121	95	31	79	23	9	58	26	4	14	84	109	93	199	187	151	197	32	179	188	147	190	36	56	158	165	120	43	118	176	52	94	198	101	41	8	61	88	105	69	145	104	38	161	89	65	124	156	169	137	10	77	160	144	186	50	173	28	37	66	171	141	47	78	70	67	175	81	82	125	193	167	140	168	157	166	128	159	96	48	15	98	74	134	155	85	170	62	180	185	182	181	116	34	71	97	196	177	113	142	183	64	33	51	17	25	91	200	73	7	3	6	90	57	110	139	123	45	126	53	172	146	136	12	75	39	59	130	11	30	19	122	106	55	83	114	49	27	29	1	76	99	178	87	102	72	107	92	119	143	127	103	40	132	46	133	2	117	60	42	148	80	20	16	18	13	150	189	5	22	162	21	115	63	35	86	131	112	111	184	138	24	100	54	152	149	154	194	195	163
sub-5124	34	11	23	3	16	15	154	108	118	166	159	39	122	78	105	82	109	164	99	81	50	72	121	197	140	142	196	153	44	14	21	54	7	43	102	188	94	139	194	170	71	87	199	135	62	129	45	137	127	17	88	42	27	5	101	59	4	74	76	184	173	156	181	167	195	2	9	20	158	125	91	37	61	19	22	107	134	178	51	145	98	147	151	36	169	177	41	90	63	112	148	84	30	53	182	6	168	114	60	52	31	70	10	8	25	12	47	69	48	24	58	55	111	155	128	144	65	200	179	131	106	198	68	92	83	157	67	133	189	104	57	132	174	40	186	120	160	187	49	138	183	126	175	64	116	97	73	143	93	95	165	86	190	103	29	38	35	46	136	124	56	1	33	85	75	191	115	141	123	13	113	180	66	163	130	149	146	172	100	119	117	32	18	185	162	80	96	28	171	176	77	150	152	79	26	89	161	110	192	193
sub-5126	138	67	11	98	146	93	144	165	14	65	104	62	35	105	20	13	163	58	9	4	72	85	29	199	179	112	197	53	169	167	137	71	73	136	149	177	54	30	194	183	3	27	198	128	59	46	161	131	39	25	95	31	63	110	50	8	164	150	28	152	129	34	147	76	195	7	175	126	92	1	176	107	77	22	135	97	124	148	120	61	186	143	81	160	99	106	156	171	158	36	64	23	18	2	142	102	96	41	173	79	90	178	57	134	109	56	151	116	44	69	162	51	155	189	55	188	139	200	181	88	16	196	170	19	37	80	60	26	185	125	111	94	108	15	168	115	82	153	17	84	159	119	154	12	24	47	86	52	101	68	121	83	187	38	49	45	10	43	33	89	66	74	6	132	40	166	122	123	75	5	145	172	141	133	130	140	78	190	114	193	91	103	21	180	182	113	70	42	118	174	117	87	32	157	100	48	127	184	191	192
sub-5140	146	71	14	56	114	96	25	102	38	60	91	45	50	76	39	27	124	89	22	19	47	112	37	199	187	123	197	67	180	184	153	179	42	147	166	158	149	95	194	193	7	28	198	107	58	92	174	97	5	24	116	82	10	133	3	11	177	181	122	131	150	41	172	130	196	32	188	140	83	44	156	125	81	54	120	104	151	134	139	88	145	99	111	157	129	162	168	132	143	66	105	6	51	68	160	136	144	4	171	182	178	191	101	128	100	64	195	79	46	29	138	74	126	113	36	103	167	200	192	75	40	135	176	1	17	9	13	70	110	57	173	121	164	63	183	142	77	163	33	93	109	73	106	18	2	26	23	35	48	61	115	65	155	34	20	8	78	84	59	86	55	53	30	152	175	190	85	15	80	12	165	161	108	62	69	118	119	159	49	169	148	98	72	185	170	137	52	16	43	90	127	31	94	154	117	21	87	186	141	189
sub-5169	62	92	14	144	148	147	176	88	58	66	26	128	35	129	41	17	152	119	18	11	120	139	15	199	170	44	197	125	155	141	86	82	100	134	181	121	167	60	177	192	25	12	198	111	64	93	182	138	7	54	81	19	68	150	55	34	183	166	104	164	101	112	118	53	190	33	189	135	97	61	185	140	89	67	133	46	48	161	127	20	194	69	99	169	102	29	163	188	178	2	73	59	3	122	172	158	95	103	149	13	40	143	51	108	85	132	160	171	47	110	159	94	145	195	43	186	175	200	157	106	30	196	168	31	109	57	32	63	146	154	38	27	75	123	184	115	78	114	113	105	79	72	179	16	22	10	96	28	74	50	165	70	180	6	1	36	4	21	9	87	80	124	45	117	137	193	39	90	42	23	65	91	162	116	153	107	8	173	71	187	84	142	83	174	136	37	5	76	98	126	77	130	52	151	49	131	24	56	156	191
sub-5175	154	31	1	113	135	103	184	171	39	102	131	44	41	89	25	16	162	8	10	5	54	111	34	199	148	106	197	69	155	181	169	177	90	132	108	189	142	71	195	185	6	22	198	124	33	57	160	61	17	29	82	28	35	125	56	2	156	141	96	93	18	58	60	73	196	9	180	119	86	38	72	136	88	40	117	24	138	127	145	19	182	85	63	161	68	110	153	97	128	13	37	36	26	129	98	74	122	67	176	175	159	168	12	95	115	126	192	165	76	91	150	15	146	186	45	191	152	200	187	92	7	51	158	30	62	77	55	79	172	144	166	167	137	23	163	121	164	178	59	80	101	114	139	14	32	50	105	46	116	70	123	118	173	42	47	20	43	48	27	78	52	66	21	140	147	193	130	112	11	4	149	170	133	84	109	104	99	179	81	134	143	83	64	183	3	157	53	49	75	174	107	87	120	151	94	100	65	188	190	194
sub-5176	112	7	19	2	4	5	183	175	61	92	142	70	55	40	22	31	78	116	17	13	104	54	48	198	157	101	187	76	180	1	3	8	89	79	151	178	135	83	195	144	18	53	199	80	46	21	94	140	63	35	109	36	77	138	10	25	6	148	173	171	30	99	162	124	196	15	181	106	105	16	149	154	115	42	81	84	160	93	145	57	163	141	103	166	120	161	121	177	158	29	72	37	24	71	153	62	152	73	126	123	137	51	58	9	41	43	191	133	44	110	107	59	66	130	69	174	167	200	176	102	33	197	169	27	28	52	95	45	185	39	139	117	128	100	164	114	143	179	90	97	170	118	155	32	49	68	86	75	127	11	125	74	186	60	67	12	47	65	64	50	23	111	38	156	119	192	146	134	91	14	165	172	56	85	122	132	108	190	20	194	159	150	34	182	184	147	87	26	82	168	98	131	96	88	113	129	136	188	193	189
sub-5177	188	7	11	27	31	128	169	195	51	34	16	132	110	108	24	1	114	179	25	18	48	47	5	198	80	95	164	20	185	189	39	158	44	15	71	70	161	122	190	28	42	58	199	100	104	141	10	154	37	19	160	125	82	88	124	45	105	53	117	65	148	81	168	134	193	46	97	59	86	115	184	145	144	109	85	127	192	175	176	130	196	61	151	162	93	138	64	183	181	91	116	113	56	43	170	22	186	29	102	112	173	118	90	21	49	68	197	84	9	30	75	72	139	73	63	62	187	200	191	111	23	150	171	13	6	67	52	142	78	136	182	40	123	36	165	99	3	174	54	107	172	55	166	50	41	35	77	140	76	12	60	8	33	26	32	74	120	106	121	163	133	146	94	167	79	194	147	66	17	38	129	177	126	178	2	4	131	149	57	157	153	101	143	137	89	159	87	119	92	69	152	103	14	96	135	156	98	180	155	83
sub-5194	152	52	17	37	63	92	183	178	16	105	132	45	41	109	19	12	153	69	9	2	79	97	18	198	150	100	197	74	163	179	104	175	76	112	158	186	146	67	194	133	1	24	199	128	62	77	72	127	23	21	94	48	60	129	38	15	91	167	93	154	124	11	136	95	196	5	119	8	70	27	180	137	108	34	75	101	151	148	155	71	191	125	81	159	110	147	83	176	166	30	4	26	7	22	90	47	102	56	131	174	164	181	84	96	98	54	170	135	59	87	177	28	139	144	58	189	130	200	185	43	10	195	161	13	42	53	68	36	173	89	162	160	120	80	172	107	140	184	20	65	145	103	156	14	29	51	86	64	114	55	116	46	190	40	35	44	39	33	57	99	31	85	6	143	169	168	111	123	66	3	157	113	49	121	25	134	73	193	122	192	142	138	61	149	171	165	78	50	117	141	118	82	32	106	88	115	126	182	187	188
sub-5198	145	56	15	100	134	157	174	183	16	103	93	98	36	86	18	10	159	114	5	1	29	106	24	199	179	77	197	81	176	184	173	126	90	127	169	187	138	59	195	178	6	32	198	125	68	78	129	99	39	26	85	25	63	128	2	12	141	168	137	142	52	23	156	87	194	7	108	61	31	13	132	113	96	27	92	82	170	144	148	62	155	136	14	65	49	147	124	150	139	34	83	33	17	89	107	119	143	46	171	181	165	177	72	121	102	123	190	152	57	101	175	58	153	189	48	188	149	200	161	94	8	196	158	20	60	80	74	51	185	95	163	164	162	84	41	97	160	140	67	79	154	115	146	11	22	42	112	55	117	70	133	105	167	37	45	40	43	21	53	38	9	66	19	131	151	172	104	111	91	4	35	44	75	122	28	76	30	135	120	193	116	118	64	182	180	166	71	47	54	130	3	50	73	88	109	110	69	186	191	192
sub-5202	44	14	115	9	15	38	197	193	112	172	94	107	27	153	89	43	162	156	22	24	122	170	116	142	189	118	57	36	195	134	113	151	117	175	187	198	182	148	141	171	84	128	199	76	73	85	159	63	78	109	163	110	21	178	20	69	190	192	191	177	102	41	108	98	188	106	196	135	93	86	127	74	145	70	133	61	181	60	138	144	180	119	160	168	155	186	92	165	131	79	90	103	39	105	53	23	185	45	152	194	1	2	5	3	8	4	174	183	149	167	25	12	68	28	17	33	137	200	96	56	16	32	54	72	34	132	126	26	154	42	6	10	7	19	35	29	130	62	82	158	67	50	59	30	124	111	40	100	51	66	164	83	37	65	91	95	47	114	139	121	49	140	11	31	77	150	166	81	99	52	173	87	58	80	75	88	123	143	101	179	46	104	64	18	48	129	97	125	136	169	176	55	146	71	161	13	147	184	157	120
sub-5203	143	66	24	104	140	147	184	156	32	98	105	87	20	13	7	6	11	50	3	1	77	91	36	199	176	60	197	55	171	137	155	181	30	28	168	187	96	18	195	185	17	38	198	90	64	25	138	114	43	33	89	48	40	86	15	22	151	132	154	152	49	79	129	83	196	12	153	106	72	37	180	115	58	27	102	80	163	120	127	61	190	131	82	146	93	117	148	178	63	39	26	41	14	124	164	95	126	34	167	165	162	177	85	123	108	118	186	149	84	97	175	62	139	170	21	92	144	200	135	23	4	2	65	19	59	81	73	67	172	110	141	158	142	71	169	122	157	182	52	68	159	103	150	5	16	29	44	47	78	8	130	111	188	31	53	45	51	35	42	94	54	75	9	134	160	183	128	113	46	10	145	166	100	88	119	121	70	192	76	193	133	125	57	179	174	161	69	56	107	173	109	101	112	136	99	74	116	189	191	194
sub-5222	179	49	1	37	65	98	87	17	8	2	15	3	84	5	4	14	6	153	27	7	69	24	23	107	104	67	36	73	191	195	106	159	22	78	76	93	11	25	198	51	19	41	199	146	70	108	50	158	52	44	121	83	99	155	81	46	170	141	130	129	166	102	183	105	197	38	189	48	145	57	194	53	94	29	40	132	156	180	114	97	192	161	124	174	136	138	89	184	168	79	125	86	61	150	163	18	72	115	95	77	178	188	33	62	100	60	190	169	32	21	148	20	59	110	68	118	157	200	88	147	43	185	149	16	55	47	31	9	117	28	186	113	133	96	64	143	164	140	112	128	187	35	176	12	42	30	66	92	74	71	131	139	196	58	63	54	80	91	103	45	116	101	75	175	181	182	173	109	122	13	142	137	39	152	135	177	90	167	162	172	171	111	10	85	193	144	119	26	127	165	120	56	134	82	34	154	126	160	151	123
sub-5230	135	22	17	15	14	65	197	196	89	171	188	97	129	19	23	39	48	103	66	58	160	176	147	199	68	120	61	34	175	42	33	77	91	180	46	179	81	78	181	57	108	136	198	186	165	121	25	104	152	138	174	144	164	124	146	115	84	116	190	192	70	55	169	118	123	102	92	74	26	35	98	163	170	109	37	64	195	191	189	166	90	187	142	54	119	184	21	183	100	125	83	122	56	72	141	28	177	167	63	107	1	2	7	3	4	5	69	193	20	76	6	9	32	45	150	36	85	200	75	110	99	95	148	67	40	173	156	59	96	31	11	10	8	13	51	27	43	111	71	80	132	47	44	113	131	157	145	158	130	117	50	112	178	149	151	101	134	143	161	86	168	73	62	18	53	162	94	126	79	87	30	12	24	172	49	93	88	106	154	128	60	185	139	29	127	194	159	155	114	38	133	105	153	16	137	41	140	182	82	52
sub-5234	180	54	38	151	52	163	185	192	123	144	176	133	88	56	35	29	33	135	31	13	140	97	22	199	171	154	197	68	177	146	73	64	67	109	182	129	160	45	191	194	42	61	198	158	81	75	152	49	105	106	156	111	141	170	118	77	95	92	53	100	70	57	169	161	179	60	21	122	18	72	172	101	44	113	130	20	189	134	139	128	193	175	142	114	98	121	132	174	27	24	17	117	80	157	187	165	173	136	153	168	186	82	107	148	79	69	196	178	143	41	188	62	164	181	66	65	50	200	99	16	9	43	30	90	131	110	104	155	195	166	91	46	47	25	48	83	184	119	14	115	127	138	23	71	108	58	87	116	126	12	55	147	10	76	89	84	103	94	124	149	74	26	37	96	15	40	11	85	86	51	5	2	137	93	8	19	150	190	1	4	120	59	102	28	6	162	145	125	34	7	63	3	167	78	112	159	36	183	39	32
sub-5237	125	96	41	129	148	132	190	163	80	47	73	103	40	123	55	51	169	102	39	26	119	114	71	199	173	70	198	111	36	187	167	181	112	144	180	176	162	90	195	186	33	67	197	110	37	76	77	91	53	29	101	45	8	7	10	34	57	149	174	156	142	65	134	115	193	17	15	50	116	58	98	145	124	24	32	117	177	155	157	52	175	59	19	6	79	126	136	160	168	35	108	72	23	104	152	131	88	31	140	184	68	188	56	84	133	135	141	161	106	128	178	93	158	183	43	191	164	200	185	120	44	196	171	60	97	107	94	87	189	130	54	21	166	105	159	121	143	150	69	86	138	113	165	22	46	81	63	82	122	83	25	95	154	74	49	20	42	78	66	61	12	9	4	11	172	192	147	118	75	18	1	3	48	99	139	151	92	182	137	194	153	109	62	28	179	170	38	14	85	5	16	127	89	100	64	27	30	13	2	146
sub-5243	138	52	4	112	133	102	175	180	30	64	75	88	37	97	11	1	156	55	9	3	91	105	25	199	181	103	197	80	131	177	172	87	46	86	134	183	125	58	184	160	7	28	198	118	66	20	146	126	33	35	76	45	32	56	12	5	136	96	165	152	44	74	159	81	189	10	174	78	83	38	178	85	62	34	115	23	149	142	145	40	185	137	49	140	107	111	150	173	147	36	41	15	16	128	167	129	98	53	170	101	135	171	69	130	114	95	190	155	73	60	139	47	144	188	43	186	157	200	176	79	14	196	163	17	65	71	70	90	166	143	153	161	94	2	148	93	121	182	24	82	117	108	154	8	18	48	109	54	104	19	132	124	187	21	42	31	26	22	27	92	39	61	13	106	72	193	57	123	59	6	158	162	116	110	29	141	99	192	120	194	84	119	63	168	169	127	68	50	113	164	67	51	122	151	89	77	100	179	191	195
sub-5258	1	84	15	138	42	3	4	7	96	31	11	27	8	168	35	18	158	50	23	6	165	135	98	199	180	130	197	110	41	106	125	14	34	181	149	143	175	30	178	171	74	133	198	10	47	32	182	177	137	111	131	142	2	13	44	113	169	120	86	83	144	160	190	166	196	81	186	154	170	104	193	60	54	46	176	108	21	24	17	155	188	179	65	118	121	139	185	189	163	53	45	72	36	28	126	90	114	19	184	187	80	164	63	172	146	148	127	128	5	87	38	152	161	67	25	88	40	200	195	78	100	33	115	85	122	116	61	48	124	43	117	167	123	102	58	134	64	57	103	159	66	68	97	26	56	73	37	51	9	79	173	174	162	95	82	59	132	55	145	69	70	16	12	20	147	89	109	101	62	77	157	136	156	112	150	129	71	140	49	91	76	105	29	93	92	22	141	119	107	191	99	75	52	151	39	94	153	194	183	192
sub-5259	174	133	75	76	97	47	184	181	132	142	154	34	72	8	20	23	3	78	7	1	117	61	116	199	145	173	192	63	196	182	33	183	19	58	155	169	15	10	191	160	77	122	198	119	104	29	125	60	111	112	146	109	147	170	84	74	195	66	91	178	64	27	136	92	189	79	187	50	69	65	55	135	106	123	44	38	194	120	166	113	49	165	158	176	137	186	93	46	13	68	16	107	88	168	171	21	188	140	130	71	151	152	118	143	62	17	197	121	144	163	193	36	9	83	110	105	53	200	51	24	5	37	32	30	45	148	139	67	175	52	177	115	108	18	48	35	43	134	6	22	149	87	56	82	100	129	126	96	90	28	86	4	80	124	127	59	114	131	99	54	141	167	102	185	12	73	25	31	14	41	179	190	26	42	40	57	156	95	39	85	180	103	101	128	94	138	81	98	11	159	172	2	89	70	157	150	161	162	164	153
sub-5265	173	114	57	154	176	177	180	190	118	149	100	150	112	148	77	76	182	134	82	56	84	153	71	199	87	137	198	143	18	88	166	31	43	59	145	151	109	119	194	189	85	106	197	86	129	139	27	81	123	105	144	92	67	25	52	66	13	4	12	22	63	64	68	72	39	93	3	2	29	40	38	36	30	54	1	33	5	14	8	128	44	170	35	6	16	7	9	73	49	60	50	110	65	101	107	17	51	46	24	19	159	136	75	98	161	146	169	185	141	95	192	132	174	195	130	187	184	200	193	133	97	196	188	91	78	102	80	96	179	175	186	164	168	131	124	155	181	191	47	142	172	158	183	90	108	83	152	121	53	135	45	156	178	115	74	113	125	127	120	122	126	48	79	62	28	147	167	163	116	70	23	15	21	32	162	117	140	165	157	171	41	26	58	11	94	10	138	104	111	20	99	89	160	34	69	55	61	37	42	103
sub-5266	159	15	46	120	166	162	122	126	55	18	66	109	73	128	51	40	178	132	30	13	63	50	9	127	121	11	150	35	97	148	183	188	42	116	161	165	170	60	197	129	2	12	187	149	87	103	176	91	3	56	17	57	88	152	32	5	124	118	156	182	81	19	93	22	194	43	112	76	114	21	34	164	44	24	140	115	133	167	163	49	174	100	72	153	101	62	158	96	181	71	108	4	6	47	123	65	82	25	131	189	59	143	74	77	70	137	147	168	110	125	98	90	171	69	85	193	111	200	175	119	36	141	184	28	89	54	20	113	180	52	83	78	179	107	172	105	106	190	48	84	151	95	99	1	8	68	136	67	142	92	41	117	169	10	39	61	31	7	33	64	94	130	58	145	155	196	104	86	38	23	173	185	75	27	138	160	45	29	146	199	102	157	79	177	191	80	53	16	14	186	134	135	144	154	139	37	26	192	195	198
sub-5273	167	77	34	95	156	170	187	164	66	101	98	117	4	122	36	27	165	127	19	14	113	129	25	199	181	51	197	109	177	160	120	183	90	138	153	191	157	80	196	112	18	33	198	139	79	46	168	91	9	45	60	55	84	141	10	20	176	152	142	166	114	49	93	44	195	26	174	21	43	5	22	145	115	59	147	39	159	155	134	64	2	83	103	172	87	92	128	8	105	32	78	50	3	71	178	126	158	81	136	107	175	185	47	118	94	97	194	169	88	61	182	29	163	192	75	193	149	200	179	100	15	151	146	42	69	40	54	104	188	173	154	144	41	38	131	52	143	180	48	89	171	135	132	11	30	67	125	73	124	62	56	119	140	53	13	58	24	65	37	1	74	82	35	121	99	184	96	116	86	7	111	137	150	70	17	102	23	57	28	189	108	123	76	161	186	162	68	63	6	31	130	12	72	148	85	133	106	16	110	190
sub-5277	134	99	5	18	50	7	174	121	42	123	58	24	65	111	39	43	151	86	37	25	35	76	62	199	112	70	103	53	135	176	12	143	120	157	126	185	165	52	195	38	36	71	197	138	95	29	32	140	73	56	81	85	9	113	11	23	46	55	175	170	110	60	166	117	196	31	118	19	116	79	180	146	132	22	16	124	100	149	144	101	188	158	47	128	33	59	21	182	171	72	45	67	51	115	169	28	92	20	89	49	2	13	3	4	8	1	15	77	44	136	114	17	160	172	63	191	163	200	181	57	48	198	159	41	82	109	106	102	184	127	93	108	10	96	177	141	122	183	90	87	155	107	161	34	54	74	94	88	97	83	129	130	187	75	78	64	80	84	91	119	40	137	6	69	167	192	154	145	61	30	156	178	66	104	98	133	142	189	150	190	162	153	26	164	173	168	105	68	147	179	148	152	131	27	139	14	125	186	193	194
sub-5282	166	155	100	137	146	123	68	193	89	109	83	147	74	105	42	54	189	93	102	71	33	31	2	199	26	9	198	21	90	135	87	104	133	154	51	57	130	136	62	67	36	3	197	116	50	152	77	16	1	14	91	44	76	61	65	28	120	115	95	48	114	8	32	10	41	15	151	64	85	19	30	110	142	75	49	35	103	188	158	13	121	24	55	84	29	52	69	43	125	39	153	45	5	88	23	82	127	113	72	7	175	191	161	182	162	176	196	141	111	53	128	150	187	186	80	195	181	200	194	101	112	157	171	81	149	60	38	143	159	173	167	96	178	148	177	174	99	180	160	163	126	92	129	58	70	20	94	97	132	134	145	40	59	27	12	11	37	86	18	63	144	107	117	168	184	190	119	47	34	17	124	170	179	172	98	122	22	56	139	192	165	185	66	156	140	106	4	6	25	164	118	108	73	169	46	78	79	131	138	183
sub-5288	172	5	15	40	59	125	189	170	69	128	152	71	63	21	6	1	85	74	23	4	123	127	49	198	156	120	83	3	187	185	148	155	32	97	147	188	93	102	193	22	13	52	199	135	42	95	2	117	75	50	109	80	92	151	62	30	105	164	142	162	36	43	146	121	178	11	107	38	8	34	173	57	101	28	68	70	182	124	159	104	161	158	111	154	129	167	112	183	108	65	24	29	39	115	44	88	165	100	136	186	180	181	60	76	132	131	196	176	114	133	190	77	94	118	18	153	175	200	99	119	10	91	96	48	54	116	84	14	61	56	179	174	171	9	143	86	41	192	58	98	145	26	55	31	51	73	12	27	122	64	66	90	169	53	78	33	79	67	87	81	103	130	16	157	89	195	110	37	20	17	166	163	72	140	45	7	126	19	35	134	141	160	47	168	150	177	106	82	25	184	139	46	138	113	137	144	149	194	197	191
sub-5289	180	160	125	176	167	105	101	170	100	126	85	164	4	40	23	2	21	37	14	13	17	30	52	130	132	42	106	45	187	198	193	76	96	49	90	51	70	48	78	72	27	36	199	18	9	32	97	145	102	47	174	149	158	182	116	60	166	79	142	88	94	124	91	41	181	16	195	159	118	138	183	112	115	28	113	50	77	15	53	98	196	163	169	191	110	122	127	189	86	74	67	114	131	175	133	68	99	84	137	162	172	192	171	186	179	123	197	139	144	104	173	141	26	66	8	39	146	200	57	25	56	12	46	1	3	7	31	11	54	55	185	136	117	161	82	150	69	108	80	58	59	22	63	43	5	33	65	10	6	35	111	152	190	38	34	75	135	129	119	165	147	178	134	148	140	71	29	24	20	89	154	121	153	184	107	44	177	188	120	73	156	103	19	151	83	64	109	62	155	87	168	81	61	157	95	143	92	194	128	93
sub-5290	69	5	65	112	21	131	59	97	15	92	152	104	34	144	63	52	175	147	46	12	123	115	13	199	191	41	198	103	22	187	178	188	134	32	186	174	167	98	64	88	55	53	197	153	66	108	76	137	78	54	73	77	6	43	25	20	118	171	181	154	18	110	107	72	139	24	185	127	132	89	179	161	145	23	116	101	158	168	162	4	189	56	91	165	99	146	113	119	177	14	114	44	62	135	170	136	94	8	184	130	68	190	95	79	51	1	183	163	87	143	157	106	141	90	58	182	173	200	193	71	67	196	172	28	93	42	9	80	57	49	19	176	180	126	84	111	129	40	74	124	26	61	140	10	17	33	96	100	117	105	150	83	85	86	36	47	82	30	31	128	70	7	60	2	138	195	35	50	45	11	38	155	159	121	156	133	142	109	102	194	149	160	39	192	169	166	3	75	37	120	27	81	125	151	122	29	16	48	164	148
sub-5292	193	172	152	171	122	188	181	196	161	183	190	176	141	96	138	101	149	151	107	127	178	184	150	199	166	174	195	110	115	81	120	194	106	88	164	109	83	108	191	153	82	91	198	158	132	136	87	123	137	119	144	133	116	157	140	142	69	97	71	129	76	99	182	180	197	63	35	68	125	126	156	186	131	65	103	74	169	52	148	98	187	170	163	90	168	134	146	173	117	124	111	155	154	185	177	128	192	145	165	179	38	27	121	100	26	29	175	112	139	77	162	89	75	159	114	167	43	200	104	95	79	160	189	118	53	105	102	130	147	113	18	23	8	17	7	5	45	31	22	37	51	32	47	78	56	84	64	93	42	73	16	40	46	86	85	80	55	70	58	92	72	19	59	6	2	11	24	50	34	54	10	1	3	9	21	15	61	44	49	28	67	25	36	12	20	33	94	143	60	14	62	30	135	4	57	13	48	66	39	41
sub-6034	128	156	138	180	94	185	34	120	82	167	115	163	112	177	150	141	189	178	133	127	125	86	126	197	49	89	199	173	13	27	35	129	145	164	188	166	158	159	155	110	65	52	196	102	21	122	68	1	20	58	84	154	19	26	48	116	41	132	175	95	147	32	83	172	195	109	2	117	149	134	31	96	107	61	114	45	66	24	113	90	106	91	70	3	30	4	64	130	152	124	142	80	78	146	136	79	100	42	15	5	77	137	168	160	108	179	162	73	161	93	190	157	183	193	105	194	140	200	191	176	144	198	187	143	71	131	98	169	170	181	55	23	99	171	192	135	184	139	60	104	165	62	186	97	121	37	16	56	25	59	46	69	6	54	14	39	151	101	81	88	74	12	17	29	148	92	75	174	67	103	7	8	119	63	50	182	85	28	87	118	111	57	40	18	44	38	76	123	43	9	51	53	153	72	47	33	22	10	11	36
sub-6065	110	43	13	44	107	144	166	178	68	71	104	113	51	119	47	31	160	70	34	19	96	95	32	199	180	129	197	99	179	172	153	151	106	105	183	190	123	94	169	189	6	18	198	126	50	100	159	73	7	11	33	9	90	140	39	20	171	174	173	164	41	69	109	74	162	28	170	132	37	61	60	134	114	35	93	17	112	131	142	5	143	16	92	148	58	108	138	54	122	26	77	45	12	135	152	139	124	89	168	155	78	163	29	59	82	98	188	156	30	103	146	80	154	191	57	193	161	200	187	102	40	195	165	53	88	65	72	101	175	167	133	128	125	81	185	120	149	186	87	111	56	130	158	15	52	23	64	48	115	91	145	55	76	4	8	10	2	22	1	36	75	79	14	147	177	192	84	85	27	21	157	176	141	117	46	42	24	118	121	137	63	116	38	182	136	86	3	49	25	184	83	67	66	150	62	127	97	181	194	196
sub-6073	124	177	178	141	93	111	114	194	171	191	156	143	94	112	115	131	148	60	163	167	116	80	69	51	45	57	138	110	1	85	2	71	78	96	98	79	84	119	3	66	153	54	4	73	5	50	6	7	8	58	122	139	74	9	117	134	43	10	11	76	12	13	14	47	15	157	16	17	18	75	19	48	20	77	21	22	23	24	25	133	56	97	105	26	59	27	28	62	52	29	30	140	83	68	31	32	136	118	33	34	187	185	186	193	172	190	189	195	183	192	197	181	161	165	137	173	155	200	198	126	175	199	196	162	129	142	154	90	135	160	145	108	164	152	123	166	128	132	120	174	44	106	42	170	149	67	102	151	100	61	70	55	35	130	36	107	180	150	184	125	169	87	144	121	127	101	81	37	46	168	99	95	88	91	41	38	158	39	64	53	188	103	89	65	40	82	182	179	147	49	159	104	92	109	176	146	113	63	72	86
sub-6206	62	73	89	33	55	86	51	85	74	123	149	138	105	125	91	78	171	162	66	63	135	98	93	199	67	146	198	126	25	40	53	164	141	166	177	190	168	130	196	82	77	95	197	158	115	132	56	165	102	54	122	96	35	29	71	84	83	110	179	181	154	117	173	139	191	79	31	65	129	107	176	169	152	17	28	140	24	16	26	104	187	159	103	52	58	60	41	185	180	57	133	100	87	167	183	42	70	59	45	37	1	2	8	3	4	5	48	64	121	68	109	43	160	192	120	193	151	200	175	136	72	195	182	50	34	134	90	147	188	178	6	7	10	88	145	92	94	184	101	131	172	47	174	76	80	118	157	119	75	124	36	163	189	108	106	111	114	113	116	148	38	19	32	9	22	142	156	127	144	69	21	13	20	49	137	170	155	186	150	194	81	27	15	14	153	11	128	99	161	30	112	97	143	18	44	12	46	39	23	61
sub-6222	152	83	26	80	151	129	182	124	35	132	65	31	32	6	7	8	13	113	17	11	137	148	98	200	188	153	178	22	160	185	173	127	53	109	115	36	34	12	196	181	48	93	199	104	61	21	107	150	106	92	146	108	2	42	15	58	161	110	52	56	62	122	176	158	197	55	82	99	54	3	172	144	28	72	123	117	166	63	94	111	186	167	130	64	155	177	169	187	84	95	74	89	40	100	175	147	143	25	184	190	179	159	57	105	96	128	183	168	69	156	180	68	9	14	24	5	29	198	18	23	16	4	10	70	45	135	125	87	191	27	163	171	139	71	46	37	39	97	33	44	49	126	66	51	78	112	43	60	20	19	118	157	194	103	90	79	91	75	116	120	50	102	1	101	77	154	47	121	119	38	165	86	30	67	81	134	41	195	76	170	145	59	73	174	149	114	131	85	138	164	140	133	141	142	88	136	162	193	189	192
sub-6241	81	93	103	95	33	21	148	97	41	161	183	48	40	28	45	9	18	1	2	4	180	168	149	198	111	150	187	56	27	22	20	36	11	12	59	91	25	29	6	114	126	152	199	63	120	5	19	101	158	145	174	130	7	37	44	128	39	14	34	57	3	124	188	138	85	108	30	23	35	117	173	78	49	127	26	43	134	104	67	170	189	186	142	69	116	92	58	184	75	106	13	153	99	185	194	15	175	38	86	112	113	64	125	55	50	54	197	139	176	178	193	46	121	140	70	146	165	200	190	24	32	17	76	136	80	177	169	166	196	132	68	60	83	66	107	79	163	192	42	88	71	102	77	109	144	157	96	119	82	16	84	137	123	141	160	143	154	156	164	159	72	73	8	65	74	195	52	131	133	122	87	10	53	110	89	31	167	191	62	61	181	90	118	98	115	100	172	162	171	94	179	105	151	47	155	51	147	182	135	129
sub-6252	1	64	103	2	3	4	5	60	122	88	6	7	137	182	194	159	196	120	170	185	65	68	92	95	8	79	145	97	9	10	11	12	71	108	77	89	138	155	74	80	96	101	13	127	139	94	14	110	84	156	105	143	15	16	58	147	17	61	59	83	70	81	67	18	56	183	19	57	82	134	188	20	129	178	76	112	104	113	119	175	181	180	21	22	23	24	25	174	160	173	107	130	115	116	85	26	99	27	28	29	30	31	32	33	34	35	36	37	38	39	40	41	172	135	146	195	126	200	163	131	169	158	190	124	106	148	91	149	186	167	42	43	44	66	45	69	128	154	73	118	63	100	102	153	136	142	162	140	121	123	141	157	199	165	132	176	177	151	184	187	114	46	86	47	48	133	111	87	90	192	49	50	144	161	152	125	166	198	164	168	51	93	179	62	171	109	189	197	193	78	98	191	150	52	53	54	75	117	55	72
sub-6258	135	73	24	102	146	159	175	147	14	93	111	58	12	95	10	5	32	59	9	1	71	63	30	199	185	105	197	57	152	163	177	186	89	137	126	166	153	70	194	190	7	38	198	83	22	45	164	119	44	21	79	51	67	82	52	15	171	170	174	154	113	77	155	107	196	16	184	123	94	35	145	132	91	28	87	88	179	80	98	72	122	116	47	151	114	138	139	167	104	33	64	31	25	130	178	134	108	40	180	172	173	157	84	103	118	127	192	128	62	100	27	2	124	181	4	183	162	200	168	34	20	96	61	6	53	66	65	85	189	142	143	165	161	48	140	133	158	160	76	90	150	117	120	19	18	54	23	26	13	37	39	110	86	43	46	42	49	50	60	11	75	36	3	149	176	193	56	99	92	8	156	144	141	115	81	97	109	136	121	74	17	112	69	187	131	169	78	29	106	182	101	68	125	148	41	55	129	188	191	195
sub-6345	40	73	164	1	2	35	30	159	148	161	98	63	128	192	186	182	195	129	184	179	188	189	162	197	152	147	199	112	3	24	4	108	107	142	146	177	154	167	45	183	145	124	168	150	93	55	178	165	151	170	136	106	25	34	71	156	36	126	171	113	43	181	141	110	33	153	23	135	122	190	187	138	155	157	123	74	131	133	163	111	175	160	100	48	75	80	130	169	140	95	47	176	174	193	191	70	120	66	81	82	5	6	26	7	8	9	28	92	32	50	10	38	143	109	99	194	60	200	185	27	180	198	196	115	78	101	102	139	134	173	11	12	53	39	29	37	88	61	85	79	13	49	56	97	54	68	91	127	89	103	65	158	137	87	72	96	62	76	69	149	64	14	57	15	31	41	16	58	90	117	17	18	77	83	121	94	125	144	104	52	114	118	84	67	51	105	132	166	116	19	42	119	172	46	86	20	21	44	22	59
sub-6356	57	44	53	106	88	126	135	149	75	62	124	113	81	132	42	54	175	137	45	38	114	74	23	199	98	34	198	118	128	47	60	168	123	156	166	189	165	110	195	83	28	76	197	151	108	107	109	77	14	69	20	15	25	129	2	36	103	174	143	171	93	112	153	67	196	52	182	142	16	30	84	158	95	79	150	7	178	78	169	61	12	101	3	63	8	26	159	6	1	9	11	10	24	13	40	125	131	92	170	185	71	85	33	82	80	127	164	148	31	32	115	102	162	190	94	194	173	200	186	117	56	138	176	59	89	50	41	46	68	167	65	134	90	99	183	154	104	187	111	116	177	22	160	49	66	51	130	87	144	96	146	133	140	43	91	27	35	86	55	17	100	121	64	70	180	193	157	122	97	39	73	179	161	147	37	141	119	21	18	184	155	152	105	172	58	181	19	72	5	163	136	4	145	120	29	48	139	188	191	192
sub-6474	165	61	22	74	125	127	170	163	77	94	60	30	19	59	13	5	16	25	4	2	114	132	47	199	188	136	197	75	183	190	145	130	24	46	178	105	93	17	161	192	27	66	198	108	52	7	160	142	64	43	117	28	98	146	68	36	176	85	137	112	35	104	168	135	193	31	154	92	116	71	177	18	67	70	102	87	153	100	78	89	189	110	106	171	134	155	159	173	111	41	45	65	39	149	180	109	162	97	157	123	175	186	103	119	120	91	195	169	79	129	147	57	138	37	14	32	51	200	62	9	8	1	10	48	101	84	82	115	185	156	174	152	166	23	95	49	151	122	3	6	53	139	121	33	56	81	29	38	11	15	113	140	164	72	69	21	44	63	86	88	90	128	42	158	172	187	143	133	96	12	167	181	126	107	80	99	118	196	54	26	73	20	50	179	131	83	58	34	76	182	124	40	148	144	55	141	150	184	194	191
sub-6480	11	74	27	51	148	16	37	14	72	123	152	25	54	23	32	19	90	79	10	15	107	130	57	199	150	132	197	77	110	68	176	165	78	96	88	174	153	45	81	146	24	56	198	121	89	43	18	50	35	55	103	69	2	5	1	22	178	154	17	144	36	101	129	127	95	30	112	142	34	61	184	94	65	62	114	7	126	102	91	87	190	157	12	4	8	9	111	167	115	47	21	63	33	119	166	135	163	6	162	188	158	182	92	145	120	122	193	172	82	116	173	64	133	131	49	180	151	200	185	109	29	28	171	46	93	99	80	113	189	160	177	170	169	40	183	140	175	161	38	83	149	136	147	26	58	75	44	84	97	31	141	134	187	52	66	59	70	53	76	104	13	106	3	98	164	192	67	60	42	20	155	179	156	139	71	85	108	195	41	159	138	39	86	186	125	117	100	73	124	181	118	48	137	168	128	105	143	191	194	196
sub-6483	53	17	28	128	21	60	93	170	61	115	109	87	84	74	69	62	119	153	51	55	137	134	83	199	187	159	197	127	13	8	11	41	57	97	185	124	156	116	195	188	49	104	198	175	136	126	163	92	111	99	133	113	1	9	6	66	20	5	14	30	177	86	180	174	196	71	2	24	110	39	164	81	140	33	19	154	166	106	130	139	169	178	131	4	79	23	77	117	82	102	103	94	89	141	148	15	125	16	70	42	18	25	45	37	26	31	190	186	73	168	91	38	76	149	114	172	161	200	85	78	40	54	58	72	52	147	138	88	189	90	36	63	29	35	12	22	158	152	50	65	183	151	182	43	75	121	162	132	167	98	157	120	184	107	118	108	112	95	123	135	27	44	7	32	10	48	145	142	101	59	129	3	46	47	105	144	165	181	160	194	155	96	34	179	191	80	143	100	146	64	150	67	122	68	173	56	171	193	176	192
sub-6498	10	98	71	93	23	96	4	131	65	111	156	122	94	144	80	73	175	142	64	51	66	49	78	198	62	46	199	104	2	8	21	169	121	161	124	190	171	91	182	117	57	55	197	159	112	106	17	107	40	81	82	36	11	9	26	44	20	25	133	162	27	74	132	136	196	61	1	29	63	86	153	157	143	50	6	43	139	53	168	5	125	54	22	3	15	7	18	116	77	88	56	58	47	85	39	14	149	13	12	24	32	37	128	147	84	158	194	163	115	145	184	109	172	192	97	193	167	200	187	134	72	181	178	52	41	110	102	123	183	174	38	42	176	103	186	160	151	188	113	129	170	130	173	69	60	33	148	105	150	95	126	154	191	70	48	90	75	89	31	79	92	34	35	59	180	177	155	135	118	45	28	19	152	99	146	68	141	189	119	195	165	164	87	127	185	179	83	76	120	16	108	114	140	30	138	100	67	137	101	166
sub-6503	10	95	40	128	142	103	18	6	39	125	139	43	33	69	30	13	37	88	17	15	8	92	49	198	165	97	196	110	2	22	180	184	85	107	179	71	34	21	195	187	27	53	199	123	94	59	169	143	67	51	73	70	1	3	4	26	16	176	77	82	140	90	144	52	191	35	7	105	116	60	182	108	54	44	150	114	177	166	100	93	189	156	25	28	11	14	152	178	172	55	111	46	41	61	160	151	146	5	64	161	148	145	86	80	12	126	131	168	87	119	162	75	120	188	84	135	65	200	56	112	20	197	113	42	83	102	91	109	186	171	153	23	118	81	175	104	136	57	19	24	173	130	163	36	45	72	127	79	66	74	155	147	190	62	58	48	68	50	78	115	63	38	9	31	170	47	154	138	106	32	158	133	157	141	149	159	101	193	132	194	164	29	89	117	183	167	99	76	134	181	96	137	98	121	129	122	124	185	174	192
sub-6512	122	86	41	136	155	134	161	186	77	78	124	116	64	106	25	36	181	102	22	14	4	71	15	199	163	82	198	68	176	175	164	165	111	150	56	172	162	95	191	144	21	35	197	142	38	10	177	98	58	31	104	52	1	118	66	26	179	180	154	173	72	87	174	73	195	33	152	141	110	69	189	137	120	60	147	90	45	83	107	50	183	131	85	166	61	92	168	81	121	3	12	65	20	145	178	148	125	101	128	115	133	169	114	132	127	113	170	157	84	67	75	79	140	192	34	194	119	200	185	93	13	196	187	8	53	43	32	105	188	159	100	94	117	96	139	76	97	167	5	49	149	55	123	39	23	28	74	42	99	7	63	108	138	47	46	2	19	16	17	51	103	135	24	160	126	190	88	109	89	18	158	151	153	130	27	59	70	193	9	184	112	37	80	57	48	54	30	62	6	146	40	11	91	156	29	143	44	171	129	182
sub-6529	25	44	56	38	78	36	79	31	33	1	2	59	170	141	97	87	155	68	103	100	107	40	112	132	23	58	199	164	3	126	189	188	66	109	82	94	145	84	137	52	128	167	197	179	178	73	161	120	76	144	110	171	72	54	101	150	194	111	108	125	64	24	50	185	139	158	186	77	180	41	21	192	60	75	81	131	4	183	119	53	113	190	114	5	20	35	133	157	191	149	86	122	104	96	138	45	6	98	48	18	7	195	168	62	156	28	46	26	47	8	196	63	142	169	166	181	121	200	154	65	102	198	146	43	9	136	22	37	32	163	19	39	147	55	152	83	176	92	80	93	99	29	193	95	135	129	187	162	134	85	117	10	57	115	88	143	174	105	90	127	106	49	89	27	74	159	130	160	30	153	11	12	124	116	70	177	91	42	118	172	140	184	71	67	148	13	165	173	175	14	151	182	61	123	15	51	69	16	17	34
sub-6535	163	31	39	92	153	108	26	166	55	124	138	110	52	43	53	45	150	94	5	21	24	60	47	196	17	120	198	93	160	187	159	185	111	117	180	171	157	50	195	109	1	40	199	35	80	7	30	147	46	63	84	69	3	113	18	13	164	33	169	179	123	68	168	130	194	29	146	38	101	74	184	154	79	56	105	83	134	99	156	87	189	149	44	2	41	4	49	170	161	20	65	15	51	66	178	148	152	6	14	72	174	181	64	58	121	85	172	167	103	128	186	77	12	71	57	16	91	200	27	8	19	197	173	25	28	75	88	89	188	127	176	155	95	100	158	32	177	106	37	9	97	76	34	10	22	61	125	90	135	70	151	48	190	54	36	78	67	73	82	118	42	104	11	137	119	140	133	129	102	23	98	175	139	145	115	143	122	191	126	192	162	114	62	183	142	144	96	81	112	86	132	107	141	165	131	59	136	116	182	193
sub-6616	124	38	7	78	126	149	122	40	32	5	85	116	62	90	44	29	179	31	30	27	11	1	3	199	73	14	198	114	188	170	97	151	92	45	88	185	171	100	187	189	43	12	197	158	110	99	173	152	23	55	130	51	82	134	69	46	89	113	131	141	150	101	146	24	195	41	184	119	120	36	168	128	139	76	93	112	107	160	175	42	174	115	47	166	67	118	137	177	183	64	105	74	18	135	94	127	28	106	22	16	10	161	13	37	129	111	19	6	9	4	169	86	144	192	98	193	181	200	180	59	20	196	178	2	54	33	81	79	147	153	125	58	136	70	133	75	145	61	80	48	91	123	142	49	57	8	148	77	132	109	163	140	190	63	15	60	68	66	35	21	108	84	53	159	95	87	117	39	102	26	172	182	157	96	154	83	34	164	143	194	121	156	52	186	162	165	65	71	104	176	138	155	72	167	17	56	50	25	103	191
sub-6632	1	147	192	130	2	76	3	4	87	124	95	131	151	5	126	145	84	97	168	170	6	7	118	86	8	9	139	129	10	11	12	70	100	72	13	14	15	16	17	18	123	103	19	85	155	146	20	73	90	160	68	21	89	22	93	141	23	24	25	26	27	28	29	30	31	167	32	33	34	35	78	82	36	137	37	71	38	39	91	80	40	119	41	42	43	44	45	79	74	105	94	106	46	47	48	49	50	101	51	52	53	54	183	135	83	166	149	121	189	164	194	193	177	197	195	199	176	200	191	161	172	187	198	157	113	182	188	175	174	196	55	56	140	180	158	173	136	185	156	179	163	115	181	153	111	152	186	190	120	159	117	142	69	116	148	127	75	122	57	77	138	58	125	59	109	162	134	171	154	178	60	61	107	112	114	143	98	62	144	128	184	150	132	81	110	88	96	169	99	63	64	104	165	133	108	65	66	67	92	102
sub-6640	133	90	24	92	153	33	187	183	32	86	96	43	46	85	9	20	165	106	29	15	52	51	42	197	109	134	199	94	157	163	177	170	72	151	150	137	112	49	194	168	37	63	198	80	97	93	166	54	45	34	70	77	8	22	35	44	174	176	88	167	138	66	119	91	195	11	169	142	38	59	123	155	102	48	121	87	173	164	161	99	178	152	110	21	113	158	146	114	78	64	27	30	50	111	58	139	162	13	149	184	175	180	25	147	136	53	189	145	17	100	14	56	120	172	36	122	41	200	156	61	39	196	126	55	69	107	82	115	179	116	98	159	127	84	171	131	95	60	23	57	75	125	83	16	18	65	117	31	103	67	154	129	188	40	79	73	74	47	76	118	6	1	3	4	128	186	124	62	101	28	2	5	148	104	144	108	132	191	141	192	89	26	71	181	185	143	105	81	130	12	10	68	140	160	135	7	19	182	190	193
sub-6657	47	83	13	149	162	151	176	142	40	103	121	136	58	141	66	62	157	101	55	42	27	46	22	199	104	12	198	117	9	65	108	120	81	159	145	85	171	98	196	189	16	38	197	134	54	94	180	89	34	7	33	10	8	30	35	25	96	107	153	84	152	74	19	39	192	2	92	110	127	68	148	29	135	5	70	91	59	76	173	21	190	49	73	93	64	53	109	169	178	69	111	41	26	61	182	138	44	28	77	36	31	102	24	132	150	156	86	32	119	90	187	100	167	194	95	193	174	200	191	80	60	181	168	45	97	118	56	112	163	172	20	87	155	116	72	143	177	170	88	123	183	147	179	15	57	75	128	43	122	106	164	126	188	71	67	18	23	63	11	115	48	51	1	37	160	165	161	125	50	4	105	113	158	154	140	166	129	184	144	195	133	146	3	137	185	131	14	6	124	186	78	114	99	175	17	52	79	82	139	130
sub-6668	82	172	149	184	157	162	39	139	101	140	164	151	146	180	161	153	155	179	130	129	154	182	141	198	177	181	199	178	20	143	165	148	133	171	190	197	183	163	188	175	97	84	114	117	125	160	138	59	57	104	75	80	16	1	27	116	66	166	185	194	105	67	134	132	170	126	8	81	73	111	98	135	176	78	88	21	63	31	173	102	118	131	54	2	37	46	92	99	38	62	56	110	68	91	90	103	87	24	112	107	60	106	174	123	79	124	147	115	167	137	156	144	192	187	145	196	186	200	191	128	122	152	195	83	95	65	100	113	150	159	22	71	93	169	136	127	121	189	108	168	64	74	94	45	48	44	89	142	77	85	49	70	29	30	34	32	43	47	55	72	18	3	17	12	50	193	26	51	61	96	4	5	41	86	36	25	58	28	19	9	120	119	11	15	6	23	69	109	35	7	14	10	158	53	40	13	33	52	42	76
sub-6681	57	86	12	145	165	10	25	100	46	49	88	120	51	26	8	5	76	125	16	6	104	128	19	198	189	67	197	63	72	190	182	59	14	137	140	99	136	44	196	186	13	50	199	138	92	108	180	150	28	48	85	64	2	27	11	30	161	95	81	23	131	109	103	79	158	33	164	74	122	62	172	39	111	53	146	70	141	170	177	47	168	54	84	159	117	151	142	176	169	65	114	34	42	156	181	154	153	24	184	89	40	155	3	4	123	129	107	133	18	38	162	94	60	22	82	118	163	200	183	106	35	194	97	15	52	68	66	9	167	61	116	171	130	87	134	124	135	93	96	119	175	78	80	7	31	58	113	83	147	98	112	29	187	20	41	75	71	69	55	126	32	45	1	36	178	148	115	91	37	17	132	21	152	105	121	149	101	188	143	192	160	157	56	185	179	174	110	77	139	166	102	144	43	173	90	73	127	193	195	191
sub-6702	148	63	3	72	141	131	182	153	5	1	28	26	32	98	30	8	158	116	16	6	94	105	15	199	180	97	197	29	176	183	156	170	47	122	166	188	142	18	195	124	2	43	198	65	69	78	161	110	45	37	96	38	4	60	56	12	163	154	162	165	132	82	104	93	193	23	159	101	79	46	179	10	76	40	87	49	172	147	120	64	134	140	85	139	100	133	118	173	152	50	80	44	27	83	164	129	121	66	167	181	113	157	84	128	89	91	190	68	48	14	125	11	143	106	36	150	144	200	185	86	19	196	115	22	25	53	59	20	186	9	146	130	160	62	177	117	42	184	33	73	149	114	81	21	35	39	112	17	99	67	138	77	189	24	54	34	41	51	52	88	70	31	13	90	168	191	95	71	92	7	155	145	136	127	111	135	103	192	108	171	55	126	58	175	178	169	74	57	102	174	107	75	61	137	109	119	123	187	151	194
sub-6703	176	129	83	159	151	65	157	186	100	69	21	137	94	148	84	77	177	155	64	54	132	147	98	199	185	146	198	139	9	67	164	22	78	168	179	184	171	107	194	181	43	93	197	50	128	105	71	60	88	73	110	85	10	15	16	63	28	12	37	163	156	52	82	90	47	51	1	18	31	61	114	25	102	2	13	39	3	4	11	130	125	162	86	7	46	26	58	142	74	68	120	91	72	143	80	20	23	24	62	56	167	165	116	150	144	124	192	161	99	145	166	95	173	190	121	193	174	200	189	136	81	196	183	92	126	135	134	122	187	172	17	170	42	59	33	38	178	188	133	140	175	153	169	75	97	109	149	118	41	115	87	106	89	103	108	112	111	104	119	131	57	35	19	27	14	40	123	76	70	53	29	5	36	32	55	44	141	180	160	101	66	34	8	49	79	6	127	117	152	48	154	96	138	113	45	30	158	191	182	195
sub-6724	18	68	65	168	35	127	14	175	62	167	105	145	125	164	95	94	178	171	87	78	116	165	120	199	33	122	198	135	1	2	23	48	34	37	56	61	142	60	191	45	42	67	197	69	140	144	3	153	112	117	59	74	16	4	31	54	5	13	6	20	63	101	150	80	57	52	7	8	49	97	143	15	38	32	17	82	27	26	25	141	188	176	28	9	24	10	11	183	173	86	115	64	100	170	169	30	53	29	12	19	40	75	88	174	46	130	194	55	90	133	182	139	177	184	118	185	181	200	189	146	92	196	179	58	138	96	89	152	190	148	43	81	70	124	73	166	159	187	129	149	136	163	180	99	104	114	158	132	162	126	72	77	107	121	71	113	123	111	131	154	91	41	36	21	161	106	109	110	83	79	44	39	134	51	128	147	102	137	155	186	157	84	47	98	119	50	85	93	156	66	76	160	103	172	108	22	151	192	195	193
sub-6731	167	80	65	95	121	180	161	175	75	144	141	145	79	136	77	59	157	138	63	53	130	151	85	198	169	108	199	139	76	179	187	156	137	133	188	99	168	126	190	172	41	62	197	123	92	87	186	35	52	66	54	84	2	24	19	57	171	115	61	164	165	114	36	34	91	68	153	158	107	73	39	124	148	6	97	20	58	146	181	74	150	98	100	110	118	37	78	117	104	55	90	48	40	122	143	162	67	12	82	56	152	178	119	155	140	154	195	93	131	149	191	106	174	194	94	182	129	200	183	134	70	196	184	38	125	112	42	142	193	185	18	23	160	120	170	101	173	60	128	135	176	102	177	17	31	33	147	103	88	109	21	46	111	32	27	72	47	44	64	127	28	8	1	16	96	189	116	22	9	51	26	15	7	5	159	69	81	50	86	192	113	166	4	3	13	71	105	83	89	29	49	45	132	163	43	10	30	11	14	25
sub-6757	116	52	25	95	121	140	172	154	43	80	107	84	29	33	26	18	97	111	13	9	87	112	37	199	174	105	197	81	176	181	141	180	66	58	170	188	126	65	183	184	16	23	198	101	40	50	93	73	30	31	74	38	1	4	2	20	165	155	163	152	71	78	138	89	191	17	139	45	88	49	168	135	92	46	98	59	132	127	122	39	189	131	6	3	47	100	117	178	162	8	51	44	12	134	151	68	109	7	146	173	75	166	83	119	102	115	130	70	60	86	161	41	147	190	55	177	156	200	185	85	22	196	164	34	48	56	67	79	159	153	106	157	160	76	179	136	158	167	63	90	150	108	149	19	28	21	77	32	104	24	137	123	182	15	14	35	36	10	27	96	62	103	5	128	145	187	57	91	69	11	144	171	82	42	125	133	72	193	94	194	129	114	64	175	169	142	61	54	113	148	118	110	99	143	53	120	124	186	192	195
sub-6765	115	101	120	149	145	56	181	187	88	174	152	179	103	82	110	112	121	107	94	89	167	182	150	199	132	180	198	131	10	30	84	39	60	126	40	163	165	85	97	79	106	151	197	45	119	169	50	102	138	93	133	86	6	16	20	113	21	69	61	57	129	68	124	58	81	73	7	80	52	70	177	159	162	9	96	99	34	5	186	122	161	148	67	13	135	144	125	166	49	63	100	91	87	137	141	77	154	31	146	185	44	116	78	104	108	147	196	168	170	157	191	95	139	193	155	195	173	200	189	156	105	171	188	134	143	176	175	164	194	178	22	74	18	24	15	28	55	190	136	123	117	98	142	71	109	140	158	65	19	111	36	62	160	130	153	46	59	90	75	83	26	11	8	17	4	41	37	53	35	42	12	1	25	23	48	32	127	92	38	72	14	54	2	66	76	3	128	118	51	29	64	43	114	47	33	27	183	192	172	184
sub-6775	11	136	113	18	7	1	2	29	31	57	21	24	106	139	65	154	163	167	124	87	117	140	120	197	101	151	199	152	5	14	8	3	13	49	141	91	90	94	46	110	32	85	102	42	88	162	160	48	51	104	135	108	10	22	17	52	26	16	95	35	34	37	157	68	64	98	12	72	92	41	58	19	50	60	25	33	61	38	47	166	74	169	55	44	54	28	82	69	62	80	176	67	96	70	59	6	40	4	39	15	9	43	168	153	27	36	193	123	53	77	79	132	148	186	143	170	145	200	114	185	158	198	159	133	134	144	161	138	191	188	56	66	78	71	142	111	156	194	181	150	174	107	173	84	115	122	155	164	171	179	183	97	116	125	126	121	119	131	149	75	86	63	20	30	89	192	172	112	81	99	175	165	137	189	105	195	109	103	180	187	100	178	45	182	73	147	129	146	83	93	128	76	127	130	118	23	177	184	190	196
sub-6777	182	84	74	88	166	143	181	85	111	167	176	127	69	100	48	35	174	94	53	72	146	150	95	199	59	87	198	37	15	49	19	36	136	170	118	192	179	63	101	152	98	113	197	151	39	52	172	58	104	43	112	83	26	6	90	110	130	175	186	105	93	81	73	41	91	55	62	162	68	65	107	122	51	129	140	79	126	183	178	141	164	125	80	17	25	16	32	123	173	38	96	78	54	120	115	169	177	33	30	23	27	5	45	18	29	171	108	147	76	92	190	148	157	89	42	184	185	200	191	75	60	196	187	64	44	156	153	135	188	117	3	2	24	131	56	159	180	193	61	134	82	106	142	71	46	137	47	66	165	50	109	168	119	132	133	57	116	121	139	138	34	7	28	9	11	194	124	158	160	67	4	1	40	163	114	149	102	97	86	195	145	77	128	21	189	161	154	99	103	8	31	144	155	20	70	13	14	10	12	22
sub-6788	1	2	76	3	11	4	16	71	121	104	60	48	163	88	135	152	179	89	143	140	103	72	49	199	82	58	126	139	10	5	14	6	44	13	36	20	85	153	24	64	59	87	197	174	170	183	67	73	65	162	114	150	34	30	47	96	9	7	28	17	46	78	51	43	39	151	18	52	81	154	177	69	134	107	55	75	112	144	99	113	196	184	90	33	53	26	61	194	186	158	166	110	128	164	138	25	120	56	42	12	15	23	98	27	57	35	125	117	168	130	188	102	118	195	175	172	116	200	119	131	155	198	180	109	137	66	62	160	169	161	8	54	22	86	38	74	63	32	141	159	92	97	93	79	91	105	187	173	182	147	94	176	136	106	100	167	149	123	124	189	80	41	31	29	45	21	68	127	95	145	50	19	181	84	142	111	178	185	191	115	133	148	108	157	156	146	165	171	192	37	83	193	190	122	129	40	70	77	101	132
sub-6789	28	27	3	36	18	56	104	93	107	15	119	35	49	34	73	64	185	165	50	33	143	102	59	196	17	6	197	141	62	78	5	21	109	158	174	167	177	134	116	90	45	89	199	160	131	128	25	41	99	47	145	112	2	14	26	67	23	8	176	92	77	81	42	139	181	63	19	20	82	22	91	120	140	80	11	129	178	179	182	83	155	168	72	60	101	55	43	192	184	95	137	96	37	85	88	29	148	74	24	38	130	100	10	12	52	151	189	183	13	97	191	86	142	195	117	194	149	200	193	144	65	198	188	76	32	125	68	57	170	154	4	30	84	126	16	44	58	147	122	135	173	7	103	31	61	111	156	127	163	69	51	132	180	98	94	105	110	106	121	71	79	53	9	48	118	123	152	136	113	39	46	1	124	166	40	70	133	159	161	169	162	172	108	66	190	187	138	87	157	75	146	150	114	54	153	115	164	186	175	171
sub-6800	135	94	67	144	168	173	191	124	62	44	99	147	88	151	66	64	170	123	57	56	132	109	69	199	184	128	197	141	12	190	186	165	95	142	157	193	163	102	182	162	49	93	198	133	59	107	46	97	87	38	138	101	7	3	8	37	11	29	31	177	158	92	77	145	118	36	1	14	42	73	106	164	98	90	13	72	21	35	22	84	179	115	10	2	16	19	33	188	134	83	122	85	81	140	131	18	110	28	111	58	54	185	76	153	126	129	51	47	55	40	181	116	172	194	82	195	174	200	189	148	60	196	183	78	89	121	65	143	178	175	171	180	166	125	167	150	127	192	100	136	113	114	137	43	45	108	80	71	146	119	17	120	161	61	68	86	96	105	79	103	20	5	23	34	70	155	74	104	112	41	4	6	53	26	24	27	152	149	156	32	169	130	50	63	187	48	75	52	139	9	15	160	159	154	117	91	25	39	176	30
sub-6805	1	2	88	3	4	5	6	70	162	138	7	8	144	105	126	115	107	99	133	116	170	188	164	200	129	184	198	118	9	10	11	12	13	14	104	15	75	81	16	125	158	163	199	112	160	120	124	149	154	142	186	168	148	89	176	156	17	18	91	19	76	150	128	87	95	161	20	121	135	178	194	21	22	145	97	131	108	23	24	155	197	153	191	84	147	78	114	195	166	172	141	174	167	192	193	25	117	127	94	26	27	28	29	30	31	32	33	96	34	79	35	36	72	80	111	90	37	92	38	39	98	113	106	136	100	183	109	187	196	137	40	41	42	43	44	45	46	47	48	49	50	77	73	169	171	177	139	132	51	102	52	122	130	143	157	165	179	181	173	189	159	83	119	53	54	55	56	93	68	123	71	57	69	58	86	82	180	146	134	74	59	60	152	61	101	62	175	140	185	63	182	151	190	64	85	110	103	65	66	67
sub-6852	62	82	114	16	35	58	31	8	96	54	15	18	69	97	159	88	140	2	119	162	180	194	125	156	197	122	151	133	57	32	1	113	36	20	53	45	19	17	37	47	146	142	173	92	55	28	67	52	108	106	171	170	127	68	145	172	23	94	46	63	30	41	64	76	149	161	21	109	100	95	50	48	27	178	134	81	179	126	110	138	104	143	153	44	136	129	158	157	124	120	86	167	107	147	182	78	166	102	163	99	87	137	43	10	93	5	175	185	187	195	193	112	123	183	139	199	80	200	169	70	111	144	198	177	191	141	184	165	115	196	91	132	85	42	49	33	34	56	13	22	60	103	164	168	154	118	71	150	40	90	72	6	9	98	75	73	128	131	135	51	152	83	101	117	65	38	25	66	11	176	79	26	89	39	3	7	24	12	61	14	160	59	192	74	4	116	148	186	84	77	155	29	130	121	189	105	174	181	188	190
sub-6878	149	161	165	173	68	100	45	163	89	133	121	169	136	152	160	139	141	177	143	155	154	185	125	199	148	188	198	168	40	80	81	73	88	114	184	190	183	122	129	162	92	178	197	175	146	120	65	192	170	176	150	145	21	1	35	119	74	69	110	126	105	179	166	107	90	138	20	46	113	181	194	76	103	83	32	94	48	84	62	124	189	171	72	2	64	22	44	187	172	115	87	131	156	180	191	31	79	39	58	18	24	38	151	106	41	75	132	97	186	158	128	112	102	96	123	195	182	200	159	70	137	135	193	108	82	93	127	167	164	140	3	4	15	71	63	55	117	86	60	142	17	67	33	66	61	78	101	118	130	36	16	116	109	85	91	111	98	95	104	174	54	5	25	6	13	59	30	49	52	147	19	7	27	37	50	42	134	196	47	26	56	29	57	8	34	28	144	157	153	14	53	77	99	9	51	23	43	10	11	12
sub-7032	144	149	182	103	35	48	116	198	171	194	174	107	38	1	53	51	76	2	130	151	190	155	97	3	75	4	45	5	6	49	36	7	8	9	10	11	12	65	13	14	114	104	50	86	44	15	16	72	124	117	142	160	67	42	101	162	17	18	19	20	21	108	94	22	23	136	39	59	60	141	105	71	69	122	78	46	139	92	96	192	178	191	143	47	126	80	91	170	102	73	24	132	150	173	111	52	148	95	74	25	197	128	193	177	87	188	200	196	179	195	199	166	26	89	83	81	54	176	84	27	113	168	147	169	138	146	154	62	66	100	98	88	61	68	57	41	28	29	70	56	30	55	31	158	167	121	64	110	79	32	77	152	125	185	175	106	172	165	180	159	133	131	120	123	82	37	33	34	90	164	137	85	135	112	99	58	184	161	43	40	186	119	115	109	63	163	189	187	156	140	183	93	145	127	181	118	157	153	129	134
sub-7079	158	7	5	4	12	14	186	136	49	107	137	61	47	112	39	28	157	128	21	15	106	121	48	199	181	115	197	74	179	145	56	174	101	147	173	189	141	53	195	176	16	27	198	122	60	85	94	98	63	45	91	55	54	117	68	30	82	156	171	166	149	77	160	116	194	24	84	130	35	46	177	142	111	36	123	93	162	131	161	78	188	153	100	146	108	155	70	170	95	34	87	57	23	129	167	44	126	79	154	183	172	51	72	31	32	125	178	169	90	113	67	42	150	190	62	192	165	200	187	92	22	196	134	40	19	97	58	105	185	168	29	25	164	86	180	140	132	184	81	102	143	96	148	26	6	64	119	73	124	71	99	139	182	59	69	38	43	65	66	80	13	1	10	8	127	191	138	103	76	18	9	11	135	144	120	152	88	193	110	175	109	151	41	163	104	159	89	33	118	20	2	52	133	114	83	50	3	75	17	37
sub-024447	145	111	66	146	147	175	152	29	14	36	157	126	81	100	73	55	165	148	43	49	127	144	50	198	186	47	197	124	31	173	185	174	101	80	184	171	166	77	194	190	45	78	199	114	104	79	180	87	64	84	21	44	2	9	12	35	178	177	167	161	137	119	128	122	196	65	18	140	102	74	95	112	115	25	131	109	132	163	172	76	141	151	38	17	117	85	149	138	150	88	91	34	20	118	162	159	108	8	182	181	67	189	105	156	129	155	133	32	52	86	176	110	158	191	92	195	170	200	193	125	69	169	183	53	103	90	57	123	188	142	59	33	154	106	160	120	121	192	97	107	179	134	135	16	54	39	130	98	139	71	99	70	75	51	37	27	72	56	58	94	40	5	7	13	26	187	153	68	30	48	4	1	11	116	143	83	63	136	62	82	41	164	19	6	93	113	42	60	22	3	24	46	89	61	96	10	28	15	23	168
sub-06VPJN	146	92	6	129	145	169	187	96	60	85	138	40	49	113	36	23	136	100	19	10	71	107	57	199	155	121	197	88	5	110	175	64	21	131	171	165	157	83	13	38	16	52	198	135	65	66	115	54	69	53	98	30	82	51	9	25	176	73	3	142	17	11	7	1	125	15	44	133	76	39	4	150	118	61	140	45	111	55	162	86	102	152	90	105	116	119	149	104	161	37	46	31	29	132	147	81	139	24	164	182	154	179	80	68	62	78	191	134	99	34	184	20	163	189	77	190	166	200	185	59	18	196	159	42	72	70	74	97	188	148	174	141	173	8	172	114	158	186	56	14	177	117	168	28	48	50	101	84	122	87	128	58	75	22	27	63	32	33	43	35	67	106	41	143	170	192	109	108	2	12	167	151	94	137	91	156	89	47	95	195	153	124	79	183	181	144	93	26	130	178	112	120	127	160	126	123	103	180	193	194
sub-1NIBUB	14	29	47	20	13	1	100	44	98	33	18	62	37	127	64	92	146	172	105	63	50	88	71	199	131	73	151	30	9	3	12	36	125	139	156	97	102	128	61	190	45	46	141	104	40	143	194	176	51	28	113	78	7	10	52	101	24	149	107	17	94	86	121	34	74	48	56	173	110	133	197	96	160	25	155	130	169	66	189	129	184	58	79	6	35	23	187	126	193	72	157	81	57	38	161	144	99	49	91	11	109	122	138	181	85	179	195	159	117	119	191	140	147	132	89	150	136	200	196	165	112	175	170	116	142	123	82	108	186	111	19	22	87	152	83	153	103	93	148	158	171	95	177	21	70	60	67	80	137	135	84	168	192	39	68	31	41	27	54	118	26	5	8	15	106	59	154	69	90	75	4	2	182	115	163	174	120	198	166	167	185	162	53	178	180	183	77	43	114	16	42	134	145	188	124	32	55	65	76	164
sub-1UUKRN	169	104	6	24	57	4	190	191	78	143	7	13	97	123	34	21	161	155	18	14	113	93	86	199	126	145	198	71	184	128	89	5	17	59	130	133	42	41	156	186	38	70	197	48	62	73	152	49	88	31	122	91	103	148	47	44	173	25	94	51	90	36	23	74	179	43	185	8	15	37	69	3	1	87	22	26	52	96	10	115	194	154	121	175	134	164	81	159	110	50	102	83	67	162	171	63	129	109	157	116	178	181	56	106	98	28	195	176	77	138	27	29	153	165	100	183	170	200	187	46	11	196	180	76	92	125	119	95	192	177	167	158	60	39	127	79	147	174	16	40	53	117	168	54	84	64	61	82	30	65	85	107	114	58	72	20	101	33	108	137	112	140	66	163	151	166	68	132	19	32	136	172	149	35	2	55	146	131	105	182	12	9	45	160	118	75	120	99	80	111	150	135	124	141	142	139	144	193	189	188
sub-3GD9NC	151	55	16	41	104	128	174	177	64	119	138	84	63	82	56	19	148	74	14	30	66	94	39	199	175	65	198	109	139	169	166	178	33	101	170	184	137	22	192	185	8	18	197	121	93	49	152	110	5	31	34	24	27	114	37	35	163	133	147	153	67	100	120	118	195	48	172	79	62	72	156	140	44	26	106	83	167	50	145	78	187	54	105	127	103	136	134	173	76	73	21	11	7	97	168	111	113	40	141	179	164	176	77	108	98	47	188	160	45	117	181	85	123	183	51	190	135	200	150	88	15	196	161	61	91	92	46	42	131	154	144	96	130	60	146	126	159	155	4	71	158	28	143	32	57	13	124	59	107	43	116	17	186	23	2	70	9	6	20	86	75	12	3	90	157	191	95	53	25	36	99	162	69	29	102	142	1	132	115	194	112	87	52	180	182	165	38	58	129	171	68	81	10	89	80	122	125	149	189	193
sub-3WA6KA	97	123	102	164	170	120	14	149	62	87	75	158	17	76	85	26	70	104	19	69	111	82	21	199	118	74	187	61	91	108	192	143	138	107	112	29	150	133	47	141	32	15	198	35	93	84	189	177	16	59	24	31	135	34	115	86	190	180	153	155	94	125	99	100	193	64	194	165	151	105	195	66	157	60	172	40	142	113	128	46	196	147	119	188	58	50	182	185	136	117	81	33	20	166	183	173	80	10	122	160	11	175	71	176	73	154	37	4	3	5	162	124	140	90	57	178	174	200	103	132	53	2	126	83	114	23	48	116	54	101	52	79	95	137	179	127	181	44	129	145	41	148	184	25	27	39	106	77	42	28	167	168	131	13	12	65	51	9	63	152	130	30	22	7	191	92	67	68	98	38	159	186	134	43	6	110	78	169	146	197	121	56	49	55	109	88	18	45	144	171	36	163	96	161	8	1	72	89	139	156
sub-47JWS4	151	18	21	114	121	131	173	165	1	91	140	99	9	107	31	22	157	88	13	6	79	103	14	199	182	67	197	83	178	175	176	183	64	138	130	174	152	69	194	7	15	42	198	72	25	85	73	109	41	28	75	54	8	113	34	23	171	146	94	168	136	70	155	97	195	2	87	35	43	47	180	139	104	36	59	56	124	116	149	77	188	143	48	11	95	134	19	169	49	37	74	32	29	125	164	12	129	20	4	102	52	181	71	123	111	126	192	120	17	96	154	63	160	190	60	187	166	200	186	100	16	196	105	33	65	81	66	93	179	162	170	156	147	86	177	78	150	82	57	51	137	80	163	24	38	46	68	62	84	76	128	106	189	39	40	55	45	53	58	92	30	110	27	133	167	172	5	127	89	3	90	153	141	61	132	144	112	191	122	142	148	145	26	184	185	161	44	10	117	98	118	119	101	159	50	115	108	135	158	193
sub-5KDTGT	169	108	64	41	71	136	50	185	22	116	83	38	11	146	68	48	175	106	45	31	3	1	82	199	8	77	198	113	183	191	39	174	125	126	178	194	99	62	43	163	57	93	197	63	7	56	16	135	70	32	133	101	98	80	29	20	140	181	166	179	44	92	72	4	164	60	119	85	34	87	189	150	122	59	154	103	159	26	109	90	195	152	121	172	134	162	153	171	158	10	124	65	67	161	23	127	168	112	148	187	132	157	88	151	149	131	167	173	42	142	184	47	52	188	13	182	17	200	128	94	66	192	89	2	6	91	61	78	81	145	165	138	139	115	186	160	12	143	51	15	155	19	40	35	9	79	14	18	37	53	24	49	193	46	86	27	100	74	107	73	110	129	69	144	176	114	30	33	54	25	170	180	137	5	141	55	120	196	28	102	118	130	104	190	58	36	111	75	76	84	147	123	21	95	96	97	105	177	156	117
sub-69D8NQ	38	118	3	138	117	15	20	7	42	1	2	82	84	37	12	34	59	63	77	29	98	33	11	52	48	9	198	83	23	26	41	5	36	39	13	25	73	114	134	40	19	75	199	125	80	123	130	129	50	60	141	87	21	17	86	74	155	10	32	30	113	121	106	81	195	99	54	88	126	96	91	4	97	112	151	78	65	108	72	49	131	51	127	43	76	56	180	128	190	57	103	64	44	68	95	178	24	16	35	18	139	193	69	149	150	92	171	53	6	45	8	85	179	187	124	176	162	200	115	110	101	148	62	105	143	100	93	120	116	170	189	166	90	55	175	168	159	183	142	153	156	152	182	28	71	79	158	46	133	140	169	160	185	27	31	109	67	47	66	119	107	70	22	181	136	196	177	167	145	89	157	192	161	172	174	165	94	173	163	188	14	111	122	194	154	104	58	102	147	184	135	164	132	186	61	137	146	144	191	197
sub-7TQBZD	141	140	58	173	182	189	16	27	54	81	169	87	124	38	3	36	104	49	80	34	161	115	107	154	151	74	198	76	179	167	187	176	149	135	130	60	29	136	197	100	84	109	199	166	147	150	55	159	89	118	103	123	41	116	119	93	153	110	97	158	113	152	47	85	188	79	177	68	70	127	192	178	168	20	43	106	186	122	174	132	195	180	126	164	171	183	157	191	190	108	131	90	71	155	129	92	170	99	185	163	18	77	111	162	56	78	94	10	117	26	133	42	23	37	125	22	145	200	181	156	73	196	88	57	52	101	75	6	53	25	12	9	17	45	184	175	28	146	137	142	121	50	35	86	120	61	82	139	114	98	69	165	194	91	95	83	105	40	138	128	112	5	13	24	4	51	48	44	39	32	64	2	7	31	160	59	62	193	19	33	134	148	1	11	21	102	143	96	172	63	67	66	30	8	14	15	144	65	46	72
sub-8JEPGC	134	20	33	22	31	168	185	146	82	115	94	26	59	3	40	18	30	74	34	27	91	90	77	199	145	123	198	15	161	57	5	183	21	120	178	117	164	97	195	182	16	44	197	118	69	110	165	64	65	71	13	12	7	41	52	45	66	172	152	144	8	68	170	127	196	49	119	139	93	63	125	2	121	72	19	48	167	162	160	98	106	158	92	47	116	37	89	181	17	79	85	10	6	36	176	4	153	43	177	108	173	105	28	42	14	56	189	166	113	109	184	46	86	75	83	191	169	200	188	23	51	155	147	61	102	114	111	99	129	128	157	11	104	1	180	78	171	186	67	81	24	122	130	38	70	76	126	95	135	54	138	132	87	39	53	80	29	32	84	62	103	96	60	159	175	193	25	142	55	35	163	151	156	143	150	9	107	192	73	149	131	124	100	101	179	154	112	88	136	174	137	50	141	58	133	140	148	190	187	194
sub-A3I6MC	149	112	81	165	173	181	139	189	52	95	146	121	84	69	83	31	102	73	70	62	159	79	108	199	186	166	198	136	12	24	152	187	104	85	90	37	87	80	193	182	64	103	197	169	133	110	174	167	51	109	71	74	16	13	42	91	82	124	88	55	97	132	59	122	195	77	66	41	158	117	179	175	107	115	116	156	185	161	178	134	180	163	45	27	68	21	106	154	177	114	125	60	75	168	184	126	153	20	160	65	19	23	150	164	25	128	191	38	151	43	140	123	113	190	127	192	96	200	89	135	76	196	183	92	35	138	100	157	147	176	1	7	17	141	188	162	144	78	111	86	67	33	98	72	105	63	155	119	99	118	171	145	53	28	44	120	32	39	49	148	46	8	29	4	26	57	131	56	18	61	11	9	172	130	94	50	101	47	137	194	34	142	129	22	36	170	30	93	40	6	54	48	143	15	58	10	14	3	2	5
sub-ANW9UX	144	18	29	40	80	101	65	47	44	24	114	99	38	111	30	16	105	119	5	8	94	55	41	198	158	103	199	73	134	179	136	182	84	128	178	159	150	63	191	186	10	13	197	120	60	66	127	132	11	2	23	46	28	31	37	22	147	165	171	170	135	45	152	117	196	9	181	62	96	21	174	95	109	36	92	97	130	81	156	78	180	25	79	124	118	142	112	166	167	32	83	4	1	115	172	131	70	15	169	177	155	173	91	58	86	71	149	33	42	67	176	64	153	193	52	175	157	200	185	59	19	54	162	6	35	88	57	98	184	145	161	164	160	89	163	133	154	100	82	85	168	104	146	20	43	39	106	69	14	56	139	122	189	3	17	51	27	7	53	90	72	93	34	138	148	190	129	61	76	12	113	110	137	116	77	143	75	187	125	192	141	126	74	183	140	151	87	50	102	26	121	123	68	108	48	49	107	188	194	195
sub-APH3X2	15	12	65	10	16	119	11	34	53	71	48	112	97	139	51	86	78	153	82	38	128	151	46	197	166	61	199	150	7	21	14	60	101	155	89	43	64	138	190	180	29	67	198	154	132	129	174	172	39	80	42	63	2	1	23	54	25	92	131	35	149	146	107	164	192	75	8	168	124	108	185	100	142	45	156	127	167	157	176	136	179	134	19	3	32	56	162	173	183	98	145	30	47	85	182	143	117	9	184	99	5	66	68	52	20	6	27	49	79	50	33	28	159	141	90	165	160	200	191	121	81	196	181	37	103	104	41	76	88	169	24	102	4	74	187	91	57	186	135	105	87	31	170	77	84	70	148	109	152	125	175	120	193	58	69	95	40	26	106	116	72	22	17	18	44	194	161	133	73	59	93	130	158	137	171	144	83	189	111	195	126	177	62	123	188	178	115	94	147	114	55	163	122	36	140	13	110	96	113	118
sub-AWQ63F	94	89	23	109	148	152	13	52	1	39	132	114	36	55	45	31	76	80	11	12	97	120	51	197	186	92	198	71	121	185	179	190	108	135	181	193	136	73	150	79	26	57	199	138	10	38	167	102	48	15	32	47	46	43	69	50	171	162	170	173	59	77	147	113	196	21	188	125	105	66	187	126	90	18	143	68	169	146	157	91	160	122	49	95	62	153	142	139	155	22	58	24	28	60	124	115	61	2	178	177	14	189	86	134	116	128	3	8	6	7	118	88	159	180	20	140	111	200	141	74	17	42	34	56	65	78	53	83	172	165	112	166	163	98	96	117	154	182	72	87	164	127	161	33	63	29	84	70	107	25	133	85	168	44	30	41	19	27	67	75	64	82	35	40	110	191	145	104	101	4	158	176	149	131	106	151	100	192	130	119	156	137	5	174	175	129	37	16	93	183	103	99	81	144	54	9	123	184	194	195
sub-BCNZ72	153	82	27	127	70	9	154	178	45	101	32	60	52	109	10	8	150	75	2	7	85	103	38	199	175	123	197	91	174	180	170	102	18	42	171	173	114	28	188	131	16	48	198	51	77	1	158	135	55	34	22	46	74	137	29	21	165	151	166	149	80	87	99	118	195	13	168	111	61	57	139	3	26	54	136	106	40	92	64	76	184	140	88	155	98	145	152	144	143	43	5	23	11	66	167	121	129	53	169	177	163	176	94	124	97	44	189	160	96	93	161	68	146	181	69	191	148	200	84	25	12	196	157	20	63	89	72	79	186	162	141	164	90	39	147	73	156	183	4	17	50	128	105	24	36	62	115	31	56	37	125	133	182	41	14	49	59	30	65	81	83	100	15	142	134	190	108	132	78	6	86	19	138	117	120	47	110	187	95	193	113	107	71	172	179	126	67	35	112	159	119	33	122	116	104	130	58	185	192	194
sub-BGIO56	148	12	43	115	20	177	187	183	102	152	159	73	86	26	63	28	144	99	24	32	74	139	77	199	182	101	198	82	185	124	157	188	34	128	184	164	153	121	194	108	31	87	197	167	114	19	84	98	97	75	149	76	123	163	96	16	21	180	168	64	113	100	131	156	193	10	103	13	33	44	143	118	72	2	132	136	83	133	56	80	192	120	57	176	71	174	18	186	127	88	8	94	47	169	130	85	70	27	160	181	45	104	5	9	7	79	170	117	116	95	190	61	22	51	92	173	171	200	4	38	42	196	67	17	50	37	89	119	172	52	59	69	178	11	166	65	134	126	46	48	39	107	122	30	23	109	142	66	155	55	81	147	135	93	106	91	78	105	112	150	68	53	35	154	175	195	41	162	137	3	36	62	15	140	165	125	158	111	58	110	146	141	1	25	6	145	129	90	151	60	40	14	161	49	29	138	54	191	179	189
sub-BLB9LP	108	87	46	25	136	168	54	183	23	118	126	107	71	115	42	41	158	102	33	19	47	26	63	197	135	83	199	81	16	165	101	182	88	124	184	190	127	56	172	185	8	36	198	143	84	77	169	58	44	57	12	39	2	3	13	37	133	82	178	156	114	91	52	34	120	31	105	137	70	67	145	155	116	53	140	80	181	163	148	48	173	131	24	15	97	153	144	180	167	55	94	14	10	32	142	100	141	5	151	111	65	187	64	75	125	45	170	146	86	119	186	35	154	193	43	162	73	200	191	103	40	109	18	21	50	98	90	96	192	175	72	139	176	92	147	93	161	188	85	95	177	128	164	29	30	74	27	79	123	69	129	134	106	49	66	38	17	11	59	20	7	4	1	6	174	130	149	138	76	22	78	117	152	132	113	104	51	157	89	195	160	150	61	159	189	171	60	62	121	179	28	122	110	166	99	9	112	68	194	196
sub-CAE99P	149	94	48	91	148	52	133	186	31	124	40	128	69	85	59	45	163	115	24	27	105	119	21	196	184	29	198	108	60	185	169	183	19	107	176	136	145	23	192	166	43	64	199	41	96	32	150	130	16	46	36	35	90	26	87	54	92	80	99	159	114	104	129	112	195	42	180	98	62	78	157	147	8	34	142	102	170	17	89	84	175	144	106	160	118	93	155	172	154	55	72	49	11	18	173	77	51	12	171	178	6	65	15	5	3	1	167	164	101	125	14	10	153	191	70	193	67	200	158	88	33	197	71	63	97	74	56	109	162	152	110	117	2	4	151	22	161	187	83	47	165	95	135	20	61	30	116	82	103	86	66	122	177	37	7	81	28	58	75	123	57	100	9	44	168	189	134	126	111	38	146	156	50	53	141	121	76	194	120	188	25	39	73	181	179	113	79	68	131	174	138	137	127	143	132	13	139	140	190	182
sub-CICLAQ	167	78	41	108	112	161	156	187	19	92	149	120	18	59	3	2	9	7	6	1	75	121	49	58	189	97	197	17	180	177	183	165	53	14	77	150	12	89	119	192	13	8	200	65	76	39	175	93	15	37	96	73	4	95	36	38	169	72	90	82	30	100	168	134	199	28	162	144	107	62	157	118	50	68	105	23	185	163	67	87	131	43	91	173	133	116	152	86	164	51	102	42	35	123	182	136	148	79	184	190	178	188	109	151	115	98	194	171	103	125	181	69	99	21	80	10	32	57	31	16	25	74	5	40	54	56	27	71	47	11	174	153	170	101	137	111	33	159	94	110	128	63	154	22	46	60	106	84	142	64	135	139	193	45	26	24	70	29	61	113	83	122	44	158	104	140	88	48	81	20	172	186	155	146	34	127	130	191	114	198	160	117	55	132	126	176	66	52	85	179	141	124	138	166	129	145	147	143	196	195
sub-DR1SRC	125	57	7	121	116	106	3	182	16	100	87	45	66	112	43	29	61	95	12	13	27	4	47	199	149	131	197	91	152	186	166	115	113	143	172	177	114	80	194	160	8	51	198	71	55	9	169	93	22	54	98	38	18	84	32	25	119	68	171	164	14	89	162	37	196	28	180	130	108	58	184	103	75	30	96	65	165	122	135	23	179	144	101	148	102	120	154	181	139	24	50	53	40	146	150	81	153	35	157	145	174	185	49	118	90	107	190	52	104	6	178	83	159	187	44	56	20	200	11	110	10	62	5	15	69	63	79	97	183	128	170	137	167	76	21	78	161	19	42	34	168	85	126	33	48	73	77	74	99	17	151	105	189	46	72	67	39	70	26	82	86	124	36	140	173	191	59	134	111	1	163	147	138	132	92	155	117	192	94	195	156	41	2	142	176	158	60	64	123	109	133	127	136	129	31	88	141	188	175	193
sub-F8K9HJ	170	133	134	107	98	166	155	181	147	138	167	160	109	146	113	104	163	164	117	54	126	171	103	197	102	90	199	162	27	100	187	191	148	177	189	192	141	139	136	178	35	68	88	168	92	152	131	39	51	33	65	60	18	8	91	106	119	153	179	185	48	115	38	56	78	125	43	172	61	144	64	154	142	89	165	21	99	101	114	84	116	50	71	12	130	40	69	74	76	25	37	86	44	105	77	169	111	70	41	30	112	190	150	176	173	145	188	129	158	157	193	120	182	195	118	143	184	200	149	161	135	198	122	127	151	121	82	140	59	183	49	24	96	156	128	132	180	194	123	159	124	28	83	94	108	52	42	93	97	62	20	36	1	87	47	19	55	79	66	22	72	3	53	32	186	196	2	34	9	95	16	14	174	175	7	26	45	13	15	4	110	75	58	11	5	57	29	73	10	63	67	23	85	137	46	81	80	31	6	17
sub-FAQZRC	118	94	19	84	75	141	108	186	62	101	144	22	42	110	68	49	175	52	21	23	18	130	41	199	167	109	197	133	83	16	54	182	3	74	39	185	116	24	194	138	44	81	198	107	89	11	57	31	20	79	146	95	55	53	9	4	15	166	176	178	128	45	174	147	195	43	165	106	36	59	71	129	26	90	58	113	132	47	56	12	183	96	29	77	64	161	169	126	25	37	17	98	66	152	136	120	162	34	50	164	117	82	30	67	7	86	143	134	38	72	156	5	155	187	102	154	158	200	190	124	48	196	111	1	40	33	114	91	180	173	88	115	153	2	188	65	171	189	8	69	179	135	168	6	10	46	119	32	157	61	150	99	139	28	60	100	104	103	70	142	76	80	27	92	140	192	163	112	63	35	149	160	14	148	13	121	145	191	131	193	125	122	87	159	184	73	85	105	151	123	51	97	127	170	137	93	78	172	177	181
sub-FVDOQK	155	77	6	113	147	65	48	115	18	128	166	46	38	94	62	52	109	143	20	26	22	142	102	199	181	154	198	67	159	162	95	69	37	15	75	184	157	16	195	190	30	55	197	164	98	54	41	4	72	76	139	89	28	84	66	58	152	124	186	163	74	2	45	97	189	60	83	105	47	1	132	175	71	101	116	35	169	160	135	90	187	180	126	31	96	107	11	114	29	79	51	93	61	148	100	134	119	70	88	125	176	138	131	21	39	23	192	112	149	86	188	17	173	194	85	193	140	200	171	111	3	196	59	40	36	106	129	130	182	178	158	63	82	9	78	32	172	191	44	33	177	146	80	25	27	118	92	8	122	5	10	104	57	64	108	24	91	120	81	56	123	156	68	174	14	179	121	168	49	53	144	87	7	13	161	99	133	145	34	165	153	127	73	110	19	185	103	117	43	151	141	12	167	42	137	50	150	183	136	170
sub-GFZMVF	91	183	60	176	186	140	72	147	101	83	102	157	25	177	81	156	124	182	121	84	163	158	29	185	173	125	199	146	12	100	198	120	38	1	98	97	16	80	174	132	34	33	191	75	50	166	172	78	19	55	62	48	10	4	41	35	53	108	165	159	155	22	77	56	73	141	114	126	129	139	92	95	47	88	187	69	153	197	63	66	109	43	107	117	149	119	190	61	137	24	152	85	9	58	103	164	136	106	144	94	3	105	2	5	7	18	17	128	54	51	135	151	111	138	57	145	180	200	188	160	161	192	196	67	189	21	14	70	99	64	86	40	28	179	32	87	169	59	168	142	118	68	44	8	37	27	178	65	195	175	194	52	42	11	6	79	45	15	96	115	167	13	30	93	122	171	127	131	36	143	133	130	112	148	123	110	26	71	104	89	90	181	150	20	31	154	76	170	49	193	162	23	74	184	113	46	82	39	116	134
sub-HOI4E9	21	73	18	116	146	164	82	181	45	113	136	97	43	58	4	10	141	129	15	11	92	119	39	199	148	41	198	60	1	2	174	188	95	121	102	131	138	75	179	145	13	29	197	118	74	77	167	40	24	42	22	37	7	34	52	26	162	147	5	149	53	67	55	80	87	8	159	130	51	48	178	139	93	50	101	36	112	117	154	65	175	63	70	157	122	103	151	132	115	33	14	12	16	85	142	135	150	19	158	186	168	180	89	120	123	126	192	163	83	108	184	35	54	152	64	194	156	200	189	91	20	187	170	17	66	86	78	84	177	106	161	169	160	68	182	128	144	172	61	94	171	96	140	25	38	44	59	69	125	72	107	23	185	28	46	57	47	9	49	88	76	109	30	133	153	191	137	56	3	6	165	110	32	79	99	105	62	173	111	195	134	100	71	183	143	176	81	31	124	166	90	98	27	155	114	127	104	190	193	196
sub-IBJDO2	164	51	22	84	37	166	99	138	6	12	147	50	41	49	40	31	141	134	24	17	35	14	56	199	43	97	198	86	117	182	7	177	102	105	172	115	156	44	196	114	26	57	197	33	55	34	93	53	59	38	111	32	82	87	75	36	142	145	173	149	135	9	108	23	195	1	154	123	8	10	126	139	42	11	48	109	176	146	159	70	188	153	90	169	112	132	52	179	171	16	28	60	39	125	131	18	133	81	54	178	119	113	94	130	29	79	187	96	89	5	183	78	160	192	63	191	104	200	184	64	21	193	175	13	2	91	83	58	185	143	150	106	165	95	181	144	170	155	20	85	151	110	15	27	47	66	116	71	68	25	124	101	167	65	73	30	67	46	77	103	80	92	45	100	162	186	118	76	98	3	161	168	148	137	140	72	120	189	4	194	121	128	19	174	157	163	88	74	127	152	122	107	129	62	61	69	136	190	158	180
sub-JL19TQ	28	125	71	131	173	135	40	144	79	141	54	65	96	151	82	74	160	105	20	29	145	92	89	199	170	149	198	123	17	91	182	112	132	118	186	152	153	50	142	190	56	46	197	72	102	61	176	159	85	77	120	75	37	2	76	78	184	39	57	99	124	48	167	140	196	58	19	107	139	30	81	136	51	101	164	93	109	13	41	95	70	73	18	3	14	157	172	129	121	43	115	83	23	42	113	165	127	24	177	185	126	188	137	163	158	150	194	155	104	108	94	31	174	191	68	195	179	200	178	49	21	6	64	38	33	133	130	128	187	171	66	180	168	122	192	166	27	67	45	116	88	111	175	80	98	103	114	117	53	25	154	138	189	86	90	34	9	35	15	22	84	1	4	12	183	59	47	161	110	60	5	7	169	134	87	119	32	97	69	26	147	11	106	193	10	52	36	62	55	143	8	44	148	156	100	16	63	181	162	146
sub-KCT6L4	53	106	47	149	176	124	121	166	88	142	146	140	86	45	26	33	80	141	42	17	99	128	29	65	183	4	101	21	2	49	31	132	131	76	127	64	66	108	169	92	13	19	199	63	109	95	89	160	9	72	44	43	7	1	93	48	134	96	52	10	171	114	62	24	195	54	3	82	120	84	192	172	145	71	125	138	94	184	182	51	179	39	30	8	115	11	164	98	189	79	119	22	23	32	174	168	178	15	50	18	38	77	105	34	158	162	188	180	112	126	193	67	78	122	100	150	143	200	165	139	59	197	181	61	113	81	36	73	133	87	27	68	161	107	144	167	129	151	97	130	157	58	152	56	60	46	153	90	136	103	173	137	196	55	37	41	57	69	20	118	111	12	14	75	175	185	170	70	40	28	6	5	147	117	154	116	110	194	123	198	91	156	83	187	191	135	25	74	16	190	155	163	104	186	102	35	159	85	148	177
sub-M5ZMD7	168	17	7	6	1	53	186	188	95	120	131	4	87	13	27	2	100	33	19	11	51	147	70	198	180	145	199	37	171	187	31	128	16	30	140	156	78	18	170	149	36	50	197	92	83	109	91	84	35	72	117	82	73	133	79	39	23	127	34	124	119	107	167	144	181	42	178	43	56	66	183	58	44	55	71	89	165	159	113	80	193	158	115	153	93	163	104	182	174	77	38	75	54	122	175	48	166	86	161	184	172	152	64	52	9	20	195	169	111	112	155	8	61	154	101	190	74	200	135	40	22	196	114	15	12	123	108	106	189	142	173	138	99	47	148	14	49	32	25	60	21	126	67	24	28	97	141	76	103	46	125	118	194	69	85	81	94	68	98	134	65	137	62	160	45	185	116	63	5	26	157	136	102	150	3	59	146	192	130	177	41	10	90	29	179	105	110	88	139	162	96	132	151	57	121	143	129	191	176	164
sub-MA7196	172	46	50	21	27	14	186	139	53	117	31	6	61	67	17	11	164	134	33	9	66	124	36	199	87	90	198	10	35	151	102	97	69	26	85	54	41	96	193	159	47	73	197	45	37	105	34	71	32	49	131	104	99	30	109	56	176	106	137	58	114	83	39	18	129	2	86	91	42	88	184	19	130	78	51	74	179	145	152	110	192	162	126	163	113	136	55	185	169	70	125	93	72	150	153	135	167	28	147	108	168	182	64	76	141	20	188	174	57	100	44	25	146	118	22	120	143	200	181	116	62	196	170	13	23	89	48	95	160	80	12	173	175	103	180	132	165	128	101	111	149	144	52	60	82	79	16	68	94	29	161	123	127	98	75	38	77	84	92	133	15	3	7	1	166	191	157	59	8	24	5	4	156	154	40	43	142	187	81	195	158	155	112	183	65	177	121	107	138	178	122	115	119	171	140	63	148	189	190	194
sub-MGL8BV	166	94	45	145	121	134	187	147	70	86	127	133	80	115	60	15	69	47	17	27	114	140	53	197	178	129	199	122	91	172	175	110	22	52	164	144	119	66	64	188	30	77	198	154	88	57	102	131	72	68	65	85	10	43	11	42	173	56	135	113	21	117	168	111	195	38	151	61	116	82	180	153	95	31	98	84	167	162	142	106	182	156	46	169	139	157	161	125	155	55	67	29	58	128	170	137	141	41	177	184	3	14	2	1	13	5	19	130	25	136	36	99	103	191	59	181	74	200	132	23	44	196	174	71	100	107	92	73	176	171	6	51	93	49	33	108	160	75	105	97	18	126	62	16	50	81	89	54	124	26	158	152	190	35	87	63	78	20	90	76	28	9	8	4	32	138	24	123	112	34	118	7	120	101	146	104	96	193	150	186	159	148	37	183	185	163	109	40	83	179	39	143	79	165	48	12	149	189	192	194
sub-MRTRES	1	5	19	119	78	149	48	125	46	109	141	10	25	92	28	16	154	89	13	6	51	108	37	199	178	111	197	102	153	132	71	181	96	133	174	100	76	3	193	188	15	45	198	26	54	42	85	94	57	36	110	53	49	143	7	9	75	159	113	99	117	84	148	55	189	14	50	62	35	38	180	147	32	47	22	101	163	30	97	11	183	136	87	144	69	63	59	177	164	34	90	44	29	142	139	2	151	80	112	182	137	165	77	88	4	40	187	161	95	107	169	41	156	191	17	190	155	200	184	105	23	196	167	12	18	60	81	104	185	160	120	157	168	74	176	103	166	186	66	98	162	131	158	20	27	68	79	24	116	58	124	140	179	33	67	64	61	43	39	52	83	121	21	130	171	192	93	128	106	8	145	152	70	72	65	123	115	135	129	195	150	134	82	175	172	173	86	56	126	31	127	91	138	118	73	122	114	170	146	194
sub-N0GLX8	149	25	7	121	136	110	157	44	32	90	92	47	41	117	28	20	161	112	17	9	91	58	40	199	120	82	198	95	114	186	164	185	103	145	181	179	158	52	195	173	22	31	197	109	71	79	152	125	45	35	74	13	51	75	59	23	176	174	151	167	132	80	165	105	196	1	168	124	100	11	183	86	107	2	111	96	169	159	160	72	190	131	27	143	19	154	133	106	85	30	43	48	18	122	171	46	98	67	116	182	127	104	5	14	53	65	97	135	57	78	118	61	139	188	12	187	115	200	189	108	26	194	180	15	8	73	66	94	178	130	68	101	123	88	184	134	141	99	70	93	146	84	163	21	16	36	83	39	129	63	144	138	192	38	56	49	10	29	60	81	76	64	33	147	166	177	77	126	69	3	24	148	142	54	137	153	62	191	89	193	155	150	4	140	170	175	55	34	50	6	87	42	102	156	119	113	37	172	128	162
sub-NR6WGU	109	1	11	29	94	68	182	186	44	99	131	78	45	60	27	6	165	121	8	2	75	102	37	199	169	113	198	85	170	91	74	171	66	133	180	104	145	71	194	183	4	41	197	117	57	76	163	112	46	35	73	50	63	140	54	17	79	168	167	153	43	48	142	53	195	9	115	106	82	38	155	147	58	20	103	90	178	136	141	56	173	114	84	116	118	100	148	98	119	24	87	23	26	125	172	105	144	65	55	189	137	93	72	21	16	18	193	108	61	40	188	14	157	176	42	192	160	200	191	83	19	196	174	7	62	88	70	28	164	159	152	135	107	64	184	127	3	187	81	89	161	13	150	15	22	36	111	67	122	77	86	52	143	32	47	31	33	10	51	95	59	110	30	139	166	156	124	25	97	5	154	177	128	129	134	132	69	146	126	190	101	138	39	158	179	175	80	12	49	181	92	123	130	149	96	120	34	185	151	162
sub-NRRC5V	134	47	63	43	89	170	139	11	17	40	90	53	28	130	60	49	131	117	46	27	5	95	32	199	185	103	198	114	127	188	160	119	111	88	14	41	104	100	196	191	1	24	186	125	62	108	113	152	30	3	70	50	37	101	39	6	173	166	22	145	149	21	159	120	197	26	179	118	65	38	142	136	97	59	151	76	167	56	116	67	126	19	18	42	31	141	169	36	174	20	92	12	33	87	79	128	78	74	180	109	144	82	72	55	73	75	66	9	29	85	178	8	164	194	80	184	154	200	181	121	44	148	156	57	64	96	69	115	165	176	123	171	155	105	147	143	172	158	98	112	175	140	168	15	34	35	45	94	83	99	157	61	192	7	81	4	23	10	58	93	86	106	51	161	177	193	84	107	110	13	153	162	52	150	122	124	16	132	146	183	163	135	91	187	77	137	25	2	133	182	48	138	54	102	68	71	129	190	189	195
sub-ORGNDY	22	29	56	10	39	26	47	98	48	54	31	28	105	159	82	92	188	164	87	61	150	130	88	199	191	136	198	151	42	30	49	72	145	154	65	69	83	118	190	192	40	104	197	70	122	141	170	120	117	108	103	114	16	19	35	67	46	25	38	80	177	62	179	133	160	93	15	34	135	58	115	166	134	94	73	156	137	129	149	91	187	180	84	17	74	21	172	184	189	79	148	55	75	99	128	169	132	23	76	43	1	2	5	3	12	4	36	125	33	113	20	57	183	194	126	143	78	200	100	157	85	196	53	52	124	146	112	107	161	175	6	9	66	44	41	50	182	32	142	109	185	167	152	64	111	90	140	110	60	119	178	173	193	101	121	77	89	81	127	106	45	8	14	7	171	165	155	147	63	68	24	18	96	176	139	158	86	186	174	195	71	153	102	138	181	95	144	123	131	59	37	163	168	97	162	13	51	27	11	116
sub-OS7NQV	160	25	17	19	13	32	182	180	79	127	157	62	37	77	39	27	170	67	31	23	114	125	64	199	184	131	198	112	185	92	139	187	44	88	177	145	128	99	144	33	24	74	197	149	11	2	94	122	46	21	106	51	47	52	82	36	60	161	116	65	152	105	169	42	196	34	183	58	107	72	113	129	120	71	117	29	181	153	168	84	50	26	104	151	134	91	57	75	83	1	7	54	9	150	147	15	162	68	142	179	176	163	97	123	90	8	165	143	109	126	178	49	164	115	38	40	167	200	190	110	30	81	70	45	41	108	103	73	96	174	172	158	135	61	141	156	173	188	93	98	133	138	166	5	63	22	56	89	136	16	10	137	111	3	4	35	43	6	80	102	87	59	28	78	124	195	154	101	48	12	171	55	132	140	118	148	53	194	14	100	159	155	86	189	186	175	69	20	66	18	95	85	121	146	119	76	130	192	191	193
sub-PPUN0O	180	38	15	22	118	24	161	183	67	110	82	97	89	46	7	23	145	68	32	4	12	57	72	199	163	105	198	18	189	159	8	84	125	130	77	33	111	128	187	173	42	52	197	131	129	87	134	13	58	66	147	90	124	176	102	34	17	80	28	114	59	2	5	3	119	44	71	115	30	1	6	63	41	43	20	26	27	170	54	50	108	122	88	137	40	10	60	121	162	62	143	79	19	55	117	29	116	101	14	36	103	112	142	174	160	126	194	185	78	49	171	93	179	177	94	193	140	200	191	25	56	196	156	16	76	92	35	146	192	104	182	168	186	86	153	155	157	178	61	138	85	136	9	53	45	74	154	70	141	127	48	132	165	91	99	75	96	100	64	21	106	107	65	169	184	151	47	133	120	31	167	181	175	69	83	39	150	73	148	195	152	98	11	172	135	95	81	109	113	139	158	149	144	164	123	166	51	190	37	188
sub-Q2GBNR	107	102	45	135	61	180	193	55	12	86	67	133	63	126	47	43	147	96	13	5	94	77	74	198	191	83	199	87	152	143	187	156	130	139	165	159	169	76	19	195	39	68	197	70	11	29	157	125	78	52	91	81	1	17	93	41	177	124	149	182	6	122	164	114	196	40	189	129	38	80	163	54	112	33	141	21	72	7	132	109	116	172	82	170	150	167	148	120	117	26	121	62	48	155	186	100	49	32	174	192	153	190	118	140	146	111	137	142	110	57	188	27	176	95	9	31	119	200	138	115	46	50	36	59	105	108	88	65	20	160	181	183	166	75	162	161	131	66	99	92	24	90	179	23	58	8	16	73	30	106	151	123	173	2	22	89	71	10	101	56	15	4	3	51	171	144	25	64	103	18	127	178	168	98	128	60	44	185	154	194	136	69	34	104	145	37	113	79	35	175	14	53	42	134	28	85	84	158	184	97
sub-QY7FPO	161	68	17	57	104	83	186	156	46	102	137	98	12	32	23	21	148	121	15	9	61	109	36	199	170	93	197	72	181	147	101	94	79	134	152	191	135	74	196	188	4	41	198	99	13	59	159	130	24	35	18	48	14	131	1	22	142	155	173	163	132	80	81	97	179	7	180	123	89	37	185	149	88	27	122	92	52	151	110	71	171	143	43	165	103	111	117	51	172	25	86	8	5	118	176	108	140	69	166	138	139	174	60	127	82	128	157	42	85	95	177	65	105	167	16	190	33	200	153	77	19	50	162	31	75	55	3	53	184	67	146	169	168	78	183	113	76	182	62	84	158	87	144	11	40	26	30	64	90	45	145	126	189	29	34	38	44	28	54	73	47	56	6	115	106	192	120	119	66	2	164	154	133	129	96	141	58	193	91	195	112	150	49	175	187	136	63	39	10	107	20	114	70	160	100	116	124	125	178	194
sub-RXWE3I	75	79	35	89	81	163	157	82	62	104	128	78	45	65	38	5	36	6	13	9	42	68	46	199	151	117	198	99	28	168	20	148	100	105	165	119	66	30	177	192	23	37	197	137	76	80	160	108	40	12	17	53	1	2	63	26	167	175	176	129	85	94	41	83	190	24	120	132	101	59	162	135	107	55	140	47	178	149	142	77	179	50	70	31	123	153	147	106	49	4	18	19	10	122	172	141	144	54	158	186	170	185	11	116	91	121	194	164	92	114	181	74	150	189	73	159	134	200	187	71	7	103	173	16	34	58	87	69	191	111	136	102	169	95	180	133	166	183	88	98	93	112	96	22	21	44	118	56	33	51	143	67	182	60	43	29	48	27	72	97	84	57	3	145	171	193	15	124	39	14	161	155	139	113	138	152	115	195	8	109	130	126	64	184	146	174	32	25	86	154	110	52	131	90	61	125	127	188	156	196
sub-V4BVPJ	165	14	53	92	140	9	38	80	4	69	1	17	67	108	49	42	120	135	27	21	10	81	44	199	184	129	198	105	169	141	178	19	107	110	181	186	144	102	193	175	31	54	197	59	51	100	153	83	50	41	99	75	96	39	48	28	174	119	117	173	150	95	154	88	196	37	185	26	5	22	121	3	68	60	132	104	87	130	24	101	163	124	25	40	7	160	55	73	62	65	52	18	30	112	156	115	46	2	180	168	176	161	72	137	139	23	189	93	109	116	155	61	134	190	79	192	170	200	171	98	32	177	147	57	82	94	84	76	188	118	29	167	89	91	183	148	157	179	77	111	159	131	127	45	64	13	43	90	78	86	71	143	151	47	12	35	70	58	74	106	103	16	33	34	166	187	149	136	97	20	164	152	114	85	145	11	122	191	138	195	133	123	66	172	15	146	56	36	128	182	113	8	142	158	126	6	125	63	162	194
sub-VPGDBG	121	68	30	8	2	1	182	128	59	110	37	98	36	83	32	10	151	25	20	11	95	106	26	199	156	123	198	71	176	181	175	4	100	129	177	178	150	7	195	186	18	27	197	109	29	43	24	99	53	44	108	54	72	40	49	28	5	167	170	168	64	17	152	77	153	22	144	23	35	3	63	142	105	52	21	92	172	154	157	78	184	137	67	9	33	91	70	149	117	34	19	51	31	133	139	130	143	74	138	173	165	141	90	82	126	136	189	158	86	88	180	69	131	188	73	191	160	200	169	39	6	196	174	38	80	97	55	96	116	163	122	145	161	41	179	120	159	183	81	46	162	127	155	16	12	47	124	75	125	45	107	85	112	48	66	58	61	65	60	111	62	79	15	132	146	192	76	135	94	13	102	134	84	42	14	140	119	193	93	187	148	103	57	171	166	147	87	56	114	164	104	50	115	89	113	101	118	185	190	194
sub-WGL13V	103	18	4	51	73	140	14	182	72	11	161	135	48	133	52	21	177	110	39	29	128	71	77	199	88	151	198	54	180	66	3	166	34	8	112	173	93	56	38	125	36	85	197	109	49	27	76	63	19	43	100	37	104	164	45	64	111	124	108	16	74	35	86	22	190	47	146	40	20	25	102	149	141	94	78	82	160	158	163	5	134	83	101	17	126	155	148	120	115	67	59	90	50	165	121	75	168	119	170	188	167	174	136	142	105	153	185	159	123	41	186	113	95	152	13	189	176	200	156	28	2	196	181	24	32	61	116	117	191	118	145	147	178	127	187	138	62	172	91	132	6	97	69	68	46	55	65	42	144	1	162	26	80	87	84	31	81	96	30	89	99	137	70	169	183	194	10	79	130	44	139	184	114	143	33	9	131	157	23	58	12	154	107	171	60	15	53	98	92	179	150	7	106	175	122	57	129	192	193	195
sub-X0B8SS	93	54	9	5	108	135	152	170	50	101	137	65	38	97	24	16	153	29	4	3	7	68	33	199	178	115	197	87	172	154	165	175	58	132	151	186	127	63	194	183	13	36	198	120	56	80	164	107	28	31	70	39	2	126	25	14	111	130	144	143	96	11	140	109	195	12	155	73	72	10	174	129	71	40	106	95	169	131	136	45	187	138	66	158	62	105	142	173	160	32	79	23	22	133	30	102	82	37	159	89	168	113	85	77	99	83	182	128	64	78	119	53	148	188	26	190	139	200	181	92	21	196	171	19	59	75	74	55	176	163	149	145	146	15	177	134	110	156	67	84	166	116	17	20	18	44	100	8	47	35	43	123	184	42	49	46	41	27	57	76	61	88	1	147	157	189	122	69	86	6	162	167	60	94	124	141	90	191	91	192	117	114	48	161	180	125	52	51	103	81	104	121	112	150	98	34	118	185	179	193
sub-X0EABY	97	67	27	79	137	143	96	147	5	43	135	98	25	123	53	51	174	136	36	26	22	18	35	199	103	127	198	76	172	48	56	183	24	122	167	169	158	33	195	184	28	71	197	95	38	80	149	99	77	6	119	70	104	153	64	49	12	101	37	132	144	31	168	139	194	1	165	19	23	16	131	160	130	3	13	113	177	100	156	62	178	157	54	162	66	159	82	84	89	55	126	60	57	150	179	115	20	69	173	188	161	92	75	65	121	46	185	39	102	30	186	4	85	189	93	182	50	200	138	41	11	196	175	7	9	116	74	73	190	40	171	170	176	118	105	34	155	166	72	14	129	29	110	44	32	61	111	68	128	91	117	63	193	81	86	88	87	90	78	120	107	17	47	145	21	191	94	45	133	2	164	148	15	154	58	42	83	187	146	181	163	152	10	8	180	151	109	52	142	134	141	125	140	108	112	114	106	192	124	59
sub-X5HEBW	77	91	14	69	102	166	157	25	27	61	143	121	8	76	19	9	68	29	17	7	118	135	58	198	190	87	199	104	47	155	184	98	95	57	179	172	117	22	137	194	43	30	197	23	44	51	167	151	31	34	65	74	1	26	32	33	72	122	164	159	96	99	165	119	195	28	182	144	114	67	191	156	10	13	120	112	161	128	111	92	178	78	90	163	113	154	147	193	160	55	63	45	16	37	123	150	139	4	181	180	106	185	97	132	134	146	79	6	2	20	109	54	50	108	73	5	56	200	162	89	48	196	84	42	52	88	46	64	171	124	142	177	175	49	186	153	168	174	35	85	127	18	138	11	41	62	131	86	129	39	152	130	188	66	59	75	71	70	80	94	82	53	12	115	176	107	36	38	40	21	173	183	149	145	141	140	101	169	110	192	148	158	24	125	116	170	60	15	105	189	100	136	103	133	3	81	126	187	83	93
sub-XRQQUU	76	124	104	152	120	186	125	140	79	100	171	131	51	148	105	107	190	164	89	85	95	155	69	198	117	86	199	137	19	80	189	193	156	161	177	170	182	143	195	153	14	45	197	165	98	111	187	102	17	48	15	26	8	13	54	66	96	139	166	181	162	128	47	159	194	28	88	168	144	52	121	147	115	57	172	93	77	185	126	49	64	68	82	40	146	71	184	33	118	58	145	20	9	42	87	163	60	36	61	70	2	63	62	101	25	55	114	34	74	12	129	112	179	169	109	108	154	200	191	150	90	196	167	72	136	39	30	127	83	188	4	23	21	116	157	138	180	132	65	151	160	110	183	41	27	50	84	119	92	113	173	123	133	18	24	32	16	11	29	97	59	6	5	1	135	142	175	91	78	35	43	7	174	122	149	178	37	73	103	158	106	94	46	67	176	56	38	53	22	130	75	134	44	81	10	3	99	31	141	192
sub-YBZYDB	154	72	15	107	95	88	145	171	34	87	135	65	43	112	22	12	108	126	13	5	57	104	30	198	165	90	199	80	175	178	162	181	91	75	176	188	123	78	194	185	14	23	197	136	73	83	164	96	42	29	101	49	74	70	3	10	159	169	166	153	117	85	152	119	196	8	156	38	50	32	16	67	105	41	137	84	155	150	144	60	189	142	93	147	122	143	99	174	127	27	92	40	18	124	170	9	148	62	168	182	47	114	71	113	106	54	149	138	6	26	177	58	151	190	66	191	160	200	183	37	17	187	167	2	20	21	56	19	173	69	121	125	157	79	163	115	132	184	81	94	55	109	86	4	1	31	120	44	131	64	68	129	128	35	25	52	48	46	24	103	77	76	11	139	158	193	130	28	98	7	140	82	141	111	51	59	118	179	110	192	146	102	53	172	161	134	89	45	61	33	100	97	133	63	116	36	39	186	180	195
sub-Z3QBQ3	15	16	37	18	11	9	141	174	65	85	24	5	29	115	46	42	163	118	28	25	112	127	62	199	181	98	197	101	23	7	8	27	57	47	172	169	156	73	194	180	26	67	198	145	34	93	160	147	54	60	81	71	69	111	77	36	80	168	125	22	144	91	152	130	195	30	96	136	84	51	179	90	32	48	138	100	157	108	116	86	188	151	94	161	56	158	155	177	166	55	104	61	49	133	123	137	149	82	170	175	1	6	3	4	13	2	12	139	99	122	19	14	153	190	38	191	162	200	183	117	41	196	164	35	79	103	92	105	173	165	21	121	10	58	146	44	154	182	87	106	167	120	83	40	52	78	45	70	132	68	97	107	185	63	72	17	66	76	50	95	88	89	20	39	143	192	148	135	110	33	150	126	142	74	124	102	113	189	53	193	131	129	75	171	178	134	59	64	43	176	114	119	140	159	128	31	109	186	184	187
sub-ZQ3R3J	135	115	63	149	166	178	195	183	89	139	113	129	24	126	57	59	170	56	5	3	120	142	39	196	187	23	199	37	108	151	184	159	131	156	157	88	161	65	173	190	35	33	194	52	72	95	182	124	46	21	50	75	103	8	101	67	164	19	130	181	94	96	28	2	116	40	44	87	86	83	118	138	111	12	144	42	185	26	158	114	193	104	51	17	90	71	137	163	175	29	80	15	4	84	179	147	160	112	188	162	109	192	45	155	148	145	198	165	127	125	168	97	172	197	34	177	58	200	180	32	1	31	105	73	69	106	25	85	146	150	134	36	102	122	176	133	152	174	79	93	48	81	11	7	49	43	66	107	47	14	123	61	191	53	6	30	16	9	70	98	117	100	78	92	143	189	20	74	60	18	62	110	132	76	121	99	55	153	38	68	154	82	13	141	64	140	27	10	77	167	41	119	91	171	128	136	22	54	169	186
sub-ZVC0V7	152	150	91	145	190	144	132	116	108	154	94	169	30	74	76	89	119	57	68	25	83	106	15	175	166	28	192	82	66	80	189	123	142	126	32	17	64	111	39	73	11	33	18	85	9	109	197	113	79	36	31	23	3	12	49	29	194	62	37	60	59	118	86	24	75	48	178	167	139	93	140	168	136	52	183	26	141	98	125	78	130	42	70	112	46	88	187	77	173	35	95	20	13	55	54	181	105	21	171	138	147	179	104	182	177	180	196	174	114	133	121	137	163	122	67	159	127	200	158	149	100	44	103	115	148	102	92	160	96	170	90	157	185	107	164	128	195	81	155	162	156	143	193	2	7	16	69	87	63	99	165	129	135	4	27	41	8	6	34	56	10	1	19	22	151	117	61	51	120	43	40	153	186	161	176	184	71	146	101	124	97	110	38	188	172	84	45	53	72	131	5	134	58	191	50	47	14	65	198	199
