subject	k_path	path_roi_indices	path_roi_names
sub-0021	0		
sub-0031	0		
sub-0112	71	3,8,11,22,23,25,26,29,32,36,39,41,48,49,53,54,58,59,60,61,64,69,72,77,79,84,85,99,100,121,124,126,127,131,132,138,141,142,143,144,145,146,149,150,153,154,155,156,162,163,164,166,167,168,169,174,175,178,179,181,182,183,184,185,186,187,189,192,195,196,198	tau.SUVR.Schaefer200.ROI.idx.3,tau.SUVR.Schaefer200.ROI.idx.8,tau.SUVR.Schaefer200.ROI.idx.11,tau.SUVR.Schaefer200.ROI.idx.22,tau.SUVR.Schaefer200.ROI.idx.23,tau.SUVR.Schaefer200.ROI.idx.25,tau.SUVR.Schaefer200.ROI.idx.26,tau.SUVR.Schaefer200.ROI.idx.29,tau.SUVR.Schaefer200.ROI.idx.32,tau.SUVR.Schaefer200.ROI.idx.36,tau.SUVR.Schaefer200.ROI.idx.39,tau.SUVR.Schaefer200.ROI.idx.41,tau.SUVR.Schaefer200.ROI.idx.48,tau.SUVR.Schaefer200.ROI.idx.49,tau.SUVR.Schaefer200.ROI.idx.53,tau.SUVR.Schaefer200.ROI.idx.54,tau.SUVR.Schaefer200.ROI.idx.58,tau.SUVR.Schaefer200.ROI.idx.59,tau.SUVR.Schaefer200.ROI.idx.60,tau.SUVR.Schaefer200.ROI.idx.61,tau.SUVR.Schaefer200.ROI.idx.64,tau.SUVR.Schaefer200.ROI.idx.69,tau.SUVR.Schaefer200.ROI.idx.72,tau.SUVR.Schaefer200.ROI.idx.77,tau.SUVR.Schaefer200.ROI.idx.79,tau.SUVR.Schaefer200.ROI.idx.84,tau.SUVR.Schaefer200.ROI.idx.85,tau.SUVR.Schaefer200.ROI.idx.99,tau.SUVR.Schaefer200.ROI.idx.100,tau.SUVR.Schaefer200.ROI.idx.121,tau.SUVR.Schaefer200.ROI.idx.124,tau.SUVR.Schaefer200.ROI.idx.126,tau.SUVR.Schaefer200.ROI.idx.127,tau.SUVR.Schaefer200.ROI.idx.131,tau.SUVR.Schaefer200.ROI.idx.132,tau.SUVR.Schaefer200.ROI.idx.138,tau.SUVR.Schaefer200.ROI.idx.141,tau.SUVR.Schaefer200.ROI.idx.142,tau.SUVR.Schaefer200.ROI.idx.143,tau.SUVR.Schaefer200.ROI.idx.144,tau.SUVR.Schaefer200.ROI.idx.145,tau.SUVR.Schaefer200.ROI.idx.146,tau.SUVR.Schaefer200.ROI.idx.149,tau.SUVR.Schaefer200.ROI.idx.150,tau.SUVR.Schaefer200.ROI.idx.153,tau.SUVR.Schaefer200.ROI.idx.154,tau.SUVR.Schaefer200.ROI.idx.155,tau.SUVR.Schaefer200.ROI.idx.156,tau.SUVR.Schaefer200.ROI.idx.162,tau.SUVR.Schaefer200.ROI.idx.163,tau.SUVR.Schaefer200.ROI.idx.164,tau.SUVR.Schaefer200.ROI.idx.166,tau.SUVR.Schaefer200.ROI.idx.167,tau.SUVR.Schaefer200.ROI.idx.168,tau.SUVR.Schaefer200.ROI.idx.169,tau.SUVR.Schaefer200.ROI.idx.174,tau.SUVR.Schaefer200.ROI.idx.175,tau.SUVR.Schaefer200.ROI.idx.178,tau.SUVR.Schaefer200.ROI.idx.179,tau.SUVR.Schaefer200.ROI.idx.181,tau.SUVR.Schaefer200.ROI.idx.182,tau.SUVR.Schaefer200.ROI.idx.183,tau.SUVR.Schaefer200.ROI.idx.184,tau.SUVR.Schaefer200.ROI.idx.185,tau.SUVR.Schaefer200.ROI.idx.186,tau.SUVR.Schaefer200.ROI.idx.187,tau.SUVR.Schaefer200.ROI.idx.189,tau.SUVR.Schaefer200.ROI.idx.192,tau.SUVR.Schaefer200.ROI.idx.195,tau.SUVR.Schaefer200.ROI.idx.196,tau.SUVR.Schaefer200.ROI.idx.198
sub-0120	0		
sub-0142	0		
sub-0416	0		
sub-0618	4	53,55,92,99	tau.SUVR.Schaefer200.ROI.idx.53,tau.SUVR.Schaefer200.ROI.idx.55,tau.SUVR.Schaefer200.ROI.idx.92,tau.SUVR.Schaefer200.ROI.idx.99
sub-0626	13	29,57,67,132,145,162,163,164,171,172,190,191,196	tau.SUVR.Schaefer200.ROI.idx.29,tau.SUVR.Schaefer200.ROI.idx.57,tau.SUVR.Schaefer200.ROI.idx.67,tau.SUVR.Schaefer200.ROI.idx.132,tau.SUVR.Schaefer200.ROI.idx.145,tau.SUVR.Schaefer200.ROI.idx.162,tau.SUVR.Schaefer200.ROI.idx.163,tau.SUVR.Schaefer200.ROI.idx.164,tau.SUVR.Schaefer200.ROI.idx.171,tau.SUVR.Schaefer200.ROI.idx.172,tau.SUVR.Schaefer200.ROI.idx.190,tau.SUVR.Schaefer200.ROI.idx.191,tau.SUVR.Schaefer200.ROI.idx.196
sub-0668	0		
sub-0684	0		
sub-0767	0		
sub-0800	38	1,2,3,4,5,6,7,8,9,10,11,12,29,30,31,32,33,41,53,54,55,57,67,72,86,96,98,99,100,101,102,104,105,106,131,132,133,172	tau.SUVR.Schaefer200.ROI.idx.1,tau.SUVR.Schaefer200.ROI.idx.2,tau.SUVR.Schaefer200.ROI.idx.3,tau.SUVR.Schaefer200.ROI.idx.4,tau.SUVR.Schaefer200.ROI.idx.5,tau.SUVR.Schaefer200.ROI.idx.6,tau.SUVR.Schaefer200.ROI.idx.7,tau.SUVR.Schaefer200.ROI.idx.8,tau.SUVR.Schaefer200.ROI.idx.9,tau.SUVR.Schaefer200.ROI.idx.10,tau.SUVR.Schaefer200.ROI.idx.11,tau.SUVR.Schaefer200.ROI.idx.12,tau.SUVR.Schaefer200.ROI.idx.29,tau.SUVR.Schaefer200.ROI.idx.30,tau.SUVR.Schaefer200.ROI.idx.31,tau.SUVR.Schaefer200.ROI.idx.32,tau.SUVR.Schaefer200.ROI.idx.33,tau.SUVR.Schaefer200.ROI.idx.41,tau.SUVR.Schaefer200.ROI.idx.53,tau.SUVR.Schaefer200.ROI.idx.54,tau.SUVR.Schaefer200.ROI.idx.55,tau.SUVR.Schaefer200.ROI.idx.57,tau.SUVR.Schaefer200.ROI.idx.67,tau.SUVR.Schaefer200.ROI.idx.72,tau.SUVR.Schaefer200.ROI.idx.86,tau.SUVR.Schaefer200.ROI.idx.96,tau.SUVR.Schaefer200.ROI.idx.98,tau.SUVR.Schaefer200.ROI.idx.99,tau.SUVR.Schaefer200.ROI.idx.100,tau.SUVR.Schaefer200.ROI.idx.101,tau.SUVR.Schaefer200.ROI.idx.102,tau.SUVR.Schaefer200.ROI.idx.104,tau.SUVR.Schaefer200.ROI.idx.105,tau.SUVR.Schaefer200.ROI.idx.106,tau.SUVR.Schaefer200.ROI.idx.131,tau.SUVR.Schaefer200.ROI.idx.132,tau.SUVR.Schaefer200.ROI.idx.133,tau.SUVR.Schaefer200.ROI.idx.172
sub-0896	0		
sub-0925	0		
sub-0969	0		
sub-1016	0		
sub-1190	0		
sub-1280	3	33,134,136	tau.SUVR.Schaefer200.ROI.idx.33,tau.SUVR.Schaefer200.ROI.idx.134,tau.SUVR.Schaefer200.ROI.idx.136
sub-1378	106	1,4,5,6,7,12,29,30,31,32,33,34,38,41,44,47,48,53,54,55,57,58,59,61,62,64,65,67,68,69,70,71,72,73,74,75,76,77,78,79,81,83,84,85,86,87,96,98,99,100,101,125,131,132,133,135,136,139,141,142,143,144,145,149,151,152,153,155,157,160,161,162,163,164,165,166,167,168,169,171,172,173,174,175,176,177,178,179,180,181,182,183,184,185,186,189,190,191,192,194,195,196,197,198,199,200	tau.SUVR.Schaefer200.ROI.idx.1,tau.SUVR.Schaefer200.ROI.idx.4,tau.SUVR.Schaefer200.ROI.idx.5,tau.SUVR.Schaefer200.ROI.idx.6,tau.SUVR.Schaefer200.ROI.idx.7,tau.SUVR.Schaefer200.ROI.idx.12,tau.SUVR.Schaefer200.ROI.idx.29,tau.SUVR.Schaefer200.ROI.idx.30,tau.SUVR.Schaefer200.ROI.idx.31,tau.SUVR.Schaefer200.ROI.idx.32,tau.SUVR.Schaefer200.ROI.idx.33,tau.SUVR.Schaefer200.ROI.idx.34,tau.SUVR.Schaefer200.ROI.idx.38,tau.SUVR.Schaefer200.ROI.idx.41,tau.SUVR.Schaefer200.ROI.idx.44,tau.SUVR.Schaefer200.ROI.idx.47,tau.SUVR.Schaefer200.ROI.idx.48,tau.SUVR.Schaefer200.ROI.idx.53,tau.SUVR.Schaefer200.ROI.idx.54,tau.SUVR.Schaefer200.ROI.idx.55,tau.SUVR.Schaefer200.ROI.idx.57,tau.SUVR.Schaefer200.ROI.idx.58,tau.SUVR.Schaefer200.ROI.idx.59,tau.SUVR.Schaefer200.ROI.idx.61,tau.SUVR.Schaefer200.ROI.idx.62,tau.SUVR.Schaefer200.ROI.idx.64,tau.SUVR.Schaefer200.ROI.idx.65,tau.SUVR.Schaefer200.ROI.idx.67,tau.SUVR.Schaefer200.ROI.idx.68,tau.SUVR.Schaefer200.ROI.idx.69,tau.SUVR.Schaefer200.ROI.idx.70,tau.SUVR.Schaefer200.ROI.idx.71,tau.SUVR.Schaefer200.ROI.idx.72,tau.SUVR.Schaefer200.ROI.idx.73,tau.SUVR.Schaefer200.ROI.idx.74,tau.SUVR.Schaefer200.ROI.idx.75,tau.SUVR.Schaefer200.ROI.idx.76,tau.SUVR.Schaefer200.ROI.idx.77,tau.SUVR.Schaefer200.ROI.idx.78,tau.SUVR.Schaefer200.ROI.idx.79,tau.SUVR.Schaefer200.ROI.idx.81,tau.SUVR.Schaefer200.ROI.idx.83,tau.SUVR.Schaefer200.ROI.idx.84,tau.SUVR.Schaefer200.ROI.idx.85,tau.SUVR.Schaefer200.ROI.idx.86,tau.SUVR.Schaefer200.ROI.idx.87,tau.SUVR.Schaefer200.ROI.idx.96,tau.SUVR.Schaefer200.ROI.idx.98,tau.SUVR.Schaefer200.ROI.idx.99,tau.SUVR.Schaefer200.ROI.idx.100,tau.SUVR.Schaefer200.ROI.idx.101,tau.SUVR.Schaefer200.ROI.idx.125,tau.SUVR.Schaefer200.ROI.idx.131,tau.SUVR.Schaefer200.ROI.idx.132,tau.SUVR.Schaefer200.ROI.idx.133,tau.SUVR.Schaefer200.ROI.idx.135,tau.SUVR.Schaefer200.ROI.idx.136,tau.SUVR.Schaefer200.ROI.idx.139,tau.SUVR.Schaefer200.ROI.idx.141,tau.SUVR.Schaefer200.ROI.idx.142,tau.SUVR.Schaefer200.ROI.idx.143,tau.SUVR.Schaefer200.ROI.idx.144,tau.SUVR.Schaefer200.ROI.idx.145,tau.SUVR.Schaefer200.ROI.idx.149,tau.SUVR.Schaefer200.ROI.idx.151,tau.SUVR.Schaefer200.ROI.idx.152,tau.SUVR.Schaefer200.ROI.idx.153,tau.SUVR.Schaefer200.ROI.idx.155,tau.SUVR.Schaefer200.ROI.idx.157,tau.SUVR.Schaefer200.ROI.idx.160,tau.SUVR.Schaefer200.ROI.idx.161,tau.SUVR.Schaefer200.ROI.idx.162,tau.SUVR.Schaefer200.ROI.idx.163,tau.SUVR.Schaefer200.ROI.idx.164,tau.SUVR.Schaefer200.ROI.idx.165,tau.SUVR.Schaefer200.ROI.idx.166,tau.SUVR.Schaefer200.ROI.idx.167,tau.SUVR.Schaefer200.ROI.idx.168,tau.SUVR.Schaefer200.ROI.idx.169,tau.SUVR.Schaefer200.ROI.idx.171,tau.SUVR.Schaefer200.ROI.idx.172,tau.SUVR.Schaefer200.ROI.idx.173,tau.SUVR.Schaefer200.ROI.idx.174,tau.SUVR.Schaefer200.ROI.idx.175,tau.SUVR.Schaefer200.ROI.idx.176,tau.SUVR.Schaefer200.ROI.idx.177,tau.SUVR.Schaefer200.ROI.idx.178,tau.SUVR.Schaefer200.ROI.idx.179,tau.SUVR.Schaefer200.ROI.idx.180,tau.SUVR.Schaefer200.ROI.idx.181,tau.SUVR.Schaefer200.ROI.idx.182,tau.SUVR.Schaefer200.ROI.idx.183,tau.SUVR.Schaefer200.ROI.idx.184,tau.SUVR.Schaefer200.ROI.idx.185,tau.SUVR.Schaefer200.ROI.idx.186,tau.SUVR.Schaefer200.ROI.idx.189,tau.SUVR.Schaefer200.ROI.idx.190,tau.SUVR.Schaefer200.ROI.idx.191,tau.SUVR.Schaefer200.ROI.idx.192,tau.SUVR.Schaefer200.ROI.idx.194,tau.SUVR.Schaefer200.ROI.idx.195,tau.SUVR.Schaefer200.ROI.idx.196,tau.SUVR.Schaefer200.ROI.idx.197,tau.SUVR.Schaefer200.ROI.idx.198,tau.SUVR.Schaefer200.ROI.idx.199,tau.SUVR.Schaefer200.ROI.idx.200
sub-1414	0		
sub-2068	0		
sub-2121	0		
sub-2130	0		
sub-2133	122	6,7,11,25,29,30,31,32,33,34,35,36,40,44,47,48,49,53,54,55,57,58,59,60,61,62,63,65,67,68,69,70,71,72,73,74,75,76,77,78,79,84,85,86,87,88,89,90,91,96,97,98,99,100,101,102,103,104,105,106,109,110,111,112,113,119,124,125,131,132,133,134,135,136,137,138,139,141,142,143,149,150,151,152,153,156,160,162,163,164,165,166,167,168,169,171,172,173,174,175,176,177,178,179,180,181,182,183,184,185,186,189,190,191,192,194,195,196,197,198,199,200	tau.SUVR.Schaefer200.ROI.idx.6,tau.SUVR.Schaefer200.ROI.idx.7,tau.SUVR.Schaefer200.ROI.idx.11,tau.SUVR.Schaefer200.ROI.idx.25,tau.SUVR.Schaefer200.ROI.idx.29,tau.SUVR.Schaefer200.ROI.idx.30,tau.SUVR.Schaefer200.ROI.idx.31,tau.SUVR.Schaefer200.ROI.idx.32,tau.SUVR.Schaefer200.ROI.idx.33,tau.SUVR.Schaefer200.ROI.idx.34,tau.SUVR.Schaefer200.ROI.idx.35,tau.SUVR.Schaefer200.ROI.idx.36,tau.SUVR.Schaefer200.ROI.idx.40,tau.SUVR.Schaefer200.ROI.idx.44,tau.SUVR.Schaefer200.ROI.idx.47,tau.SUVR.Schaefer200.ROI.idx.48,tau.SUVR.Schaefer200.ROI.idx.49,tau.SUVR.Schaefer200.ROI.idx.53,tau.SUVR.Schaefer200.ROI.idx.54,tau.SUVR.Schaefer200.ROI.idx.55,tau.SUVR.Schaefer200.ROI.idx.57,tau.SUVR.Schaefer200.ROI.idx.58,tau.SUVR.Schaefer200.ROI.idx.59,tau.SUVR.Schaefer200.ROI.idx.60,tau.SUVR.Schaefer200.ROI.idx.61,tau.SUVR.Schaefer200.ROI.idx.62,tau.SUVR.Schaefer200.ROI.idx.63,tau.SUVR.Schaefer200.ROI.idx.65,tau.SUVR.Schaefer200.ROI.idx.67,tau.SUVR.Schaefer200.ROI.idx.68,tau.SUVR.Schaefer200.ROI.idx.69,tau.SUVR.Schaefer200.ROI.idx.70,tau.SUVR.Schaefer200.ROI.idx.71,tau.SUVR.Schaefer200.ROI.idx.72,tau.SUVR.Schaefer200.ROI.idx.73,tau.SUVR.Schaefer200.ROI.idx.74,tau.SUVR.Schaefer200.ROI.idx.75,tau.SUVR.Schaefer200.ROI.idx.76,tau.SUVR.Schaefer200.ROI.idx.77,tau.SUVR.Schaefer200.ROI.idx.78,tau.SUVR.Schaefer200.ROI.idx.79,tau.SUVR.Schaefer200.ROI.idx.84,tau.SUVR.Schaefer200.ROI.idx.85,tau.SUVR.Schaefer200.ROI.idx.86,tau.SUVR.Schaefer200.ROI.idx.87,tau.SUVR.Schaefer200.ROI.idx.88,tau.SUVR.Schaefer200.ROI.idx.89,tau.SUVR.Schaefer200.ROI.idx.90,tau.SUVR.Schaefer200.ROI.idx.91,tau.SUVR.Schaefer200.ROI.idx.96,tau.SUVR.Schaefer200.ROI.idx.97,tau.SUVR.Schaefer200.ROI.idx.98,tau.SUVR.Schaefer200.ROI.idx.99,tau.SUVR.Schaefer200.ROI.idx.100,tau.SUVR.Schaefer200.ROI.idx.101,tau.SUVR.Schaefer200.ROI.idx.102,tau.SUVR.Schaefer200.ROI.idx.103,tau.SUVR.Schaefer200.ROI.idx.104,tau.SUVR.Schaefer200.ROI.idx.105,tau.SUVR.Schaefer200.ROI.idx.106,tau.SUVR.Schaefer200.ROI.idx.109,tau.SUVR.Schaefer200.ROI.idx.110,tau.SUVR.Schaefer200.ROI.idx.111,tau.SUVR.Schaefer200.ROI.idx.112,tau.SUVR.Schaefer200.ROI.idx.113,tau.SUVR.Schaefer200.ROI.idx.119,tau.SUVR.Schaefer200.ROI.idx.124,tau.SUVR.Schaefer200.ROI.idx.125,tau.SUVR.Schaefer200.ROI.idx.131,tau.SUVR.Schaefer200.ROI.idx.132,tau.SUVR.Schaefer200.ROI.idx.133,tau.SUVR.Schaefer200.ROI.idx.134,tau.SUVR.Schaefer200.ROI.idx.135,tau.SUVR.Schaefer200.ROI.idx.136,tau.SUVR.Schaefer200.ROI.idx.137,tau.SUVR.Schaefer200.ROI.idx.138,tau.SUVR.Schaefer200.ROI.idx.139,tau.SUVR.Schaefer200.ROI.idx.141,tau.SUVR.Schaefer200.ROI.idx.142,tau.SUVR.Schaefer200.ROI.idx.143,tau.SUVR.Schaefer200.ROI.idx.149,tau.SUVR.Schaefer200.ROI.idx.150,tau.SUVR.Schaefer200.ROI.idx.151,tau.SUVR.Schaefer200.ROI.idx.152,tau.SUVR.Schaefer200.ROI.idx.153,tau.SUVR.Schaefer200.ROI.idx.156,tau.SUVR.Schaefer200.ROI.idx.160,tau.SUVR.Schaefer200.ROI.idx.162,tau.SUVR.Schaefer200.ROI.idx.163,tau.SUVR.Schaefer200.ROI.idx.164,tau.SUVR.Schaefer200.ROI.idx.165,tau.SUVR.Schaefer200.ROI.idx.166,tau.SUVR.Schaefer200.ROI.idx.167,tau.SUVR.Schaefer200.ROI.idx.168,tau.SUVR.Schaefer200.ROI.idx.169,tau.SUVR.Schaefer200.ROI.idx.171,tau.SUVR.Schaefer200.ROI.idx.172,tau.SUVR.Schaefer200.ROI.idx.173,tau.SUVR.Schaefer200.ROI.idx.174,tau.SUVR.Schaefer200.ROI.idx.175,tau.SUVR.Schaefer200.ROI.idx.176,tau.SUVR.Schaefer200.ROI.idx.177,tau.SUVR.Schaefer200.ROI.idx.178,tau.SUVR.Schaefer200.ROI.idx.179,tau.SUVR.Schaefer200.ROI.idx.180,tau.SUVR.Schaefer200.ROI.idx.181,tau.SUVR.Schaefer200.ROI.idx.182,tau.SUVR.Schaefer200.ROI.idx.183,tau.SUVR.Schaefer200.ROI.idx.184,tau.SUVR.Schaefer200.ROI.idx.185,tau.SUVR.Schaefer200.ROI.idx.186,tau.SUVR.Schaefer200.ROI.idx.189,tau.SUVR.Schaefer200.ROI.idx.190,tau.SUVR.Schaefer200.ROI.idx.191,tau.SUVR.Schaefer200.ROI.idx.192,tau.SUVR.Schaefer200.ROI.idx.194,tau.SUVR.Schaefer200.ROI.idx.195,tau.SUVR.Schaefer200.ROI.idx.196,tau.SUVR.Schaefer200.ROI.idx.197,tau.SUVR.Schaefer200.ROI.idx.198,tau.SUVR.Schaefer200.ROI.idx.199,tau.SUVR.Schaefer200.ROI.idx.200
sub-2155	5	5,6,29,30,32	tau.SUVR.Schaefer200.ROI.idx.5,tau.SUVR.Schaefer200.ROI.idx.6,tau.SUVR.Schaefer200.ROI.idx.29,tau.SUVR.Schaefer200.ROI.idx.30,tau.SUVR.Schaefer200.ROI.idx.32
sub-2219	0		
sub-2333	9	21,53,54,55,67,83,84,85,86	tau.SUVR.Schaefer200.ROI.idx.21,tau.SUVR.Schaefer200.ROI.idx.53,tau.SUVR.Schaefer200.ROI.idx.54,tau.SUVR.Schaefer200.ROI.idx.55,tau.SUVR.Schaefer200.ROI.idx.67,tau.SUVR.Schaefer200.ROI.idx.83,tau.SUVR.Schaefer200.ROI.idx.84,tau.SUVR.Schaefer200.ROI.idx.85,tau.SUVR.Schaefer200.ROI.idx.86
sub-2336	82	1,2,4,5,6,7,8,11,12,29,30,31,32,33,34,47,53,54,55,57,58,60,61,67,68,69,72,74,75,76,77,78,79,84,85,86,87,91,96,97,98,99,100,101,102,104,105,106,112,131,132,133,134,135,136,137,142,151,153,162,163,164,165,166,171,172,173,174,175,176,180,181,182,183,184,185,186,191,192,194,195,196	tau.SUVR.Schaefer200.ROI.idx.1,tau.SUVR.Schaefer200.ROI.idx.2,tau.SUVR.Schaefer200.ROI.idx.4,tau.SUVR.Schaefer200.ROI.idx.5,tau.SUVR.Schaefer200.ROI.idx.6,tau.SUVR.Schaefer200.ROI.idx.7,tau.SUVR.Schaefer200.ROI.idx.8,tau.SUVR.Schaefer200.ROI.idx.11,tau.SUVR.Schaefer200.ROI.idx.12,tau.SUVR.Schaefer200.ROI.idx.29,tau.SUVR.Schaefer200.ROI.idx.30,tau.SUVR.Schaefer200.ROI.idx.31,tau.SUVR.Schaefer200.ROI.idx.32,tau.SUVR.Schaefer200.ROI.idx.33,tau.SUVR.Schaefer200.ROI.idx.34,tau.SUVR.Schaefer200.ROI.idx.47,tau.SUVR.Schaefer200.ROI.idx.53,tau.SUVR.Schaefer200.ROI.idx.54,tau.SUVR.Schaefer200.ROI.idx.55,tau.SUVR.Schaefer200.ROI.idx.57,tau.SUVR.Schaefer200.ROI.idx.58,tau.SUVR.Schaefer200.ROI.idx.60,tau.SUVR.Schaefer200.ROI.idx.61,tau.SUVR.Schaefer200.ROI.idx.67,tau.SUVR.Schaefer200.ROI.idx.68,tau.SUVR.Schaefer200.ROI.idx.69,tau.SUVR.Schaefer200.ROI.idx.72,tau.SUVR.Schaefer200.ROI.idx.74,tau.SUVR.Schaefer200.ROI.idx.75,tau.SUVR.Schaefer200.ROI.idx.76,tau.SUVR.Schaefer200.ROI.idx.77,tau.SUVR.Schaefer200.ROI.idx.78,tau.SUVR.Schaefer200.ROI.idx.79,tau.SUVR.Schaefer200.ROI.idx.84,tau.SUVR.Schaefer200.ROI.idx.85,tau.SUVR.Schaefer200.ROI.idx.86,tau.SUVR.Schaefer200.ROI.idx.87,tau.SUVR.Schaefer200.ROI.idx.91,tau.SUVR.Schaefer200.ROI.idx.96,tau.SUVR.Schaefer200.ROI.idx.97,tau.SUVR.Schaefer200.ROI.idx.98,tau.SUVR.Schaefer200.ROI.idx.99,tau.SUVR.Schaefer200.ROI.idx.100,tau.SUVR.Schaefer200.ROI.idx.101,tau.SUVR.Schaefer200.ROI.idx.102,tau.SUVR.Schaefer200.ROI.idx.104,tau.SUVR.Schaefer200.ROI.idx.105,tau.SUVR.Schaefer200.ROI.idx.106,tau.SUVR.Schaefer200.ROI.idx.112,tau.SUVR.Schaefer200.ROI.idx.131,tau.SUVR.Schaefer200.ROI.idx.132,tau.SUVR.Schaefer200.ROI.idx.133,tau.SUVR.Schaefer200.ROI.idx.134,tau.SUVR.Schaefer200.ROI.idx.135,tau.SUVR.Schaefer200.ROI.idx.136,tau.SUVR.Schaefer200.ROI.idx.137,tau.SUVR.Schaefer200.ROI.idx.142,tau.SUVR.Schaefer200.ROI.idx.151,tau.SUVR.Schaefer200.ROI.idx.153,tau.SUVR.Schaefer200.ROI.idx.162,tau.SUVR.Schaefer200.ROI.idx.163,tau.SUVR.Schaefer200.ROI.idx.164,tau.SUVR.Schaefer200.ROI.idx.165,tau.SUVR.Schaefer200.ROI.idx.166,tau.SUVR.Schaefer200.ROI.idx.171,tau.SUVR.Schaefer200.ROI.idx.172,tau.SUVR.Schaefer200.ROI.idx.173,tau.SUVR.Schaefer200.ROI.idx.174,tau.SUVR.Schaefer200.ROI.idx.175,tau.SUVR.Schaefer200.ROI.idx.176,tau.SUVR.Schaefer200.ROI.idx.180,tau.SUVR.Schaefer200.ROI.idx.181,tau.SUVR.Schaefer200.ROI.idx.182,tau.SUVR.Schaefer200.ROI.idx.183,tau.SUVR.Schaefer200.ROI.idx.184,tau.SUVR.Schaefer200.ROI.idx.185,tau.SUVR.Schaefer200.ROI.idx.186,tau.SUVR.Schaefer200.ROI.idx.191,tau.SUVR.Schaefer200.ROI.idx.192,tau.SUVR.Schaefer200.ROI.idx.194,tau.SUVR.Schaefer200.ROI.idx.195,tau.SUVR.Schaefer200.ROI.idx.196
sub-2367	1	55	tau.SUVR.Schaefer200.ROI.idx.55
sub-2373	30	9,53,54,55,74,77,78,84,98,101,108,132,144,146,157,158,161,162,163,164,171,172,181,183,184,186,190,191,195,196	tau.SUVR.Schaefer200.ROI.idx.9,tau.SUVR.Schaefer200.ROI.idx.53,tau.SUVR.Schaefer200.ROI.idx.54,tau.SUVR.Schaefer200.ROI.idx.55,tau.SUVR.Schaefer200.ROI.idx.74,tau.SUVR.Schaefer200.ROI.idx.77,tau.SUVR.Schaefer200.ROI.idx.78,tau.SUVR.Schaefer200.ROI.idx.84,tau.SUVR.Schaefer200.ROI.idx.98,tau.SUVR.Schaefer200.ROI.idx.101,tau.SUVR.Schaefer200.ROI.idx.108,tau.SUVR.Schaefer200.ROI.idx.132,tau.SUVR.Schaefer200.ROI.idx.144,tau.SUVR.Schaefer200.ROI.idx.146,tau.SUVR.Schaefer200.ROI.idx.157,tau.SUVR.Schaefer200.ROI.idx.158,tau.SUVR.Schaefer200.ROI.idx.161,tau.SUVR.Schaefer200.ROI.idx.162,tau.SUVR.Schaefer200.ROI.idx.163,tau.SUVR.Schaefer200.ROI.idx.164,tau.SUVR.Schaefer200.ROI.idx.171,tau.SUVR.Schaefer200.ROI.idx.172,tau.SUVR.Schaefer200.ROI.idx.181,tau.SUVR.Schaefer200.ROI.idx.183,tau.SUVR.Schaefer200.ROI.idx.184,tau.SUVR.Schaefer200.ROI.idx.186,tau.SUVR.Schaefer200.ROI.idx.190,tau.SUVR.Schaefer200.ROI.idx.191,tau.SUVR.Schaefer200.ROI.idx.195,tau.SUVR.Schaefer200.ROI.idx.196
sub-2380	51	53,54,55,68,74,77,78,84,85,86,87,99,100,124,125,127,131,132,135,139,141,142,145,149,151,159,161,162,163,164,165,166,168,169,171,172,173,174,175,176,182,183,184,186,190,191,194,197,198,199,200	tau.SUVR.Schaefer200.ROI.idx.53,tau.SUVR.Schaefer200.ROI.idx.54,tau.SUVR.Schaefer200.ROI.idx.55,tau.SUVR.Schaefer200.ROI.idx.68,tau.SUVR.Schaefer200.ROI.idx.74,tau.SUVR.Schaefer200.ROI.idx.77,tau.SUVR.Schaefer200.ROI.idx.78,tau.SUVR.Schaefer200.ROI.idx.84,tau.SUVR.Schaefer200.ROI.idx.85,tau.SUVR.Schaefer200.ROI.idx.86,tau.SUVR.Schaefer200.ROI.idx.87,tau.SUVR.Schaefer200.ROI.idx.99,tau.SUVR.Schaefer200.ROI.idx.100,tau.SUVR.Schaefer200.ROI.idx.124,tau.SUVR.Schaefer200.ROI.idx.125,tau.SUVR.Schaefer200.ROI.idx.127,tau.SUVR.Schaefer200.ROI.idx.131,tau.SUVR.Schaefer200.ROI.idx.132,tau.SUVR.Schaefer200.ROI.idx.135,tau.SUVR.Schaefer200.ROI.idx.139,tau.SUVR.Schaefer200.ROI.idx.141,tau.SUVR.Schaefer200.ROI.idx.142,tau.SUVR.Schaefer200.ROI.idx.145,tau.SUVR.Schaefer200.ROI.idx.149,tau.SUVR.Schaefer200.ROI.idx.151,tau.SUVR.Schaefer200.ROI.idx.159,tau.SUVR.Schaefer200.ROI.idx.161,tau.SUVR.Schaefer200.ROI.idx.162,tau.SUVR.Schaefer200.ROI.idx.163,tau.SUVR.Schaefer200.ROI.idx.164,tau.SUVR.Schaefer200.ROI.idx.165,tau.SUVR.Schaefer200.ROI.idx.166,tau.SUVR.Schaefer200.ROI.idx.168,tau.SUVR.Schaefer200.ROI.idx.169,tau.SUVR.Schaefer200.ROI.idx.171,tau.SUVR.Schaefer200.ROI.idx.172,tau.SUVR.Schaefer200.ROI.idx.173,tau.SUVR.Schaefer200.ROI.idx.174,tau.SUVR.Schaefer200.ROI.idx.175,tau.SUVR.Schaefer200.ROI.idx.176,tau.SUVR.Schaefer200.ROI.idx.182,tau.SUVR.Schaefer200.ROI.idx.183,tau.SUVR.Schaefer200.ROI.idx.184,tau.SUVR.Schaefer200.ROI.idx.186,tau.SUVR.Schaefer200.ROI.idx.190,tau.SUVR.Schaefer200.ROI.idx.191,tau.SUVR.Schaefer200.ROI.idx.194,tau.SUVR.Schaefer200.ROI.idx.197,tau.SUVR.Schaefer200.ROI.idx.198,tau.SUVR.Schaefer200.ROI.idx.199,tau.SUVR.Schaefer200.ROI.idx.200
sub-2394	0		
sub-2403	26	1,2,4,6,7,12,29,30,31,53,54,55,58,67,84,98,101,161,162,163,167,172,175,180,185,196	tau.SUVR.Schaefer200.ROI.idx.1,tau.SUVR.Schaefer200.ROI.idx.2,tau.SUVR.Schaefer200.ROI.idx.4,tau.SUVR.Schaefer200.ROI.idx.6,tau.SUVR.Schaefer200.ROI.idx.7,tau.SUVR.Schaefer200.ROI.idx.12,tau.SUVR.Schaefer200.ROI.idx.29,tau.SUVR.Schaefer200.ROI.idx.30,tau.SUVR.Schaefer200.ROI.idx.31,tau.SUVR.Schaefer200.ROI.idx.53,tau.SUVR.Schaefer200.ROI.idx.54,tau.SUVR.Schaefer200.ROI.idx.55,tau.SUVR.Schaefer200.ROI.idx.58,tau.SUVR.Schaefer200.ROI.idx.67,tau.SUVR.Schaefer200.ROI.idx.84,tau.SUVR.Schaefer200.ROI.idx.98,tau.SUVR.Schaefer200.ROI.idx.101,tau.SUVR.Schaefer200.ROI.idx.161,tau.SUVR.Schaefer200.ROI.idx.162,tau.SUVR.Schaefer200.ROI.idx.163,tau.SUVR.Schaefer200.ROI.idx.167,tau.SUVR.Schaefer200.ROI.idx.172,tau.SUVR.Schaefer200.ROI.idx.175,tau.SUVR.Schaefer200.ROI.idx.180,tau.SUVR.Schaefer200.ROI.idx.185,tau.SUVR.Schaefer200.ROI.idx.196
sub-4003	0		
sub-4028	0		
sub-4060	0		
sub-4067	0		
sub-4076	0		
sub-4094	0		
sub-4100	0		
sub-4105	0		
sub-4114	4	101,102,104,105	tau.SUVR.Schaefer200.ROI.idx.101,tau.SUVR.Schaefer200.ROI.idx.102,tau.SUVR.Schaefer200.ROI.idx.104,tau.SUVR.Schaefer200.ROI.idx.105
sub-4119	0		
sub-4148	0		
sub-4149	6	101,102,104,105,164,196	tau.SUVR.Schaefer200.ROI.idx.101,tau.SUVR.Schaefer200.ROI.idx.102,tau.SUVR.Schaefer200.ROI.idx.104,tau.SUVR.Schaefer200.ROI.idx.105,tau.SUVR.Schaefer200.ROI.idx.164,tau.SUVR.Schaefer200.ROI.idx.196
sub-4162	77	1,4,5,6,7,8,11,21,22,25,26,28,29,30,31,32,33,34,35,36,37,38,40,41,47,48,49,54,55,57,58,59,60,62,63,64,65,67,68,69,70,71,73,74,75,76,78,79,84,85,86,87,90,95,96,99,100,101,102,104,105,131,132,135,142,163,164,168,169,172,186,190,196,197,198,199,200	tau.SUVR.Schaefer200.ROI.idx.1,tau.SUVR.Schaefer200.ROI.idx.4,tau.SUVR.Schaefer200.ROI.idx.5,tau.SUVR.Schaefer200.ROI.idx.6,tau.SUVR.Schaefer200.ROI.idx.7,tau.SUVR.Schaefer200.ROI.idx.8,tau.SUVR.Schaefer200.ROI.idx.11,tau.SUVR.Schaefer200.ROI.idx.21,tau.SUVR.Schaefer200.ROI.idx.22,tau.SUVR.Schaefer200.ROI.idx.25,tau.SUVR.Schaefer200.ROI.idx.26,tau.SUVR.Schaefer200.ROI.idx.28,tau.SUVR.Schaefer200.ROI.idx.29,tau.SUVR.Schaefer200.ROI.idx.30,tau.SUVR.Schaefer200.ROI.idx.31,tau.SUVR.Schaefer200.ROI.idx.32,tau.SUVR.Schaefer200.ROI.idx.33,tau.SUVR.Schaefer200.ROI.idx.34,tau.SUVR.Schaefer200.ROI.idx.35,tau.SUVR.Schaefer200.ROI.idx.36,tau.SUVR.Schaefer200.ROI.idx.37,tau.SUVR.Schaefer200.ROI.idx.38,tau.SUVR.Schaefer200.ROI.idx.40,tau.SUVR.Schaefer200.ROI.idx.41,tau.SUVR.Schaefer200.ROI.idx.47,tau.SUVR.Schaefer200.ROI.idx.48,tau.SUVR.Schaefer200.ROI.idx.49,tau.SUVR.Schaefer200.ROI.idx.54,tau.SUVR.Schaefer200.ROI.idx.55,tau.SUVR.Schaefer200.ROI.idx.57,tau.SUVR.Schaefer200.ROI.idx.58,tau.SUVR.Schaefer200.ROI.idx.59,tau.SUVR.Schaefer200.ROI.idx.60,tau.SUVR.Schaefer200.ROI.idx.62,tau.SUVR.Schaefer200.ROI.idx.63,tau.SUVR.Schaefer200.ROI.idx.64,tau.SUVR.Schaefer200.ROI.idx.65,tau.SUVR.Schaefer200.ROI.idx.67,tau.SUVR.Schaefer200.ROI.idx.68,tau.SUVR.Schaefer200.ROI.idx.69,tau.SUVR.Schaefer200.ROI.idx.70,tau.SUVR.Schaefer200.ROI.idx.71,tau.SUVR.Schaefer200.ROI.idx.73,tau.SUVR.Schaefer200.ROI.idx.74,tau.SUVR.Schaefer200.ROI.idx.75,tau.SUVR.Schaefer200.ROI.idx.76,tau.SUVR.Schaefer200.ROI.idx.78,tau.SUVR.Schaefer200.ROI.idx.79,tau.SUVR.Schaefer200.ROI.idx.84,tau.SUVR.Schaefer200.ROI.idx.85,tau.SUVR.Schaefer200.ROI.idx.86,tau.SUVR.Schaefer200.ROI.idx.87,tau.SUVR.Schaefer200.ROI.idx.90,tau.SUVR.Schaefer200.ROI.idx.95,tau.SUVR.Schaefer200.ROI.idx.96,tau.SUVR.Schaefer200.ROI.idx.99,tau.SUVR.Schaefer200.ROI.idx.100,tau.SUVR.Schaefer200.ROI.idx.101,tau.SUVR.Schaefer200.ROI.idx.102,tau.SUVR.Schaefer200.ROI.idx.104,tau.SUVR.Schaefer200.ROI.idx.105,tau.SUVR.Schaefer200.ROI.idx.131,tau.SUVR.Schaefer200.ROI.idx.132,tau.SUVR.Schaefer200.ROI.idx.135,tau.SUVR.Schaefer200.ROI.idx.142,tau.SUVR.Schaefer200.ROI.idx.163,tau.SUVR.Schaefer200.ROI.idx.164,tau.SUVR.Schaefer200.ROI.idx.168,tau.SUVR.Schaefer200.ROI.idx.169,tau.SUVR.Schaefer200.ROI.idx.172,tau.SUVR.Schaefer200.ROI.idx.186,tau.SUVR.Schaefer200.ROI.idx.190,tau.SUVR.Schaefer200.ROI.idx.196,tau.SUVR.Schaefer200.ROI.idx.197,tau.SUVR.Schaefer200.ROI.idx.198,tau.SUVR.Schaefer200.ROI.idx.199,tau.SUVR.Schaefer200.ROI.idx.200
sub-4168	0		
sub-4175	0		
sub-4176	0		
sub-4177	0		
sub-4179	1	172	tau.SUVR.Schaefer200.ROI.idx.172
sub-4188	56	1,4,5,6,7,8,9,11,12,29,30,31,32,33,53,54,55,57,58,60,61,67,68,76,83,84,85,86,87,91,96,98,99,100,101,105,106,131,132,133,145,151,161,162,164,165,171,172,173,184,186,190,191,194,196,197	tau.SUVR.Schaefer200.ROI.idx.1,tau.SUVR.Schaefer200.ROI.idx.4,tau.SUVR.Schaefer200.ROI.idx.5,tau.SUVR.Schaefer200.ROI.idx.6,tau.SUVR.Schaefer200.ROI.idx.7,tau.SUVR.Schaefer200.ROI.idx.8,tau.SUVR.Schaefer200.ROI.idx.9,tau.SUVR.Schaefer200.ROI.idx.11,tau.SUVR.Schaefer200.ROI.idx.12,tau.SUVR.Schaefer200.ROI.idx.29,tau.SUVR.Schaefer200.ROI.idx.30,tau.SUVR.Schaefer200.ROI.idx.31,tau.SUVR.Schaefer200.ROI.idx.32,tau.SUVR.Schaefer200.ROI.idx.33,tau.SUVR.Schaefer200.ROI.idx.53,tau.SUVR.Schaefer200.ROI.idx.54,tau.SUVR.Schaefer200.ROI.idx.55,tau.SUVR.Schaefer200.ROI.idx.57,tau.SUVR.Schaefer200.ROI.idx.58,tau.SUVR.Schaefer200.ROI.idx.60,tau.SUVR.Schaefer200.ROI.idx.61,tau.SUVR.Schaefer200.ROI.idx.67,tau.SUVR.Schaefer200.ROI.idx.68,tau.SUVR.Schaefer200.ROI.idx.76,tau.SUVR.Schaefer200.ROI.idx.83,tau.SUVR.Schaefer200.ROI.idx.84,tau.SUVR.Schaefer200.ROI.idx.85,tau.SUVR.Schaefer200.ROI.idx.86,tau.SUVR.Schaefer200.ROI.idx.87,tau.SUVR.Schaefer200.ROI.idx.91,tau.SUVR.Schaefer200.ROI.idx.96,tau.SUVR.Schaefer200.ROI.idx.98,tau.SUVR.Schaefer200.ROI.idx.99,tau.SUVR.Schaefer200.ROI.idx.100,tau.SUVR.Schaefer200.ROI.idx.101,tau.SUVR.Schaefer200.ROI.idx.105,tau.SUVR.Schaefer200.ROI.idx.106,tau.SUVR.Schaefer200.ROI.idx.131,tau.SUVR.Schaefer200.ROI.idx.132,tau.SUVR.Schaefer200.ROI.idx.133,tau.SUVR.Schaefer200.ROI.idx.145,tau.SUVR.Schaefer200.ROI.idx.151,tau.SUVR.Schaefer200.ROI.idx.161,tau.SUVR.Schaefer200.ROI.idx.162,tau.SUVR.Schaefer200.ROI.idx.164,tau.SUVR.Schaefer200.ROI.idx.165,tau.SUVR.Schaefer200.ROI.idx.171,tau.SUVR.Schaefer200.ROI.idx.172,tau.SUVR.Schaefer200.ROI.idx.173,tau.SUVR.Schaefer200.ROI.idx.184,tau.SUVR.Schaefer200.ROI.idx.186,tau.SUVR.Schaefer200.ROI.idx.190,tau.SUVR.Schaefer200.ROI.idx.191,tau.SUVR.Schaefer200.ROI.idx.194,tau.SUVR.Schaefer200.ROI.idx.196,tau.SUVR.Schaefer200.ROI.idx.197
sub-4197	0		
sub-4200	0		
sub-4224	0		
sub-4234	0		
sub-4254	0		
sub-4262	130	5,7,13,21,29,30,31,32,33,34,35,36,37,38,40,44,45,47,53,54,55,57,58,59,60,61,62,67,68,70,73,75,77,78,79,84,85,86,88,93,96,98,99,100,101,102,105,106,112,113,115,117,119,120,121,124,125,126,127,128,129,130,131,132,133,134,135,136,137,138,139,140,141,142,143,144,145,146,147,148,149,150,151,152,153,154,155,156,157,158,159,160,161,162,163,164,165,166,167,168,169,171,172,173,174,175,176,177,178,179,180,181,182,183,184,185,186,187,189,190,191,192,193,194,195,196,197,198,199,200	tau.SUVR.Schaefer200.ROI.idx.5,tau.SUVR.Schaefer200.ROI.idx.7,tau.SUVR.Schaefer200.ROI.idx.13,tau.SUVR.Schaefer200.ROI.idx.21,tau.SUVR.Schaefer200.ROI.idx.29,tau.SUVR.Schaefer200.ROI.idx.30,tau.SUVR.Schaefer200.ROI.idx.31,tau.SUVR.Schaefer200.ROI.idx.32,tau.SUVR.Schaefer200.ROI.idx.33,tau.SUVR.Schaefer200.ROI.idx.34,tau.SUVR.Schaefer200.ROI.idx.35,tau.SUVR.Schaefer200.ROI.idx.36,tau.SUVR.Schaefer200.ROI.idx.37,tau.SUVR.Schaefer200.ROI.idx.38,tau.SUVR.Schaefer200.ROI.idx.40,tau.SUVR.Schaefer200.ROI.idx.44,tau.SUVR.Schaefer200.ROI.idx.45,tau.SUVR.Schaefer200.ROI.idx.47,tau.SUVR.Schaefer200.ROI.idx.53,tau.SUVR.Schaefer200.ROI.idx.54,tau.SUVR.Schaefer200.ROI.idx.55,tau.SUVR.Schaefer200.ROI.idx.57,tau.SUVR.Schaefer200.ROI.idx.58,tau.SUVR.Schaefer200.ROI.idx.59,tau.SUVR.Schaefer200.ROI.idx.60,tau.SUVR.Schaefer200.ROI.idx.61,tau.SUVR.Schaefer200.ROI.idx.62,tau.SUVR.Schaefer200.ROI.idx.67,tau.SUVR.Schaefer200.ROI.idx.68,tau.SUVR.Schaefer200.ROI.idx.70,tau.SUVR.Schaefer200.ROI.idx.73,tau.SUVR.Schaefer200.ROI.idx.75,tau.SUVR.Schaefer200.ROI.idx.77,tau.SUVR.Schaefer200.ROI.idx.78,tau.SUVR.Schaefer200.ROI.idx.79,tau.SUVR.Schaefer200.ROI.idx.84,tau.SUVR.Schaefer200.ROI.idx.85,tau.SUVR.Schaefer200.ROI.idx.86,tau.SUVR.Schaefer200.ROI.idx.88,tau.SUVR.Schaefer200.ROI.idx.93,tau.SUVR.Schaefer200.ROI.idx.96,tau.SUVR.Schaefer200.ROI.idx.98,tau.SUVR.Schaefer200.ROI.idx.99,tau.SUVR.Schaefer200.ROI.idx.100,tau.SUVR.Schaefer200.ROI.idx.101,tau.SUVR.Schaefer200.ROI.idx.102,tau.SUVR.Schaefer200.ROI.idx.105,tau.SUVR.Schaefer200.ROI.idx.106,tau.SUVR.Schaefer200.ROI.idx.112,tau.SUVR.Schaefer200.ROI.idx.113,tau.SUVR.Schaefer200.ROI.idx.115,tau.SUVR.Schaefer200.ROI.idx.117,tau.SUVR.Schaefer200.ROI.idx.119,tau.SUVR.Schaefer200.ROI.idx.120,tau.SUVR.Schaefer200.ROI.idx.121,tau.SUVR.Schaefer200.ROI.idx.124,tau.SUVR.Schaefer200.ROI.idx.125,tau.SUVR.Schaefer200.ROI.idx.126,tau.SUVR.Schaefer200.ROI.idx.127,tau.SUVR.Schaefer200.ROI.idx.128,tau.SUVR.Schaefer200.ROI.idx.129,tau.SUVR.Schaefer200.ROI.idx.130,tau.SUVR.Schaefer200.ROI.idx.131,tau.SUVR.Schaefer200.ROI.idx.132,tau.SUVR.Schaefer200.ROI.idx.133,tau.SUVR.Schaefer200.ROI.idx.134,tau.SUVR.Schaefer200.ROI.idx.135,tau.SUVR.Schaefer200.ROI.idx.136,tau.SUVR.Schaefer200.ROI.idx.137,tau.SUVR.Schaefer200.ROI.idx.138,tau.SUVR.Schaefer200.ROI.idx.139,tau.SUVR.Schaefer200.ROI.idx.140,tau.SUVR.Schaefer200.ROI.idx.141,tau.SUVR.Schaefer200.ROI.idx.142,tau.SUVR.Schaefer200.ROI.idx.143,tau.SUVR.Schaefer200.ROI.idx.144,tau.SUVR.Schaefer200.ROI.idx.145,tau.SUVR.Schaefer200.ROI.idx.146,tau.SUVR.Schaefer200.ROI.idx.147,tau.SUVR.Schaefer200.ROI.idx.148,tau.SUVR.Schaefer200.ROI.idx.149,tau.SUVR.Schaefer200.ROI.idx.150,tau.SUVR.Schaefer200.ROI.idx.151,tau.SUVR.Schaefer200.ROI.idx.152,tau.SUVR.Schaefer200.ROI.idx.153,tau.SUVR.Schaefer200.ROI.idx.154,tau.SUVR.Schaefer200.ROI.idx.155,tau.SUVR.Schaefer200.ROI.idx.156,tau.SUVR.Schaefer200.ROI.idx.157,tau.SUVR.Schaefer200.ROI.idx.158,tau.SUVR.Schaefer200.ROI.idx.159,tau.SUVR.Schaefer200.ROI.idx.160,tau.SUVR.Schaefer200.ROI.idx.161,tau.SUVR.Schaefer200.ROI.idx.162,tau.SUVR.Schaefer200.ROI.idx.163,tau.SUVR.Schaefer200.ROI.idx.164,tau.SUVR.Schaefer200.ROI.idx.165,tau.SUVR.Schaefer200.ROI.idx.166,tau.SUVR.Schaefer200.ROI.idx.167,tau.SUVR.Schaefer200.ROI.idx.168,tau.SUVR.Schaefer200.ROI.idx.169,tau.SUVR.Schaefer200.ROI.idx.171,tau.SUVR.Schaefer200.ROI.idx.172,tau.SUVR.Schaefer200.ROI.idx.173,tau.SUVR.Schaefer200.ROI.idx.174,tau.SUVR.Schaefer200.ROI.idx.175,tau.SUVR.Schaefer200.ROI.idx.176,tau.SUVR.Schaefer200.ROI.idx.177,tau.SUVR.Schaefer200.ROI.idx.178,tau.SUVR.Schaefer200.ROI.idx.179,tau.SUVR.Schaefer200.ROI.idx.180,tau.SUVR.Schaefer200.ROI.idx.181,tau.SUVR.Schaefer200.ROI.idx.182,tau.SUVR.Schaefer200.ROI.idx.183,tau.SUVR.Schaefer200.ROI.idx.184,tau.SUVR.Schaefer200.ROI.idx.185,tau.SUVR.Schaefer200.ROI.idx.186,tau.SUVR.Schaefer200.ROI.idx.187,tau.SUVR.Schaefer200.ROI.idx.189,tau.SUVR.Schaefer200.ROI.idx.190,tau.SUVR.Schaefer200.ROI.idx.191,tau.SUVR.Schaefer200.ROI.idx.192,tau.SUVR.Schaefer200.ROI.idx.193,tau.SUVR.Schaefer200.ROI.idx.194,tau.SUVR.Schaefer200.ROI.idx.195,tau.SUVR.Schaefer200.ROI.idx.196,tau.SUVR.Schaefer200.ROI.idx.197,tau.SUVR.Schaefer200.ROI.idx.198,tau.SUVR.Schaefer200.ROI.idx.199,tau.SUVR.Schaefer200.ROI.idx.200
sub-4272	0		
sub-4277	0		
sub-4278	1	163	tau.SUVR.Schaefer200.ROI.idx.163
sub-4290	3	163,171,190	tau.SUVR.Schaefer200.ROI.idx.163,tau.SUVR.Schaefer200.ROI.idx.171,tau.SUVR.Schaefer200.ROI.idx.190
sub-4292	0		
sub-4294	71	5,6,12,25,29,30,31,32,33,34,36,37,38,40,44,47,53,54,55,57,58,59,60,67,68,72,73,75,77,78,79,84,86,87,96,99,100,103,106,111,112,113,114,116,117,119,120,121,122,123,130,133,134,135,136,137,138,139,140,142,149,161,162,163,164,165,166,181,182,186,196	tau.SUVR.Schaefer200.ROI.idx.5,tau.SUVR.Schaefer200.ROI.idx.6,tau.SUVR.Schaefer200.ROI.idx.12,tau.SUVR.Schaefer200.ROI.idx.25,tau.SUVR.Schaefer200.ROI.idx.29,tau.SUVR.Schaefer200.ROI.idx.30,tau.SUVR.Schaefer200.ROI.idx.31,tau.SUVR.Schaefer200.ROI.idx.32,tau.SUVR.Schaefer200.ROI.idx.33,tau.SUVR.Schaefer200.ROI.idx.34,tau.SUVR.Schaefer200.ROI.idx.36,tau.SUVR.Schaefer200.ROI.idx.37,tau.SUVR.Schaefer200.ROI.idx.38,tau.SUVR.Schaefer200.ROI.idx.40,tau.SUVR.Schaefer200.ROI.idx.44,tau.SUVR.Schaefer200.ROI.idx.47,tau.SUVR.Schaefer200.ROI.idx.53,tau.SUVR.Schaefer200.ROI.idx.54,tau.SUVR.Schaefer200.ROI.idx.55,tau.SUVR.Schaefer200.ROI.idx.57,tau.SUVR.Schaefer200.ROI.idx.58,tau.SUVR.Schaefer200.ROI.idx.59,tau.SUVR.Schaefer200.ROI.idx.60,tau.SUVR.Schaefer200.ROI.idx.67,tau.SUVR.Schaefer200.ROI.idx.68,tau.SUVR.Schaefer200.ROI.idx.72,tau.SUVR.Schaefer200.ROI.idx.73,tau.SUVR.Schaefer200.ROI.idx.75,tau.SUVR.Schaefer200.ROI.idx.77,tau.SUVR.Schaefer200.ROI.idx.78,tau.SUVR.Schaefer200.ROI.idx.79,tau.SUVR.Schaefer200.ROI.idx.84,tau.SUVR.Schaefer200.ROI.idx.86,tau.SUVR.Schaefer200.ROI.idx.87,tau.SUVR.Schaefer200.ROI.idx.96,tau.SUVR.Schaefer200.ROI.idx.99,tau.SUVR.Schaefer200.ROI.idx.100,tau.SUVR.Schaefer200.ROI.idx.103,tau.SUVR.Schaefer200.ROI.idx.106,tau.SUVR.Schaefer200.ROI.idx.111,tau.SUVR.Schaefer200.ROI.idx.112,tau.SUVR.Schaefer200.ROI.idx.113,tau.SUVR.Schaefer200.ROI.idx.114,tau.SUVR.Schaefer200.ROI.idx.116,tau.SUVR.Schaefer200.ROI.idx.117,tau.SUVR.Schaefer200.ROI.idx.119,tau.SUVR.Schaefer200.ROI.idx.120,tau.SUVR.Schaefer200.ROI.idx.121,tau.SUVR.Schaefer200.ROI.idx.122,tau.SUVR.Schaefer200.ROI.idx.123,tau.SUVR.Schaefer200.ROI.idx.130,tau.SUVR.Schaefer200.ROI.idx.133,tau.SUVR.Schaefer200.ROI.idx.134,tau.SUVR.Schaefer200.ROI.idx.135,tau.SUVR.Schaefer200.ROI.idx.136,tau.SUVR.Schaefer200.ROI.idx.137,tau.SUVR.Schaefer200.ROI.idx.138,tau.SUVR.Schaefer200.ROI.idx.139,tau.SUVR.Schaefer200.ROI.idx.140,tau.SUVR.Schaefer200.ROI.idx.142,tau.SUVR.Schaefer200.ROI.idx.149,tau.SUVR.Schaefer200.ROI.idx.161,tau.SUVR.Schaefer200.ROI.idx.162,tau.SUVR.Schaefer200.ROI.idx.163,tau.SUVR.Schaefer200.ROI.idx.164,tau.SUVR.Schaefer200.ROI.idx.165,tau.SUVR.Schaefer200.ROI.idx.166,tau.SUVR.Schaefer200.ROI.idx.181,tau.SUVR.Schaefer200.ROI.idx.182,tau.SUVR.Schaefer200.ROI.idx.186,tau.SUVR.Schaefer200.ROI.idx.196
sub-4309	0		
sub-4324	157	1,2,3,4,5,6,7,8,10,11,12,13,14,15,16,17,18,19,20,23,24,26,27,28,29,30,31,32,33,34,35,36,37,38,39,40,41,42,45,46,47,49,51,53,54,55,56,57,58,59,60,61,62,63,64,65,67,68,69,70,72,73,75,76,77,78,79,83,84,85,86,87,91,92,93,96,98,99,100,101,102,103,104,105,106,107,109,110,111,112,113,114,115,116,117,118,119,120,121,122,123,125,128,130,131,132,133,134,135,136,137,138,139,141,142,143,144,145,146,147,148,149,150,151,157,161,162,163,164,165,166,167,168,169,171,172,173,174,175,176,179,180,181,182,184,185,186,190,191,192,194,195,196,197,198,199,200	tau.SUVR.Schaefer200.ROI.idx.1,tau.SUVR.Schaefer200.ROI.idx.2,tau.SUVR.Schaefer200.ROI.idx.3,tau.SUVR.Schaefer200.ROI.idx.4,tau.SUVR.Schaefer200.ROI.idx.5,tau.SUVR.Schaefer200.ROI.idx.6,tau.SUVR.Schaefer200.ROI.idx.7,tau.SUVR.Schaefer200.ROI.idx.8,tau.SUVR.Schaefer200.ROI.idx.10,tau.SUVR.Schaefer200.ROI.idx.11,tau.SUVR.Schaefer200.ROI.idx.12,tau.SUVR.Schaefer200.ROI.idx.13,tau.SUVR.Schaefer200.ROI.idx.14,tau.SUVR.Schaefer200.ROI.idx.15,tau.SUVR.Schaefer200.ROI.idx.16,tau.SUVR.Schaefer200.ROI.idx.17,tau.SUVR.Schaefer200.ROI.idx.18,tau.SUVR.Schaefer200.ROI.idx.19,tau.SUVR.Schaefer200.ROI.idx.20,tau.SUVR.Schaefer200.ROI.idx.23,tau.SUVR.Schaefer200.ROI.idx.24,tau.SUVR.Schaefer200.ROI.idx.26,tau.SUVR.Schaefer200.ROI.idx.27,tau.SUVR.Schaefer200.ROI.idx.28,tau.SUVR.Schaefer200.ROI.idx.29,tau.SUVR.Schaefer200.ROI.idx.30,tau.SUVR.Schaefer200.ROI.idx.31,tau.SUVR.Schaefer200.ROI.idx.32,tau.SUVR.Schaefer200.ROI.idx.33,tau.SUVR.Schaefer200.ROI.idx.34,tau.SUVR.Schaefer200.ROI.idx.35,tau.SUVR.Schaefer200.ROI.idx.36,tau.SUVR.Schaefer200.ROI.idx.37,tau.SUVR.Schaefer200.ROI.idx.38,tau.SUVR.Schaefer200.ROI.idx.39,tau.SUVR.Schaefer200.ROI.idx.40,tau.SUVR.Schaefer200.ROI.idx.41,tau.SUVR.Schaefer200.ROI.idx.42,tau.SUVR.Schaefer200.ROI.idx.45,tau.SUVR.Schaefer200.ROI.idx.46,tau.SUVR.Schaefer200.ROI.idx.47,tau.SUVR.Schaefer200.ROI.idx.49,tau.SUVR.Schaefer200.ROI.idx.51,tau.SUVR.Schaefer200.ROI.idx.53,tau.SUVR.Schaefer200.ROI.idx.54,tau.SUVR.Schaefer200.ROI.idx.55,tau.SUVR.Schaefer200.ROI.idx.56,tau.SUVR.Schaefer200.ROI.idx.57,tau.SUVR.Schaefer200.ROI.idx.58,tau.SUVR.Schaefer200.ROI.idx.59,tau.SUVR.Schaefer200.ROI.idx.60,tau.SUVR.Schaefer200.ROI.idx.61,tau.SUVR.Schaefer200.ROI.idx.62,tau.SUVR.Schaefer200.ROI.idx.63,tau.SUVR.Schaefer200.ROI.idx.64,tau.SUVR.Schaefer200.ROI.idx.65,tau.SUVR.Schaefer200.ROI.idx.67,tau.SUVR.Schaefer200.ROI.idx.68,tau.SUVR.Schaefer200.ROI.idx.69,tau.SUVR.Schaefer200.ROI.idx.70,tau.SUVR.Schaefer200.ROI.idx.72,tau.SUVR.Schaefer200.ROI.idx.73,tau.SUVR.Schaefer200.ROI.idx.75,tau.SUVR.Schaefer200.ROI.idx.76,tau.SUVR.Schaefer200.ROI.idx.77,tau.SUVR.Schaefer200.ROI.idx.78,tau.SUVR.Schaefer200.ROI.idx.79,tau.SUVR.Schaefer200.ROI.idx.83,tau.SUVR.Schaefer200.ROI.idx.84,tau.SUVR.Schaefer200.ROI.idx.85,tau.SUVR.Schaefer200.ROI.idx.86,tau.SUVR.Schaefer200.ROI.idx.87,tau.SUVR.Schaefer200.ROI.idx.91,tau.SUVR.Schaefer200.ROI.idx.92,tau.SUVR.Schaefer200.ROI.idx.93,tau.SUVR.Schaefer200.ROI.idx.96,tau.SUVR.Schaefer200.ROI.idx.98,tau.SUVR.Schaefer200.ROI.idx.99,tau.SUVR.Schaefer200.ROI.idx.100,tau.SUVR.Schaefer200.ROI.idx.101,tau.SUVR.Schaefer200.ROI.idx.102,tau.SUVR.Schaefer200.ROI.idx.103,tau.SUVR.Schaefer200.ROI.idx.104,tau.SUVR.Schaefer200.ROI.idx.105,tau.SUVR.Schaefer200.ROI.idx.106,tau.SUVR.Schaefer200.ROI.idx.107,tau.SUVR.Schaefer200.ROI.idx.109,tau.SUVR.Schaefer200.ROI.idx.110,tau.SUVR.Schaefer200.ROI.idx.111,tau.SUVR.Schaefer200.ROI.idx.112,tau.SUVR.Schaefer200.ROI.idx.113,tau.SUVR.Schaefer200.ROI.idx.114,tau.SUVR.Schaefer200.ROI.idx.115,tau.SUVR.Schaefer200.ROI.idx.116,tau.SUVR.Schaefer200.ROI.idx.117,tau.SUVR.Schaefer200.ROI.idx.118,tau.SUVR.Schaefer200.ROI.idx.119,tau.SUVR.Schaefer200.ROI.idx.120,tau.SUVR.Schaefer200.ROI.idx.121,tau.SUVR.Schaefer200.ROI.idx.122,tau.SUVR.Schaefer200.ROI.idx.123,tau.SUVR.Schaefer200.ROI.idx.125,tau.SUVR.Schaefer200.ROI.idx.128,tau.SUVR.Schaefer200.ROI.idx.130,tau.SUVR.Schaefer200.ROI.idx.131,tau.SUVR.Schaefer200.ROI.idx.132,tau.SUVR.Schaefer200.ROI.idx.133,tau.SUVR.Schaefer200.ROI.idx.134,tau.SUVR.Schaefer200.ROI.idx.135,tau.SUVR.Schaefer200.ROI.idx.136,tau.SUVR.Schaefer200.ROI.idx.137,tau.SUVR.Schaefer200.ROI.idx.138,tau.SUVR.Schaefer200.ROI.idx.139,tau.SUVR.Schaefer200.ROI.idx.141,tau.SUVR.Schaefer200.ROI.idx.142,tau.SUVR.Schaefer200.ROI.idx.143,tau.SUVR.Schaefer200.ROI.idx.144,tau.SUVR.Schaefer200.ROI.idx.145,tau.SUVR.Schaefer200.ROI.idx.146,tau.SUVR.Schaefer200.ROI.idx.147,tau.SUVR.Schaefer200.ROI.idx.148,tau.SUVR.Schaefer200.ROI.idx.149,tau.SUVR.Schaefer200.ROI.idx.150,tau.SUVR.Schaefer200.ROI.idx.151,tau.SUVR.Schaefer200.ROI.idx.157,tau.SUVR.Schaefer200.ROI.idx.161,tau.SUVR.Schaefer200.ROI.idx.162,tau.SUVR.Schaefer200.ROI.idx.163,tau.SUVR.Schaefer200.ROI.idx.164,tau.SUVR.Schaefer200.ROI.idx.165,tau.SUVR.Schaefer200.ROI.idx.166,tau.SUVR.Schaefer200.ROI.idx.167,tau.SUVR.Schaefer200.ROI.idx.168,tau.SUVR.Schaefer200.ROI.idx.169,tau.SUVR.Schaefer200.ROI.idx.171,tau.SUVR.Schaefer200.ROI.idx.172,tau.SUVR.Schaefer200.ROI.idx.173,tau.SUVR.Schaefer200.ROI.idx.174,tau.SUVR.Schaefer200.ROI.idx.175,tau.SUVR.Schaefer200.ROI.idx.176,tau.SUVR.Schaefer200.ROI.idx.179,tau.SUVR.Schaefer200.ROI.idx.180,tau.SUVR.Schaefer200.ROI.idx.181,tau.SUVR.Schaefer200.ROI.idx.182,tau.SUVR.Schaefer200.ROI.idx.184,tau.SUVR.Schaefer200.ROI.idx.185,tau.SUVR.Schaefer200.ROI.idx.186,tau.SUVR.Schaefer200.ROI.idx.190,tau.SUVR.Schaefer200.ROI.idx.191,tau.SUVR.Schaefer200.ROI.idx.192,tau.SUVR.Schaefer200.ROI.idx.194,tau.SUVR.Schaefer200.ROI.idx.195,tau.SUVR.Schaefer200.ROI.idx.196,tau.SUVR.Schaefer200.ROI.idx.197,tau.SUVR.Schaefer200.ROI.idx.198,tau.SUVR.Schaefer200.ROI.idx.199,tau.SUVR.Schaefer200.ROI.idx.200
sub-4335	0		
sub-4343	9	31,58,59,64,67,75,84,86,100	tau.SUVR.Schaefer200.ROI.idx.31,tau.SUVR.Schaefer200.ROI.idx.58,tau.SUVR.Schaefer200.ROI.idx.59,tau.SUVR.Schaefer200.ROI.idx.64,tau.SUVR.Schaefer200.ROI.idx.67,tau.SUVR.Schaefer200.ROI.idx.75,tau.SUVR.Schaefer200.ROI.idx.84,tau.SUVR.Schaefer200.ROI.idx.86,tau.SUVR.Schaefer200.ROI.idx.100
sub-4349	0		
sub-4350	0		
sub-4351	2	171,172	tau.SUVR.Schaefer200.ROI.idx.171,tau.SUVR.Schaefer200.ROI.idx.172
sub-4352	0		
sub-4382	0		
sub-4384	0		
sub-4387	5	16,26,113,123,128	tau.SUVR.Schaefer200.ROI.idx.16,tau.SUVR.Schaefer200.ROI.idx.26,tau.SUVR.Schaefer200.ROI.idx.113,tau.SUVR.Schaefer200.ROI.idx.123,tau.SUVR.Schaefer200.ROI.idx.128
sub-4399	0		
sub-4400	0		
sub-4401	0		
sub-4404	43	5,6,7,14,16,17,18,28,29,32,33,36,37,38,39,46,53,54,55,60,61,64,65,67,69,72,83,84,91,96,98,120,133,134,136,141,150,162,163,164,167,176,196	tau.SUVR.Schaefer200.ROI.idx.5,tau.SUVR.Schaefer200.ROI.idx.6,tau.SUVR.Schaefer200.ROI.idx.7,tau.SUVR.Schaefer200.ROI.idx.14,tau.SUVR.Schaefer200.ROI.idx.16,tau.SUVR.Schaefer200.ROI.idx.17,tau.SUVR.Schaefer200.ROI.idx.18,tau.SUVR.Schaefer200.ROI.idx.28,tau.SUVR.Schaefer200.ROI.idx.29,tau.SUVR.Schaefer200.ROI.idx.32,tau.SUVR.Schaefer200.ROI.idx.33,tau.SUVR.Schaefer200.ROI.idx.36,tau.SUVR.Schaefer200.ROI.idx.37,tau.SUVR.Schaefer200.ROI.idx.38,tau.SUVR.Schaefer200.ROI.idx.39,tau.SUVR.Schaefer200.ROI.idx.46,tau.SUVR.Schaefer200.ROI.idx.53,tau.SUVR.Schaefer200.ROI.idx.54,tau.SUVR.Schaefer200.ROI.idx.55,tau.SUVR.Schaefer200.ROI.idx.60,tau.SUVR.Schaefer200.ROI.idx.61,tau.SUVR.Schaefer200.ROI.idx.64,tau.SUVR.Schaefer200.ROI.idx.65,tau.SUVR.Schaefer200.ROI.idx.67,tau.SUVR.Schaefer200.ROI.idx.69,tau.SUVR.Schaefer200.ROI.idx.72,tau.SUVR.Schaefer200.ROI.idx.83,tau.SUVR.Schaefer200.ROI.idx.84,tau.SUVR.Schaefer200.ROI.idx.91,tau.SUVR.Schaefer200.ROI.idx.96,tau.SUVR.Schaefer200.ROI.idx.98,tau.SUVR.Schaefer200.ROI.idx.120,tau.SUVR.Schaefer200.ROI.idx.133,tau.SUVR.Schaefer200.ROI.idx.134,tau.SUVR.Schaefer200.ROI.idx.136,tau.SUVR.Schaefer200.ROI.idx.141,tau.SUVR.Schaefer200.ROI.idx.150,tau.SUVR.Schaefer200.ROI.idx.162,tau.SUVR.Schaefer200.ROI.idx.163,tau.SUVR.Schaefer200.ROI.idx.164,tau.SUVR.Schaefer200.ROI.idx.167,tau.SUVR.Schaefer200.ROI.idx.176,tau.SUVR.Schaefer200.ROI.idx.196
sub-4414	180	1,2,3,4,5,6,7,8,9,10,11,12,13,14,18,21,22,23,24,25,26,28,29,30,31,32,33,34,35,36,37,39,40,41,42,43,44,45,46,47,48,49,50,51,52,53,54,55,56,57,58,59,60,61,62,63,64,65,66,67,68,69,70,71,72,73,74,75,76,77,78,79,80,81,82,83,84,85,86,87,88,89,90,91,92,93,94,95,96,97,98,99,100,101,102,103,104,105,106,107,108,109,110,111,112,113,115,124,125,126,127,128,129,131,132,133,134,135,136,137,138,141,142,143,144,145,146,147,148,149,150,151,152,154,155,156,157,158,159,160,161,162,163,164,165,166,167,168,169,170,171,172,173,174,175,176,177,178,179,180,181,182,183,184,185,186,187,188,189,190,191,192,193,194,195,196,197,198,199,200	tau.SUVR.Schaefer200.ROI.idx.1,tau.SUVR.Schaefer200.ROI.idx.2,tau.SUVR.Schaefer200.ROI.idx.3,tau.SUVR.Schaefer200.ROI.idx.4,tau.SUVR.Schaefer200.ROI.idx.5,tau.SUVR.Schaefer200.ROI.idx.6,tau.SUVR.Schaefer200.ROI.idx.7,tau.SUVR.Schaefer200.ROI.idx.8,tau.SUVR.Schaefer200.ROI.idx.9,tau.SUVR.Schaefer200.ROI.idx.10,tau.SUVR.Schaefer200.ROI.idx.11,tau.SUVR.Schaefer200.ROI.idx.12,tau.SUVR.Schaefer200.ROI.idx.13,tau.SUVR.Schaefer200.ROI.idx.14,tau.SUVR.Schaefer200.ROI.idx.18,tau.SUVR.Schaefer200.ROI.idx.21,tau.SUVR.Schaefer200.ROI.idx.22,tau.SUVR.Schaefer200.ROI.idx.23,tau.SUVR.Schaefer200.ROI.idx.24,tau.SUVR.Schaefer200.ROI.idx.25,tau.SUVR.Schaefer200.ROI.idx.26,tau.SUVR.Schaefer200.ROI.idx.28,tau.SUVR.Schaefer200.ROI.idx.29,tau.SUVR.Schaefer200.ROI.idx.30,tau.SUVR.Schaefer200.ROI.idx.31,tau.SUVR.Schaefer200.ROI.idx.32,tau.SUVR.Schaefer200.ROI.idx.33,tau.SUVR.Schaefer200.ROI.idx.34,tau.SUVR.Schaefer200.ROI.idx.35,tau.SUVR.Schaefer200.ROI.idx.36,tau.SUVR.Schaefer200.ROI.idx.37,tau.SUVR.Schaefer200.ROI.idx.39,tau.SUVR.Schaefer200.ROI.idx.40,tau.SUVR.Schaefer200.ROI.idx.41,tau.SUVR.Schaefer200.ROI.idx.42,tau.SUVR.Schaefer200.ROI.idx.43,tau.SUVR.Schaefer200.ROI.idx.44,tau.SUVR.Schaefer200.ROI.idx.45,tau.SUVR.Schaefer200.ROI.idx.46,tau.SUVR.Schaefer200.ROI.idx.47,tau.SUVR.Schaefer200.ROI.idx.48,tau.SUVR.Schaefer200.ROI.idx.49,tau.SUVR.Schaefer200.ROI.idx.50,tau.SUVR.Schaefer200.ROI.idx.51,tau.SUVR.Schaefer200.ROI.idx.52,tau.SUVR.Schaefer200.ROI.idx.53,tau.SUVR.Schaefer200.ROI.idx.54,tau.SUVR.Schaefer200.ROI.idx.55,tau.SUVR.Schaefer200.ROI.idx.56,tau.SUVR.Schaefer200.ROI.idx.57,tau.SUVR.Schaefer200.ROI.idx.58,tau.SUVR.Schaefer200.ROI.idx.59,tau.SUVR.Schaefer200.ROI.idx.60,tau.SUVR.Schaefer200.ROI.idx.61,tau.SUVR.Schaefer200.ROI.idx.62,tau.SUVR.Schaefer200.ROI.idx.63,tau.SUVR.Schaefer200.ROI.idx.64,tau.SUVR.Schaefer200.ROI.idx.65,tau.SUVR.Schaefer200.ROI.idx.66,tau.SUVR.Schaefer200.ROI.idx.67,tau.SUVR.Schaefer200.ROI.idx.68,tau.SUVR.Schaefer200.ROI.idx.69,tau.SUVR.Schaefer200.ROI.idx.70,tau.SUVR.Schaefer200.ROI.idx.71,tau.SUVR.Schaefer200.ROI.idx.72,tau.SUVR.Schaefer200.ROI.idx.73,tau.SUVR.Schaefer200.ROI.idx.74,tau.SUVR.Schaefer200.ROI.idx.75,tau.SUVR.Schaefer200.ROI.idx.76,tau.SUVR.Schaefer200.ROI.idx.77,tau.SUVR.Schaefer200.ROI.idx.78,tau.SUVR.Schaefer200.ROI.idx.79,tau.SUVR.Schaefer200.ROI.idx.80,tau.SUVR.Schaefer200.ROI.idx.81,tau.SUVR.Schaefer200.ROI.idx.82,tau.SUVR.Schaefer200.ROI.idx.83,tau.SUVR.Schaefer200.ROI.idx.84,tau.SUVR.Schaefer200.ROI.idx.85,tau.SUVR.Schaefer200.ROI.idx.86,tau.SUVR.Schaefer200.ROI.idx.87,tau.SUVR.Schaefer200.ROI.idx.88,tau.SUVR.Schaefer200.ROI.idx.89,tau.SUVR.Schaefer200.ROI.idx.90,tau.SUVR.Schaefer200.ROI.idx.91,tau.SUVR.Schaefer200.ROI.idx.92,tau.SUVR.Schaefer200.ROI.idx.93,tau.SUVR.Schaefer200.ROI.idx.94,tau.SUVR.Schaefer200.ROI.idx.95,tau.SUVR.Schaefer200.ROI.idx.96,tau.SUVR.Schaefer200.ROI.idx.97,tau.SUVR.Schaefer200.ROI.idx.98,tau.SUVR.Schaefer200.ROI.idx.99,tau.SUVR.Schaefer200.ROI.idx.100,tau.SUVR.Schaefer200.ROI.idx.101,tau.SUVR.Schaefer200.ROI.idx.102,tau.SUVR.Schaefer200.ROI.idx.103,tau.SUVR.Schaefer200.ROI.idx.104,tau.SUVR.Schaefer200.ROI.idx.105,tau.SUVR.Schaefer200.ROI.idx.106,tau.SUVR.Schaefer200.ROI.idx.107,tau.SUVR.Schaefer200.ROI.idx.108,tau.SUVR.Schaefer200.ROI.idx.109,tau.SUVR.Schaefer200.ROI.idx.110,tau.SUVR.Schaefer200.ROI.idx.111,tau.SUVR.Schaefer200.ROI.idx.112,tau.SUVR.Schaefer200.ROI.idx.113,tau.SUVR.Schaefer200.ROI.idx.115,tau.SUVR.Schaefer200.ROI.idx.124,tau.SUVR.Schaefer200.ROI.idx.125,tau.SUVR.Schaefer200.ROI.idx.126,tau.SUVR.Schaefer200.ROI.idx.127,tau.SUVR.Schaefer200.ROI.idx.128,tau.SUVR.Schaefer200.ROI.idx.129,tau.SUVR.Schaefer200.ROI.idx.131,tau.SUVR.Schaefer200.ROI.idx.132,tau.SUVR.Schaefer200.ROI.idx.133,tau.SUVR.Schaefer200.ROI.idx.134,tau.SUVR.Schaefer200.ROI.idx.135,tau.SUVR.Schaefer200.ROI.idx.136,tau.SUVR.Schaefer200.ROI.idx.137,tau.SUVR.Schaefer200.ROI.idx.138,tau.SUVR.Schaefer200.ROI.idx.141,tau.SUVR.Schaefer200.ROI.idx.142,tau.SUVR.Schaefer200.ROI.idx.143,tau.SUVR.Schaefer200.ROI.idx.144,tau.SUVR.Schaefer200.ROI.idx.145,tau.SUVR.Schaefer200.ROI.idx.146,tau.SUVR.Schaefer200.ROI.idx.147,tau.SUVR.Schaefer200.ROI.idx.148,tau.SUVR.Schaefer200.ROI.idx.149,tau.SUVR.Schaefer200.ROI.idx.150,tau.SUVR.Schaefer200.ROI.idx.151,tau.SUVR.Schaefer200.ROI.idx.152,tau.SUVR.Schaefer200.ROI.idx.154,tau.SUVR.Schaefer200.ROI.idx.155,tau.SUVR.Schaefer200.ROI.idx.156,tau.SUVR.Schaefer200.ROI.idx.157,tau.SUVR.Schaefer200.ROI.idx.158,tau.SUVR.Schaefer200.ROI.idx.159,tau.SUVR.Schaefer200.ROI.idx.160,tau.SUVR.Schaefer200.ROI.idx.161,tau.SUVR.Schaefer200.ROI.idx.162,tau.SUVR.Schaefer200.ROI.idx.163,tau.SUVR.Schaefer200.ROI.idx.164,tau.SUVR.Schaefer200.ROI.idx.165,tau.SUVR.Schaefer200.ROI.idx.166,tau.SUVR.Schaefer200.ROI.idx.167,tau.SUVR.Schaefer200.ROI.idx.168,tau.SUVR.Schaefer200.ROI.idx.169,tau.SUVR.Schaefer200.ROI.idx.170,tau.SUVR.Schaefer200.ROI.idx.171,tau.SUVR.Schaefer200.ROI.idx.172,tau.SUVR.Schaefer200.ROI.idx.173,tau.SUVR.Schaefer200.ROI.idx.174,tau.SUVR.Schaefer200.ROI.idx.175,tau.SUVR.Schaefer200.ROI.idx.176,tau.SUVR.Schaefer200.ROI.idx.177,tau.SUVR.Schaefer200.ROI.idx.178,tau.SUVR.Schaefer200.ROI.idx.179,tau.SUVR.Schaefer200.ROI.idx.180,tau.SUVR.Schaefer200.ROI.idx.181,tau.SUVR.Schaefer200.ROI.idx.182,tau.SUVR.Schaefer200.ROI.idx.183,tau.SUVR.Schaefer200.ROI.idx.184,tau.SUVR.Schaefer200.ROI.idx.185,tau.SUVR.Schaefer200.ROI.idx.186,tau.SUVR.Schaefer200.ROI.idx.187,tau.SUVR.Schaefer200.ROI.idx.188,tau.SUVR.Schaefer200.ROI.idx.189,tau.SUVR.Schaefer200.ROI.idx.190,tau.SUVR.Schaefer200.ROI.idx.191,tau.SUVR.Schaefer200.ROI.idx.192,tau.SUVR.Schaefer200.ROI.idx.193,tau.SUVR.Schaefer200.ROI.idx.194,tau.SUVR.Schaefer200.ROI.idx.195,tau.SUVR.Schaefer200.ROI.idx.196,tau.SUVR.Schaefer200.ROI.idx.197,tau.SUVR.Schaefer200.ROI.idx.198,tau.SUVR.Schaefer200.ROI.idx.199,tau.SUVR.Schaefer200.ROI.idx.200
sub-4415	197	1,2,4,5,6,7,8,10,11,12,13,14,15,16,17,18,19,20,21,22,23,24,25,26,27,28,29,30,31,32,33,34,35,36,37,38,39,40,41,42,43,44,45,46,47,48,49,50,51,52,53,54,55,56,57,58,59,60,61,62,63,64,65,66,67,68,69,70,71,72,73,74,75,76,77,78,79,80,81,82,83,84,85,86,87,88,89,90,91,92,93,95,96,97,98,99,100,101,102,103,104,105,106,107,108,109,110,111,112,113,114,115,116,117,118,119,120,121,122,123,124,125,126,127,128,129,130,131,132,133,134,135,136,137,138,139,140,141,142,143,144,145,146,147,148,149,150,151,152,153,154,155,156,157,158,159,160,161,162,163,164,165,166,167,168,169,170,171,172,173,174,175,176,177,178,179,180,181,182,183,184,185,186,187,188,189,190,191,192,193,194,195,196,197,198,199,200	tau.SUVR.Schaefer200.ROI.idx.1,tau.SUVR.Schaefer200.ROI.idx.2,tau.SUVR.Schaefer200.ROI.idx.4,tau.SUVR.Schaefer200.ROI.idx.5,tau.SUVR.Schaefer200.ROI.idx.6,tau.SUVR.Schaefer200.ROI.idx.7,tau.SUVR.Schaefer200.ROI.idx.8,tau.SUVR.Schaefer200.ROI.idx.10,tau.SUVR.Schaefer200.ROI.idx.11,tau.SUVR.Schaefer200.ROI.idx.12,tau.SUVR.Schaefer200.ROI.idx.13,tau.SUVR.Schaefer200.ROI.idx.14,tau.SUVR.Schaefer200.ROI.idx.15,tau.SUVR.Schaefer200.ROI.idx.16,tau.SUVR.Schaefer200.ROI.idx.17,tau.SUVR.Schaefer200.ROI.idx.18,tau.SUVR.Schaefer200.ROI.idx.19,tau.SUVR.Schaefer200.ROI.idx.20,tau.SUVR.Schaefer200.ROI.idx.21,tau.SUVR.Schaefer200.ROI.idx.22,tau.SUVR.Schaefer200.ROI.idx.23,tau.SUVR.Schaefer200.ROI.idx.24,tau.SUVR.Schaefer200.ROI.idx.25,tau.SUVR.Schaefer200.ROI.idx.26,tau.SUVR.Schaefer200.ROI.idx.27,tau.SUVR.Schaefer200.ROI.idx.28,tau.SUVR.Schaefer200.ROI.idx.29,tau.SUVR.Schaefer200.ROI.idx.30,tau.SUVR.Schaefer200.ROI.idx.31,tau.SUVR.Schaefer200.ROI.idx.32,tau.SUVR.Schaefer200.ROI.idx.33,tau.SUVR.Schaefer200.ROI.idx.34,tau.SUVR.Schaefer200.ROI.idx.35,tau.SUVR.Schaefer200.ROI.idx.36,tau.SUVR.Schaefer200.ROI.idx.37,tau.SUVR.Schaefer200.ROI.idx.38,tau.SUVR.Schaefer200.ROI.idx.39,tau.SUVR.Schaefer200.ROI.idx.40,tau.SUVR.Schaefer200.ROI.idx.41,tau.SUVR.Schaefer200.ROI.idx.42,tau.SUVR.Schaefer200.ROI.idx.43,tau.SUVR.Schaefer200.ROI.idx.44,tau.SUVR.Schaefer200.ROI.idx.45,tau.SUVR.Schaefer200.ROI.idx.46,tau.SUVR.Schaefer200.ROI.idx.47,tau.SUVR.Schaefer200.ROI.idx.48,tau.SUVR.Schaefer200.ROI.idx.49,tau.SUVR.Schaefer200.ROI.idx.50,tau.SUVR.Schaefer200.ROI.idx.51,tau.SUVR.Schaefer200.ROI.idx.52,tau.SUVR.Schaefer200.ROI.idx.53,tau.SUVR.Schaefer200.ROI.idx.54,tau.SUVR.Schaefer200.ROI.idx.55,tau.SUVR.Schaefer200.ROI.idx.56,tau.SUVR.Schaefer200.ROI.idx.57,tau.SUVR.Schaefer200.ROI.idx.58,tau.SUVR.Schaefer200.ROI.idx.59,tau.SUVR.Schaefer200.ROI.idx.60,tau.SUVR.Schaefer200.ROI.idx.61,tau.SUVR.Schaefer200.ROI.idx.62,tau.SUVR.Schaefer200.ROI.idx.63,tau.SUVR.Schaefer200.ROI.idx.64,tau.SUVR.Schaefer200.ROI.idx.65,tau.SUVR.Schaefer200.ROI.idx.66,tau.SUVR.Schaefer200.ROI.idx.67,tau.SUVR.Schaefer200.ROI.idx.68,tau.SUVR.Schaefer200.ROI.idx.69,tau.SUVR.Schaefer200.ROI.idx.70,tau.SUVR.Schaefer200.ROI.idx.71,tau.SUVR.Schaefer200.ROI.idx.72,tau.SUVR.Schaefer200.ROI.idx.73,tau.SUVR.Schaefer200.ROI.idx.74,tau.SUVR.Schaefer200.ROI.idx.75,tau.SUVR.Schaefer200.ROI.idx.76,tau.SUVR.Schaefer200.ROI.idx.77,tau.SUVR.Schaefer200.ROI.idx.78,tau.SUVR.Schaefer200.ROI.idx.79,tau.SUVR.Schaefer200.ROI.idx.80,tau.SUVR.Schaefer200.ROI.idx.81,tau.SUVR.Schaefer200.ROI.idx.82,tau.SUVR.Schaefer200.ROI.idx.83,tau.SUVR.Schaefer200.ROI.idx.84,tau.SUVR.Schaefer200.ROI.idx.85,tau.SUVR.Schaefer200.ROI.idx.86,tau.SUVR.Schaefer200.ROI.idx.87,tau.SUVR.Schaefer200.ROI.idx.88,tau.SUVR.Schaefer200.ROI.idx.89,tau.SUVR.Schaefer200.ROI.idx.90,tau.SUVR.Schaefer200.ROI.idx.91,tau.SUVR.Schaefer200.ROI.idx.92,tau.SUVR.Schaefer200.ROI.idx.93,tau.SUVR.Schaefer200.ROI.idx.95,tau.SUVR.Schaefer200.ROI.idx.96,tau.SUVR.Schaefer200.ROI.idx.97,tau.SUVR.Schaefer200.ROI.idx.98,tau.SUVR.Schaefer200.ROI.idx.99,tau.SUVR.Schaefer200.ROI.idx.100,tau.SUVR.Schaefer200.ROI.idx.101,tau.SUVR.Schaefer200.ROI.idx.102,tau.SUVR.Schaefer200.ROI.idx.103,tau.SUVR.Schaefer200.ROI.idx.104,tau.SUVR.Schaefer200.ROI.idx.105,tau.SUVR.Schaefer200.ROI.idx.106,tau.SUVR.Schaefer200.ROI.idx.107,tau.SUVR.Schaefer200.ROI.idx.108,tau.SUVR.Schaefer200.ROI.idx.109,tau.SUVR.Schaefer200.ROI.idx.110,tau.SUVR.Schaefer200.ROI.idx.111,tau.SUVR.Schaefer200.ROI.idx.112,tau.SUVR.Schaefer200.ROI.idx.113,tau.SUVR.Schaefer200.ROI.idx.114,tau.SUVR.Schaefer200.ROI.idx.115,tau.SUVR.Schaefer200.ROI.idx.116,tau.SUVR.Schaefer200.ROI.idx.117,tau.SUVR.Schaefer200.ROI.idx.118,tau.SUVR.Schaefer200.ROI.idx.119,tau.SUVR.Schaefer200.ROI.idx.120,tau.SUVR.Schaefer200.ROI.idx.121,tau.SUVR.Schaefer200.ROI.idx.122,tau.SUVR.Schaefer200.ROI.idx.123,tau.SUVR.Schaefer200.ROI.idx.124,tau.SUVR.Schaefer200.ROI.idx.125,tau.SUVR.Schaefer200.ROI.idx.126,tau.SUVR.Schaefer200.ROI.idx.127,tau.SUVR.Schaefer200.ROI.idx.128,tau.SUVR.Schaefer200.ROI.idx.129,tau.SUVR.Schaefer200.ROI.idx.130,tau.SUVR.Schaefer200.ROI.idx.131,tau.SUVR.Schaefer200.ROI.idx.132,tau.SUVR.Schaefer200.ROI.idx.133,tau.SUVR.Schaefer200.ROI.idx.134,tau.SUVR.Schaefer200.ROI.idx.135,tau.SUVR.Schaefer200.ROI.idx.136,tau.SUVR.Schaefer200.ROI.idx.137,tau.SUVR.Schaefer200.ROI.idx.138,tau.SUVR.Schaefer200.ROI.idx.139,tau.SUVR.Schaefer200.ROI.idx.140,tau.SUVR.Schaefer200.ROI.idx.141,tau.SUVR.Schaefer200.ROI.idx.142,tau.SUVR.Schaefer200.ROI.idx.143,tau.SUVR.Schaefer200.ROI.idx.144,tau.SUVR.Schaefer200.ROI.idx.145,tau.SUVR.Schaefer200.ROI.idx.146,tau.SUVR.Schaefer200.ROI.idx.147,tau.SUVR.Schaefer200.ROI.idx.148,tau.SUVR.Schaefer200.ROI.idx.149,tau.SUVR.Schaefer200.ROI.idx.150,tau.SUVR.Schaefer200.ROI.idx.151,tau.SUVR.Schaefer200.ROI.idx.152,tau.SUVR.Schaefer200.ROI.idx.153,tau.SUVR.Schaefer200.ROI.idx.154,tau.SUVR.Schaefer200.ROI.idx.155,tau.SUVR.Schaefer200.ROI.idx.156,tau.SUVR.Schaefer200.ROI.idx.157,tau.SUVR.Schaefer200.ROI.idx.158,tau.SUVR.Schaefer200.ROI.idx.159,tau.SUVR.Schaefer200.ROI.idx.160,tau.SUVR.Schaefer200.ROI.idx.161,tau.SUVR.Schaefer200.ROI.idx.162,tau.SUVR.Schaefer200.ROI.idx.163,tau.SUVR.Schaefer200.ROI.idx.164,tau.SUVR.Schaefer200.ROI.idx.165,tau.SUVR.Schaefer200.ROI.idx.166,tau.SUVR.Schaefer200.ROI.idx.167,tau.SUVR.Schaefer200.ROI.idx.168,tau.SUVR.Schaefer200.ROI.idx.169,tau.SUVR.Schaefer200.ROI.idx.170,tau.SUVR.Schaefer200.ROI.idx.171,tau.SUVR.Schaefer200.ROI.idx.172,tau.SUVR.Schaefer200.ROI.idx.173,tau.SUVR.Schaefer200.ROI.idx.174,tau.SUVR.Schaefer200.ROI.idx.175,tau.SUVR.Schaefer200.ROI.idx.176,tau.SUVR.Schaefer200.ROI.idx.177,tau.SUVR.Schaefer200.ROI.idx.178,tau.SUVR.Schaefer200.ROI.idx.179,tau.SUVR.Schaefer200.ROI.idx.180,tau.SUVR.Schaefer200.ROI.idx.181,tau.SUVR.Schaefer200.ROI.idx.182,tau.SUVR.Schaefer200.ROI.idx.183,tau.SUVR.Schaefer200.ROI.idx.184,tau.SUVR.Schaefer200.ROI.idx.185,tau.SUVR.Schaefer200.ROI.idx.186,tau.SUVR.Schaefer200.ROI.idx.187,tau.SUVR.Schaefer200.ROI.idx.188,tau.SUVR.Schaefer200.ROI.idx.189,tau.SUVR.Schaefer200.ROI.idx.190,tau.SUVR.Schaefer200.ROI.idx.191,tau.SUVR.Schaefer200.ROI.idx.192,tau.SUVR.Schaefer200.ROI.idx.193,tau.SUVR.Schaefer200.ROI.idx.194,tau.SUVR.Schaefer200.ROI.idx.195,tau.SUVR.Schaefer200.ROI.idx.196,tau.SUVR.Schaefer200.ROI.idx.197,tau.SUVR.Schaefer200.ROI.idx.198,tau.SUVR.Schaefer200.ROI.idx.199,tau.SUVR.Schaefer200.ROI.idx.200
sub-4417	0		
sub-4422	1	191	tau.SUVR.Schaefer200.ROI.idx.191
sub-4424	0		
sub-4428	0		
sub-4429	0		
sub-4430	34	5,29,30,31,47,54,57,58,59,61,65,67,68,69,75,76,77,79,83,84,85,86,87,89,90,91,96,99,100,162,171,172,186,191	tau.SUVR.Schaefer200.ROI.idx.5,tau.SUVR.Schaefer200.ROI.idx.29,tau.SUVR.Schaefer200.ROI.idx.30,tau.SUVR.Schaefer200.ROI.idx.31,tau.SUVR.Schaefer200.ROI.idx.47,tau.SUVR.Schaefer200.ROI.idx.54,tau.SUVR.Schaefer200.ROI.idx.57,tau.SUVR.Schaefer200.ROI.idx.58,tau.SUVR.Schaefer200.ROI.idx.59,tau.SUVR.Schaefer200.ROI.idx.61,tau.SUVR.Schaefer200.ROI.idx.65,tau.SUVR.Schaefer200.ROI.idx.67,tau.SUVR.Schaefer200.ROI.idx.68,tau.SUVR.Schaefer200.ROI.idx.69,tau.SUVR.Schaefer200.ROI.idx.75,tau.SUVR.Schaefer200.ROI.idx.76,tau.SUVR.Schaefer200.ROI.idx.77,tau.SUVR.Schaefer200.ROI.idx.79,tau.SUVR.Schaefer200.ROI.idx.83,tau.SUVR.Schaefer200.ROI.idx.84,tau.SUVR.Schaefer200.ROI.idx.85,tau.SUVR.Schaefer200.ROI.idx.86,tau.SUVR.Schaefer200.ROI.idx.87,tau.SUVR.Schaefer200.ROI.idx.89,tau.SUVR.Schaefer200.ROI.idx.90,tau.SUVR.Schaefer200.ROI.idx.91,tau.SUVR.Schaefer200.ROI.idx.96,tau.SUVR.Schaefer200.ROI.idx.99,tau.SUVR.Schaefer200.ROI.idx.100,tau.SUVR.Schaefer200.ROI.idx.162,tau.SUVR.Schaefer200.ROI.idx.171,tau.SUVR.Schaefer200.ROI.idx.172,tau.SUVR.Schaefer200.ROI.idx.186,tau.SUVR.Schaefer200.ROI.idx.191
sub-4431	9	67,84,120,162,164,167,171,172,196	tau.SUVR.Schaefer200.ROI.idx.67,tau.SUVR.Schaefer200.ROI.idx.84,tau.SUVR.Schaefer200.ROI.idx.120,tau.SUVR.Schaefer200.ROI.idx.162,tau.SUVR.Schaefer200.ROI.idx.164,tau.SUVR.Schaefer200.ROI.idx.167,tau.SUVR.Schaefer200.ROI.idx.171,tau.SUVR.Schaefer200.ROI.idx.172,tau.SUVR.Schaefer200.ROI.idx.196
sub-4441	0		
sub-4448	0		
sub-4464	0		
sub-4482	12	1,7,29,30,31,54,57,85,86,98,99,100	tau.SUVR.Schaefer200.ROI.idx.1,tau.SUVR.Schaefer200.ROI.idx.7,tau.SUVR.Schaefer200.ROI.idx.29,tau.SUVR.Schaefer200.ROI.idx.30,tau.SUVR.Schaefer200.ROI.idx.31,tau.SUVR.Schaefer200.ROI.idx.54,tau.SUVR.Schaefer200.ROI.idx.57,tau.SUVR.Schaefer200.ROI.idx.85,tau.SUVR.Schaefer200.ROI.idx.86,tau.SUVR.Schaefer200.ROI.idx.98,tau.SUVR.Schaefer200.ROI.idx.99,tau.SUVR.Schaefer200.ROI.idx.100
sub-4485	0		
sub-4488	0		
sub-4489	0		
sub-4507	37	1,4,5,6,7,8,29,30,31,53,54,55,57,67,96,98,100,101,105,131,132,133,141,162,163,164,165,167,171,172,173,176,184,186,190,194,196	tau.SUVR.Schaefer200.ROI.idx.1,tau.SUVR.Schaefer200.ROI.idx.4,tau.SUVR.Schaefer200.ROI.idx.5,tau.SUVR.Schaefer200.ROI.idx.6,tau.SUVR.Schaefer200.ROI.idx.7,tau.SUVR.Schaefer200.ROI.idx.8,tau.SUVR.Schaefer200.ROI.idx.29,tau.SUVR.Schaefer200.ROI.idx.30,tau.SUVR.Schaefer200.ROI.idx.31,tau.SUVR.Schaefer200.ROI.idx.53,tau.SUVR.Schaefer200.ROI.idx.54,tau.SUVR.Schaefer200.ROI.idx.55,tau.SUVR.Schaefer200.ROI.idx.57,tau.SUVR.Schaefer200.ROI.idx.67,tau.SUVR.Schaefer200.ROI.idx.96,tau.SUVR.Schaefer200.ROI.idx.98,tau.SUVR.Schaefer200.ROI.idx.100,tau.SUVR.Schaefer200.ROI.idx.101,tau.SUVR.Schaefer200.ROI.idx.105,tau.SUVR.Schaefer200.ROI.idx.131,tau.SUVR.Schaefer200.ROI.idx.132,tau.SUVR.Schaefer200.ROI.idx.133,tau.SUVR.Schaefer200.ROI.idx.141,tau.SUVR.Schaefer200.ROI.idx.162,tau.SUVR.Schaefer200.ROI.idx.163,tau.SUVR.Schaefer200.ROI.idx.164,tau.SUVR.Schaefer200.ROI.idx.165,tau.SUVR.Schaefer200.ROI.idx.167,tau.SUVR.Schaefer200.ROI.idx.171,tau.SUVR.Schaefer200.ROI.idx.172,tau.SUVR.Schaefer200.ROI.idx.173,tau.SUVR.Schaefer200.ROI.idx.176,tau.SUVR.Schaefer200.ROI.idx.184,tau.SUVR.Schaefer200.ROI.idx.186,tau.SUVR.Schaefer200.ROI.idx.190,tau.SUVR.Schaefer200.ROI.idx.194,tau.SUVR.Schaefer200.ROI.idx.196
sub-4510	26	53,101,102,103,104,105,106,125,131,132,133,135,142,162,163,164,165,172,183,190,194,195,196,198,199,200	tau.SUVR.Schaefer200.ROI.idx.53,tau.SUVR.Schaefer200.ROI.idx.101,tau.SUVR.Schaefer200.ROI.idx.102,tau.SUVR.Schaefer200.ROI.idx.103,tau.SUVR.Schaefer200.ROI.idx.104,tau.SUVR.Schaefer200.ROI.idx.105,tau.SUVR.Schaefer200.ROI.idx.106,tau.SUVR.Schaefer200.ROI.idx.125,tau.SUVR.Schaefer200.ROI.idx.131,tau.SUVR.Schaefer200.ROI.idx.132,tau.SUVR.Schaefer200.ROI.idx.133,tau.SUVR.Schaefer200.ROI.idx.135,tau.SUVR.Schaefer200.ROI.idx.142,tau.SUVR.Schaefer200.ROI.idx.162,tau.SUVR.Schaefer200.ROI.idx.163,tau.SUVR.Schaefer200.ROI.idx.164,tau.SUVR.Schaefer200.ROI.idx.165,tau.SUVR.Schaefer200.ROI.idx.172,tau.SUVR.Schaefer200.ROI.idx.183,tau.SUVR.Schaefer200.ROI.idx.190,tau.SUVR.Schaefer200.ROI.idx.194,tau.SUVR.Schaefer200.ROI.idx.195,tau.SUVR.Schaefer200.ROI.idx.196,tau.SUVR.Schaefer200.ROI.idx.198,tau.SUVR.Schaefer200.ROI.idx.199,tau.SUVR.Schaefer200.ROI.idx.200
sub-4521	155	1,2,4,5,6,7,9,10,11,12,13,21,22,23,25,26,28,29,30,31,32,33,34,35,36,37,38,39,40,41,42,43,44,45,46,47,48,49,50,51,52,53,54,55,56,57,58,59,60,61,62,63,64,65,67,68,69,70,71,72,73,74,75,76,77,78,79,80,81,82,83,84,85,86,87,88,89,90,91,92,93,94,95,96,97,98,99,100,105,113,120,124,125,131,132,133,134,135,136,137,138,139,141,142,143,144,145,146,147,149,150,151,152,153,154,155,156,159,160,161,162,163,164,165,166,167,168,169,171,172,173,174,175,176,177,178,179,180,182,183,184,185,186,187,189,190,191,192,194,195,196,197,198,199,200	tau.SUVR.Schaefer200.ROI.idx.1,tau.SUVR.Schaefer200.ROI.idx.2,tau.SUVR.Schaefer200.ROI.idx.4,tau.SUVR.Schaefer200.ROI.idx.5,tau.SUVR.Schaefer200.ROI.idx.6,tau.SUVR.Schaefer200.ROI.idx.7,tau.SUVR.Schaefer200.ROI.idx.9,tau.SUVR.Schaefer200.ROI.idx.10,tau.SUVR.Schaefer200.ROI.idx.11,tau.SUVR.Schaefer200.ROI.idx.12,tau.SUVR.Schaefer200.ROI.idx.13,tau.SUVR.Schaefer200.ROI.idx.21,tau.SUVR.Schaefer200.ROI.idx.22,tau.SUVR.Schaefer200.ROI.idx.23,tau.SUVR.Schaefer200.ROI.idx.25,tau.SUVR.Schaefer200.ROI.idx.26,tau.SUVR.Schaefer200.ROI.idx.28,tau.SUVR.Schaefer200.ROI.idx.29,tau.SUVR.Schaefer200.ROI.idx.30,tau.SUVR.Schaefer200.ROI.idx.31,tau.SUVR.Schaefer200.ROI.idx.32,tau.SUVR.Schaefer200.ROI.idx.33,tau.SUVR.Schaefer200.ROI.idx.34,tau.SUVR.Schaefer200.ROI.idx.35,tau.SUVR.Schaefer200.ROI.idx.36,tau.SUVR.Schaefer200.ROI.idx.37,tau.SUVR.Schaefer200.ROI.idx.38,tau.SUVR.Schaefer200.ROI.idx.39,tau.SUVR.Schaefer200.ROI.idx.40,tau.SUVR.Schaefer200.ROI.idx.41,tau.SUVR.Schaefer200.ROI.idx.42,tau.SUVR.Schaefer200.ROI.idx.43,tau.SUVR.Schaefer200.ROI.idx.44,tau.SUVR.Schaefer200.ROI.idx.45,tau.SUVR.Schaefer200.ROI.idx.46,tau.SUVR.Schaefer200.ROI.idx.47,tau.SUVR.Schaefer200.ROI.idx.48,tau.SUVR.Schaefer200.ROI.idx.49,tau.SUVR.Schaefer200.ROI.idx.50,tau.SUVR.Schaefer200.ROI.idx.51,tau.SUVR.Schaefer200.ROI.idx.52,tau.SUVR.Schaefer200.ROI.idx.53,tau.SUVR.Schaefer200.ROI.idx.54,tau.SUVR.Schaefer200.ROI.idx.55,tau.SUVR.Schaefer200.ROI.idx.56,tau.SUVR.Schaefer200.ROI.idx.57,tau.SUVR.Schaefer200.ROI.idx.58,tau.SUVR.Schaefer200.ROI.idx.59,tau.SUVR.Schaefer200.ROI.idx.60,tau.SUVR.Schaefer200.ROI.idx.61,tau.SUVR.Schaefer200.ROI.idx.62,tau.SUVR.Schaefer200.ROI.idx.63,tau.SUVR.Schaefer200.ROI.idx.64,tau.SUVR.Schaefer200.ROI.idx.65,tau.SUVR.Schaefer200.ROI.idx.67,tau.SUVR.Schaefer200.ROI.idx.68,tau.SUVR.Schaefer200.ROI.idx.69,tau.SUVR.Schaefer200.ROI.idx.70,tau.SUVR.Schaefer200.ROI.idx.71,tau.SUVR.Schaefer200.ROI.idx.72,tau.SUVR.Schaefer200.ROI.idx.73,tau.SUVR.Schaefer200.ROI.idx.74,tau.SUVR.Schaefer200.ROI.idx.75,tau.SUVR.Schaefer200.ROI.idx.76,tau.SUVR.Schaefer200.ROI.idx.77,tau.SUVR.Schaefer200.ROI.idx.78,tau.SUVR.Schaefer200.ROI.idx.79,tau.SUVR.Schaefer200.ROI.idx.80,tau.SUVR.Schaefer200.ROI.idx.81,tau.SUVR.Schaefer200.ROI.idx.82,tau.SUVR.Schaefer200.ROI.idx.83,tau.SUVR.Schaefer200.ROI.idx.84,tau.SUVR.Schaefer200.ROI.idx.85,tau.SUVR.Schaefer200.ROI.idx.86,tau.SUVR.Schaefer200.ROI.idx.87,tau.SUVR.Schaefer200.ROI.idx.88,tau.SUVR.Schaefer200.ROI.idx.89,tau.SUVR.Schaefer200.ROI.idx.90,tau.SUVR.Schaefer200.ROI.idx.91,tau.SUVR.Schaefer200.ROI.idx.92,tau.SUVR.Schaefer200.ROI.idx.93,tau.SUVR.Schaefer200.ROI.idx.94,tau.SUVR.Schaefer200.ROI.idx.95,tau.SUVR.Schaefer200.ROI.idx.96,tau.SUVR.Schaefer200.ROI.idx.97,tau.SUVR.Schaefer200.ROI.idx.98,tau.SUVR.Schaefer200.ROI.idx.99,tau.SUVR.Schaefer200.ROI.idx.100,tau.SUVR.Schaefer200.ROI.idx.105,tau.SUVR.Schaefer200.ROI.idx.113,tau.SUVR.Schaefer200.ROI.idx.120,tau.SUVR.Schaefer200.ROI.idx.124,tau.SUVR.Schaefer200.ROI.idx.125,tau.SUVR.Schaefer200.ROI.idx.131,tau.SUVR.Schaefer200.ROI.idx.132,tau.SUVR.Schaefer200.ROI.idx.133,tau.SUVR.Schaefer200.ROI.idx.134,tau.SUVR.Schaefer200.ROI.idx.135,tau.SUVR.Schaefer200.ROI.idx.136,tau.SUVR.Schaefer200.ROI.idx.137,tau.SUVR.Schaefer200.ROI.idx.138,tau.SUVR.Schaefer200.ROI.idx.139,tau.SUVR.Schaefer200.ROI.idx.141,tau.SUVR.Schaefer200.ROI.idx.142,tau.SUVR.Schaefer200.ROI.idx.143,tau.SUVR.Schaefer200.ROI.idx.144,tau.SUVR.Schaefer200.ROI.idx.145,tau.SUVR.Schaefer200.ROI.idx.146,tau.SUVR.Schaefer200.ROI.idx.147,tau.SUVR.Schaefer200.ROI.idx.149,tau.SUVR.Schaefer200.ROI.idx.150,tau.SUVR.Schaefer200.ROI.idx.151,tau.SUVR.Schaefer200.ROI.idx.152,tau.SUVR.Schaefer200.ROI.idx.153,tau.SUVR.Schaefer200.ROI.idx.154,tau.SUVR.Schaefer200.ROI.idx.155,tau.SUVR.Schaefer200.ROI.idx.156,tau.SUVR.Schaefer200.ROI.idx.159,tau.SUVR.Schaefer200.ROI.idx.160,tau.SUVR.Schaefer200.ROI.idx.161,tau.SUVR.Schaefer200.ROI.idx.162,tau.SUVR.Schaefer200.ROI.idx.163,tau.SUVR.Schaefer200.ROI.idx.164,tau.SUVR.Schaefer200.ROI.idx.165,tau.SUVR.Schaefer200.ROI.idx.166,tau.SUVR.Schaefer200.ROI.idx.167,tau.SUVR.Schaefer200.ROI.idx.168,tau.SUVR.Schaefer200.ROI.idx.169,tau.SUVR.Schaefer200.ROI.idx.171,tau.SUVR.Schaefer200.ROI.idx.172,tau.SUVR.Schaefer200.ROI.idx.173,tau.SUVR.Schaefer200.ROI.idx.174,tau.SUVR.Schaefer200.ROI.idx.175,tau.SUVR.Schaefer200.ROI.idx.176,tau.SUVR.Schaefer200.ROI.idx.177,tau.SUVR.Schaefer200.ROI.idx.178,tau.SUVR.Schaefer200.ROI.idx.179,tau.SUVR.Schaefer200.ROI.idx.180,tau.SUVR.Schaefer200.ROI.idx.182,tau.SUVR.Schaefer200.ROI.idx.183,tau.SUVR.Schaefer200.ROI.idx.184,tau.SUVR.Schaefer200.ROI.idx.185,tau.SUVR.Schaefer200.ROI.idx.186,tau.SUVR.Schaefer200.ROI.idx.187,tau.SUVR.Schaefer200.ROI.idx.189,tau.SUVR.Schaefer200.ROI.idx.190,tau.SUVR.Schaefer200.ROI.idx.191,tau.SUVR.Schaefer200.ROI.idx.192,tau.SUVR.Schaefer200.ROI.idx.194,tau.SUVR.Schaefer200.ROI.idx.195,tau.SUVR.Schaefer200.ROI.idx.196,tau.SUVR.Schaefer200.ROI.idx.197,tau.SUVR.Schaefer200.ROI.idx.198,tau.SUVR.Schaefer200.ROI.idx.199,tau.SUVR.Schaefer200.ROI.idx.200
sub-4538	47	1,5,6,7,11,29,31,32,33,47,55,58,59,67,68,72,73,74,75,77,78,79,86,87,96,97,99,100,125,132,134,139,151,165,172,173,174,181,182,183,184,186,190,197,198,199,200	tau.SUVR.Schaefer200.ROI.idx.1,tau.SUVR.Schaefer200.ROI.idx.5,tau.SUVR.Schaefer200.ROI.idx.6,tau.SUVR.Schaefer200.ROI.idx.7,tau.SUVR.Schaefer200.ROI.idx.11,tau.SUVR.Schaefer200.ROI.idx.29,tau.SUVR.Schaefer200.ROI.idx.31,tau.SUVR.Schaefer200.ROI.idx.32,tau.SUVR.Schaefer200.ROI.idx.33,tau.SUVR.Schaefer200.ROI.idx.47,tau.SUVR.Schaefer200.ROI.idx.55,tau.SUVR.Schaefer200.ROI.idx.58,tau.SUVR.Schaefer200.ROI.idx.59,tau.SUVR.Schaefer200.ROI.idx.67,tau.SUVR.Schaefer200.ROI.idx.68,tau.SUVR.Schaefer200.ROI.idx.72,tau.SUVR.Schaefer200.ROI.idx.73,tau.SUVR.Schaefer200.ROI.idx.74,tau.SUVR.Schaefer200.ROI.idx.75,tau.SUVR.Schaefer200.ROI.idx.77,tau.SUVR.Schaefer200.ROI.idx.78,tau.SUVR.Schaefer200.ROI.idx.79,tau.SUVR.Schaefer200.ROI.idx.86,tau.SUVR.Schaefer200.ROI.idx.87,tau.SUVR.Schaefer200.ROI.idx.96,tau.SUVR.Schaefer200.ROI.idx.97,tau.SUVR.Schaefer200.ROI.idx.99,tau.SUVR.Schaefer200.ROI.idx.100,tau.SUVR.Schaefer200.ROI.idx.125,tau.SUVR.Schaefer200.ROI.idx.132,tau.SUVR.Schaefer200.ROI.idx.134,tau.SUVR.Schaefer200.ROI.idx.139,tau.SUVR.Schaefer200.ROI.idx.151,tau.SUVR.Schaefer200.ROI.idx.165,tau.SUVR.Schaefer200.ROI.idx.172,tau.SUVR.Schaefer200.ROI.idx.173,tau.SUVR.Schaefer200.ROI.idx.174,tau.SUVR.Schaefer200.ROI.idx.181,tau.SUVR.Schaefer200.ROI.idx.182,tau.SUVR.Schaefer200.ROI.idx.183,tau.SUVR.Schaefer200.ROI.idx.184,tau.SUVR.Schaefer200.ROI.idx.186,tau.SUVR.Schaefer200.ROI.idx.190,tau.SUVR.Schaefer200.ROI.idx.197,tau.SUVR.Schaefer200.ROI.idx.198,tau.SUVR.Schaefer200.ROI.idx.199,tau.SUVR.Schaefer200.ROI.idx.200
sub-4547	0		
sub-4552	0		
sub-4576	0		
sub-4578	0		
sub-4580	1	128	tau.SUVR.Schaefer200.ROI.idx.128
sub-4585	0		
sub-4586	0		
sub-4587	35	58,67,101,102,105,106,131,132,133,134,135,136,139,144,149,151,163,164,165,166,171,172,173,174,181,182,183,184,186,190,194,196,197,198,199	tau.SUVR.Schaefer200.ROI.idx.58,tau.SUVR.Schaefer200.ROI.idx.67,tau.SUVR.Schaefer200.ROI.idx.101,tau.SUVR.Schaefer200.ROI.idx.102,tau.SUVR.Schaefer200.ROI.idx.105,tau.SUVR.Schaefer200.ROI.idx.106,tau.SUVR.Schaefer200.ROI.idx.131,tau.SUVR.Schaefer200.ROI.idx.132,tau.SUVR.Schaefer200.ROI.idx.133,tau.SUVR.Schaefer200.ROI.idx.134,tau.SUVR.Schaefer200.ROI.idx.135,tau.SUVR.Schaefer200.ROI.idx.136,tau.SUVR.Schaefer200.ROI.idx.139,tau.SUVR.Schaefer200.ROI.idx.144,tau.SUVR.Schaefer200.ROI.idx.149,tau.SUVR.Schaefer200.ROI.idx.151,tau.SUVR.Schaefer200.ROI.idx.163,tau.SUVR.Schaefer200.ROI.idx.164,tau.SUVR.Schaefer200.ROI.idx.165,tau.SUVR.Schaefer200.ROI.idx.166,tau.SUVR.Schaefer200.ROI.idx.171,tau.SUVR.Schaefer200.ROI.idx.172,tau.SUVR.Schaefer200.ROI.idx.173,tau.SUVR.Schaefer200.ROI.idx.174,tau.SUVR.Schaefer200.ROI.idx.181,tau.SUVR.Schaefer200.ROI.idx.182,tau.SUVR.Schaefer200.ROI.idx.183,tau.SUVR.Schaefer200.ROI.idx.184,tau.SUVR.Schaefer200.ROI.idx.186,tau.SUVR.Schaefer200.ROI.idx.190,tau.SUVR.Schaefer200.ROI.idx.194,tau.SUVR.Schaefer200.ROI.idx.196,tau.SUVR.Schaefer200.ROI.idx.197,tau.SUVR.Schaefer200.ROI.idx.198,tau.SUVR.Schaefer200.ROI.idx.199
sub-4598	0		
sub-4604	0		
sub-4607	0		
sub-4612	1	61	tau.SUVR.Schaefer200.ROI.idx.61
sub-4620	0		
sub-4631	0		
sub-4637	27	21,25,29,30,31,41,47,53,54,55,56,57,67,68,83,84,85,86,87,96,98,99,100,131,162,164,196	tau.SUVR.Schaefer200.ROI.idx.21,tau.SUVR.Schaefer200.ROI.idx.25,tau.SUVR.Schaefer200.ROI.idx.29,tau.SUVR.Schaefer200.ROI.idx.30,tau.SUVR.Schaefer200.ROI.idx.31,tau.SUVR.Schaefer200.ROI.idx.41,tau.SUVR.Schaefer200.ROI.idx.47,tau.SUVR.Schaefer200.ROI.idx.53,tau.SUVR.Schaefer200.ROI.idx.54,tau.SUVR.Schaefer200.ROI.idx.55,tau.SUVR.Schaefer200.ROI.idx.56,tau.SUVR.Schaefer200.ROI.idx.57,tau.SUVR.Schaefer200.ROI.idx.67,tau.SUVR.Schaefer200.ROI.idx.68,tau.SUVR.Schaefer200.ROI.idx.83,tau.SUVR.Schaefer200.ROI.idx.84,tau.SUVR.Schaefer200.ROI.idx.85,tau.SUVR.Schaefer200.ROI.idx.86,tau.SUVR.Schaefer200.ROI.idx.87,tau.SUVR.Schaefer200.ROI.idx.96,tau.SUVR.Schaefer200.ROI.idx.98,tau.SUVR.Schaefer200.ROI.idx.99,tau.SUVR.Schaefer200.ROI.idx.100,tau.SUVR.Schaefer200.ROI.idx.131,tau.SUVR.Schaefer200.ROI.idx.162,tau.SUVR.Schaefer200.ROI.idx.164,tau.SUVR.Schaefer200.ROI.idx.196
sub-4644	0		
sub-4654	8	53,55,142,162,163,164,172,196	tau.SUVR.Schaefer200.ROI.idx.53,tau.SUVR.Schaefer200.ROI.idx.55,tau.SUVR.Schaefer200.ROI.idx.142,tau.SUVR.Schaefer200.ROI.idx.162,tau.SUVR.Schaefer200.ROI.idx.163,tau.SUVR.Schaefer200.ROI.idx.164,tau.SUVR.Schaefer200.ROI.idx.172,tau.SUVR.Schaefer200.ROI.idx.196
sub-4659	4	101,103,104,106	tau.SUVR.Schaefer200.ROI.idx.101,tau.SUVR.Schaefer200.ROI.idx.103,tau.SUVR.Schaefer200.ROI.idx.104,tau.SUVR.Schaefer200.ROI.idx.106
sub-4674	0		
sub-4713	3	53,101,163	tau.SUVR.Schaefer200.ROI.idx.53,tau.SUVR.Schaefer200.ROI.idx.101,tau.SUVR.Schaefer200.ROI.idx.163
sub-4715	199	1,2,3,4,5,6,7,8,9,10,11,12,13,14,15,16,17,18,19,20,21,22,23,24,25,26,27,28,29,30,31,32,33,34,35,36,37,38,39,40,41,42,43,44,45,46,47,48,49,50,51,52,53,54,55,57,58,59,60,61,62,63,64,65,66,67,68,69,70,71,72,73,74,75,76,77,78,79,80,81,82,83,84,85,86,87,88,89,90,91,92,93,94,95,96,97,98,99,100,101,102,103,104,105,106,107,108,109,110,111,112,113,114,115,116,117,118,119,120,121,122,123,124,125,126,127,128,129,130,131,132,133,134,135,136,137,138,139,140,141,142,143,144,145,146,147,148,149,150,151,152,153,154,155,156,157,158,159,160,161,162,163,164,165,166,167,168,169,170,171,172,173,174,175,176,177,178,179,180,181,182,183,184,185,186,187,188,189,190,191,192,193,194,195,196,197,198,199,200	tau.SUVR.Schaefer200.ROI.idx.1,tau.SUVR.Schaefer200.ROI.idx.2,tau.SUVR.Schaefer200.ROI.idx.3,tau.SUVR.Schaefer200.ROI.idx.4,tau.SUVR.Schaefer200.ROI.idx.5,tau.SUVR.Schaefer200.ROI.idx.6,tau.SUVR.Schaefer200.ROI.idx.7,tau.SUVR.Schaefer200.ROI.idx.8,tau.SUVR.Schaefer200.ROI.idx.9,tau.SUVR.Schaefer200.ROI.idx.10,tau.SUVR.Schaefer200.ROI.idx.11,tau.SUVR.Schaefer200.ROI.idx.12,tau.SUVR.Schaefer200.ROI.idx.13,tau.SUVR.Schaefer200.ROI.idx.14,tau.SUVR.Schaefer200.ROI.idx.15,tau.SUVR.Schaefer200.ROI.idx.16,tau.SUVR.Schaefer200.ROI.idx.17,tau.SUVR.Schaefer200.ROI.idx.18,tau.SUVR.Schaefer200.ROI.idx.19,tau.SUVR.Schaefer200.ROI.idx.20,tau.SUVR.Schaefer200.ROI.idx.21,tau.SUVR.Schaefer200.ROI.idx.22,tau.SUVR.Schaefer200.ROI.idx.23,tau.SUVR.Schaefer200.ROI.idx.24,tau.SUVR.Schaefer200.ROI.idx.25,tau.SUVR.Schaefer200.ROI.idx.26,tau.SUVR.Schaefer200.ROI.idx.27,tau.SUVR.Schaefer200.ROI.idx.28,tau.SUVR.Schaefer200.ROI.idx.29,tau.SUVR.Schaefer200.ROI.idx.30,tau.SUVR.Schaefer200.ROI.idx.31,tau.SUVR.Schaefer200.ROI.idx.32,tau.SUVR.Schaefer200.ROI.idx.33,tau.SUVR.Schaefer200.ROI.idx.34,tau.SUVR.Schaefer200.ROI.idx.35,tau.SUVR.Schaefer200.ROI.idx.36,tau.SUVR.Schaefer200.ROI.idx.37,tau.SUVR.Schaefer200.ROI.idx.38,tau.SUVR.Schaefer200.ROI.idx.39,tau.SUVR.Schaefer200.ROI.idx.40,tau.SUVR.Schaefer200.ROI.idx.41,tau.SUVR.Schaefer200.ROI.idx.42,tau.SUVR.Schaefer200.ROI.idx.43,tau.SUVR.Schaefer200.ROI.idx.44,tau.SUVR.Schaefer200.ROI.idx.45,tau.SUVR.Schaefer200.ROI.idx.46,tau.SUVR.Schaefer200.ROI.idx.47,tau.SUVR.Schaefer200.ROI.idx.48,tau.SUVR.Schaefer200.ROI.idx.49,tau.SUVR.Schaefer200.ROI.idx.50,tau.SUVR.Schaefer200.ROI.idx.51,tau.SUVR.Schaefer200.ROI.idx.52,tau.SUVR.Schaefer200.ROI.idx.53,tau.SUVR.Schaefer200.ROI.idx.54,tau.SUVR.Schaefer200.ROI.idx.55,tau.SUVR.Schaefer200.ROI.idx.57,tau.SUVR.Schaefer200.ROI.idx.58,tau.SUVR.Schaefer200.ROI.idx.59,tau.SUVR.Schaefer200.ROI.idx.60,tau.SUVR.Schaefer200.ROI.idx.61,tau.SUVR.Schaefer200.ROI.idx.62,tau.SUVR.Schaefer200.ROI.idx.63,tau.SUVR.Schaefer200.ROI.idx.64,tau.SUVR.Schaefer200.ROI.idx.65,tau.SUVR.Schaefer200.ROI.idx.66,tau.SUVR.Schaefer200.ROI.idx.67,tau.SUVR.Schaefer200.ROI.idx.68,tau.SUVR.Schaefer200.ROI.idx.69,tau.SUVR.Schaefer200.ROI.idx.70,tau.SUVR.Schaefer200.ROI.idx.71,tau.SUVR.Schaefer200.ROI.idx.72,tau.SUVR.Schaefer200.ROI.idx.73,tau.SUVR.Schaefer200.ROI.idx.74,tau.SUVR.Schaefer200.ROI.idx.75,tau.SUVR.Schaefer200.ROI.idx.76,tau.SUVR.Schaefer200.ROI.idx.77,tau.SUVR.Schaefer200.ROI.idx.78,tau.SUVR.Schaefer200.ROI.idx.79,tau.SUVR.Schaefer200.ROI.idx.80,tau.SUVR.Schaefer200.ROI.idx.81,tau.SUVR.Schaefer200.ROI.idx.82,tau.SUVR.Schaefer200.ROI.idx.83,tau.SUVR.Schaefer200.ROI.idx.84,tau.SUVR.Schaefer200.ROI.idx.85,tau.SUVR.Schaefer200.ROI.idx.86,tau.SUVR.Schaefer200.ROI.idx.87,tau.SUVR.Schaefer200.ROI.idx.88,tau.SUVR.Schaefer200.ROI.idx.89,tau.SUVR.Schaefer200.ROI.idx.90,tau.SUVR.Schaefer200.ROI.idx.91,tau.SUVR.Schaefer200.ROI.idx.92,tau.SUVR.Schaefer200.ROI.idx.93,tau.SUVR.Schaefer200.ROI.idx.94,tau.SUVR.Schaefer200.ROI.idx.95,tau.SUVR.Schaefer200.ROI.idx.96,tau.SUVR.Schaefer200.ROI.idx.97,tau.SUVR.Schaefer200.ROI.idx.98,tau.SUVR.Schaefer200.ROI.idx.99,tau.SUVR.Schaefer200.ROI.idx.100,tau.SUVR.Schaefer200.ROI.idx.101,tau.SUVR.Schaefer200.ROI.idx.102,tau.SUVR.Schaefer200.ROI.idx.103,tau.SUVR.Schaefer200.ROI.idx.104,tau.SUVR.Schaefer200.ROI.idx.105,tau.SUVR.Schaefer200.ROI.idx.106,tau.SUVR.Schaefer200.ROI.idx.107,tau.SUVR.Schaefer200.ROI.idx.108,tau.SUVR.Schaefer200.ROI.idx.109,tau.SUVR.Schaefer200.ROI.idx.110,tau.SUVR.Schaefer200.ROI.idx.111,tau.SUVR.Schaefer200.ROI.idx.112,tau.SUVR.Schaefer200.ROI.idx.113,tau.SUVR.Schaefer200.ROI.idx.114,tau.SUVR.Schaefer200.ROI.idx.115,tau.SUVR.Schaefer200.ROI.idx.116,tau.SUVR.Schaefer200.ROI.idx.117,tau.SUVR.Schaefer200.ROI.idx.118,tau.SUVR.Schaefer200.ROI.idx.119,tau.SUVR.Schaefer200.ROI.idx.120,tau.SUVR.Schaefer200.ROI.idx.121,tau.SUVR.Schaefer200.ROI.idx.122,tau.SUVR.Schaefer200.ROI.idx.123,tau.SUVR.Schaefer200.ROI.idx.124,tau.SUVR.Schaefer200.ROI.idx.125,tau.SUVR.Schaefer200.ROI.idx.126,tau.SUVR.Schaefer200.ROI.idx.127,tau.SUVR.Schaefer200.ROI.idx.128,tau.SUVR.Schaefer200.ROI.idx.129,tau.SUVR.Schaefer200.ROI.idx.130,tau.SUVR.Schaefer200.ROI.idx.131,tau.SUVR.Schaefer200.ROI.idx.132,tau.SUVR.Schaefer200.ROI.idx.133,tau.SUVR.Schaefer200.ROI.idx.134,tau.SUVR.Schaefer200.ROI.idx.135,tau.SUVR.Schaefer200.ROI.idx.136,tau.SUVR.Schaefer200.ROI.idx.137,tau.SUVR.Schaefer200.ROI.idx.138,tau.SUVR.Schaefer200.ROI.idx.139,tau.SUVR.Schaefer200.ROI.idx.140,tau.SUVR.Schaefer200.ROI.idx.141,tau.SUVR.Schaefer200.ROI.idx.142,tau.SUVR.Schaefer200.ROI.idx.143,tau.SUVR.Schaefer200.ROI.idx.144,tau.SUVR.Schaefer200.ROI.idx.145,tau.SUVR.Schaefer200.ROI.idx.146,tau.SUVR.Schaefer200.ROI.idx.147,tau.SUVR.Schaefer200.ROI.idx.148,tau.SUVR.Schaefer200.ROI.idx.149,tau.SUVR.Schaefer200.ROI.idx.150,tau.SUVR.Schaefer200.ROI.idx.151,tau.SUVR.Schaefer200.ROI.idx.152,tau.SUVR.Schaefer200.ROI.idx.153,tau.SUVR.Schaefer200.ROI.idx.154,tau.SUVR.Schaefer200.ROI.idx.155,tau.SUVR.Schaefer200.ROI.idx.156,tau.SUVR.Schaefer200.ROI.idx.157,tau.SUVR.Schaefer200.ROI.idx.158,tau.SUVR.Schaefer200.ROI.idx.159,tau.SUVR.Schaefer200.ROI.idx.160,tau.SUVR.Schaefer200.ROI.idx.161,tau.SUVR.Schaefer200.ROI.idx.162,tau.SUVR.Schaefer200.ROI.idx.163,tau.SUVR.Schaefer200.ROI.idx.164,tau.SUVR.Schaefer200.ROI.idx.165,tau.SUVR.Schaefer200.ROI.idx.166,tau.SUVR.Schaefer200.ROI.idx.167,tau.SUVR.Schaefer200.ROI.idx.168,tau.SUVR.Schaefer200.ROI.idx.169,tau.SUVR.Schaefer200.ROI.idx.170,tau.SUVR.Schaefer200.ROI.idx.171,tau.SUVR.Schaefer200.ROI.idx.172,tau.SUVR.Schaefer200.ROI.idx.173,tau.SUVR.Schaefer200.ROI.idx.174,tau.SUVR.Schaefer200.ROI.idx.175,tau.SUVR.Schaefer200.ROI.idx.176,tau.SUVR.Schaefer200.ROI.idx.177,tau.SUVR.Schaefer200.ROI.idx.178,tau.SUVR.Schaefer200.ROI.idx.179,tau.SUVR.Schaefer200.ROI.idx.180,tau.SUVR.Schaefer200.ROI.idx.181,tau.SUVR.Schaefer200.ROI.idx.182,tau.SUVR.Schaefer200.ROI.idx.183,tau.SUVR.Schaefer200.ROI.idx.184,tau.SUVR.Schaefer200.ROI.idx.185,tau.SUVR.Schaefer200.ROI.idx.186,tau.SUVR.Schaefer200.ROI.idx.187,tau.SUVR.Schaefer200.ROI.idx.188,tau.SUVR.Schaefer200.ROI.idx.189,tau.SUVR.Schaefer200.ROI.idx.190,tau.SUVR.Schaefer200.ROI.idx.191,tau.SUVR.Schaefer200.ROI.idx.192,tau.SUVR.Schaefer200.ROI.idx.193,tau.SUVR.Schaefer200.ROI.idx.194,tau.SUVR.Schaefer200.ROI.idx.195,tau.SUVR.Schaefer200.ROI.idx.196,tau.SUVR.Schaefer200.ROI.idx.197,tau.SUVR.Schaefer200.ROI.idx.198,tau.SUVR.Schaefer200.ROI.idx.199,tau.SUVR.Schaefer200.ROI.idx.200
sub-4744	0		
sub-4765	0		
sub-4799	0		
sub-4809	5	53,55,134,136,139	tau.SUVR.Schaefer200.ROI.idx.53,tau.SUVR.Schaefer200.ROI.idx.55,tau.SUVR.Schaefer200.ROI.idx.134,tau.SUVR.Schaefer200.ROI.idx.136,tau.SUVR.Schaefer200.ROI.idx.139
sub-4813	29	13,16,19,26,27,40,46,49,62,95,113,114,115,116,122,127,130,137,139,142,147,149,156,169,175,183,185,189,193	tau.SUVR.Schaefer200.ROI.idx.13,tau.SUVR.Schaefer200.ROI.idx.16,tau.SUVR.Schaefer200.ROI.idx.19,tau.SUVR.Schaefer200.ROI.idx.26,tau.SUVR.Schaefer200.ROI.idx.27,tau.SUVR.Schaefer200.ROI.idx.40,tau.SUVR.Schaefer200.ROI.idx.46,tau.SUVR.Schaefer200.ROI.idx.49,tau.SUVR.Schaefer200.ROI.idx.62,tau.SUVR.Schaefer200.ROI.idx.95,tau.SUVR.Schaefer200.ROI.idx.113,tau.SUVR.Schaefer200.ROI.idx.114,tau.SUVR.Schaefer200.ROI.idx.115,tau.SUVR.Schaefer200.ROI.idx.116,tau.SUVR.Schaefer200.ROI.idx.122,tau.SUVR.Schaefer200.ROI.idx.127,tau.SUVR.Schaefer200.ROI.idx.130,tau.SUVR.Schaefer200.ROI.idx.137,tau.SUVR.Schaefer200.ROI.idx.139,tau.SUVR.Schaefer200.ROI.idx.142,tau.SUVR.Schaefer200.ROI.idx.147,tau.SUVR.Schaefer200.ROI.idx.149,tau.SUVR.Schaefer200.ROI.idx.156,tau.SUVR.Schaefer200.ROI.idx.169,tau.SUVR.Schaefer200.ROI.idx.175,tau.SUVR.Schaefer200.ROI.idx.183,tau.SUVR.Schaefer200.ROI.idx.185,tau.SUVR.Schaefer200.ROI.idx.189,tau.SUVR.Schaefer200.ROI.idx.193
sub-4815	30	11,47,53,55,58,59,60,67,68,69,72,74,76,77,78,79,84,87,97,113,116,135,151,163,165,183,185,186,195,196	tau.SUVR.Schaefer200.ROI.idx.11,tau.SUVR.Schaefer200.ROI.idx.47,tau.SUVR.Schaefer200.ROI.idx.53,tau.SUVR.Schaefer200.ROI.idx.55,tau.SUVR.Schaefer200.ROI.idx.58,tau.SUVR.Schaefer200.ROI.idx.59,tau.SUVR.Schaefer200.ROI.idx.60,tau.SUVR.Schaefer200.ROI.idx.67,tau.SUVR.Schaefer200.ROI.idx.68,tau.SUVR.Schaefer200.ROI.idx.69,tau.SUVR.Schaefer200.ROI.idx.72,tau.SUVR.Schaefer200.ROI.idx.74,tau.SUVR.Schaefer200.ROI.idx.76,tau.SUVR.Schaefer200.ROI.idx.77,tau.SUVR.Schaefer200.ROI.idx.78,tau.SUVR.Schaefer200.ROI.idx.79,tau.SUVR.Schaefer200.ROI.idx.84,tau.SUVR.Schaefer200.ROI.idx.87,tau.SUVR.Schaefer200.ROI.idx.97,tau.SUVR.Schaefer200.ROI.idx.113,tau.SUVR.Schaefer200.ROI.idx.116,tau.SUVR.Schaefer200.ROI.idx.135,tau.SUVR.Schaefer200.ROI.idx.151,tau.SUVR.Schaefer200.ROI.idx.163,tau.SUVR.Schaefer200.ROI.idx.165,tau.SUVR.Schaefer200.ROI.idx.183,tau.SUVR.Schaefer200.ROI.idx.185,tau.SUVR.Schaefer200.ROI.idx.186,tau.SUVR.Schaefer200.ROI.idx.195,tau.SUVR.Schaefer200.ROI.idx.196
sub-4835	0		
sub-4855	0		
sub-4858	0		
sub-4862	7	101,103,106,109,111,132,163	tau.SUVR.Schaefer200.ROI.idx.101,tau.SUVR.Schaefer200.ROI.idx.103,tau.SUVR.Schaefer200.ROI.idx.106,tau.SUVR.Schaefer200.ROI.idx.109,tau.SUVR.Schaefer200.ROI.idx.111,tau.SUVR.Schaefer200.ROI.idx.132,tau.SUVR.Schaefer200.ROI.idx.163
sub-4868	58	41,45,48,53,54,62,67,71,74,78,93,98,131,132,134,135,136,139,141,147,149,151,152,153,156,157,159,160,162,163,164,165,166,167,169,171,172,173,174,175,176,177,178,179,180,182,183,184,185,186,187,189,190,192,195,196,198,199	tau.SUVR.Schaefer200.ROI.idx.41,tau.SUVR.Schaefer200.ROI.idx.45,tau.SUVR.Schaefer200.ROI.idx.48,tau.SUVR.Schaefer200.ROI.idx.53,tau.SUVR.Schaefer200.ROI.idx.54,tau.SUVR.Schaefer200.ROI.idx.62,tau.SUVR.Schaefer200.ROI.idx.67,tau.SUVR.Schaefer200.ROI.idx.71,tau.SUVR.Schaefer200.ROI.idx.74,tau.SUVR.Schaefer200.ROI.idx.78,tau.SUVR.Schaefer200.ROI.idx.93,tau.SUVR.Schaefer200.ROI.idx.98,tau.SUVR.Schaefer200.ROI.idx.131,tau.SUVR.Schaefer200.ROI.idx.132,tau.SUVR.Schaefer200.ROI.idx.134,tau.SUVR.Schaefer200.ROI.idx.135,tau.SUVR.Schaefer200.ROI.idx.136,tau.SUVR.Schaefer200.ROI.idx.139,tau.SUVR.Schaefer200.ROI.idx.141,tau.SUVR.Schaefer200.ROI.idx.147,tau.SUVR.Schaefer200.ROI.idx.149,tau.SUVR.Schaefer200.ROI.idx.151,tau.SUVR.Schaefer200.ROI.idx.152,tau.SUVR.Schaefer200.ROI.idx.153,tau.SUVR.Schaefer200.ROI.idx.156,tau.SUVR.Schaefer200.ROI.idx.157,tau.SUVR.Schaefer200.ROI.idx.159,tau.SUVR.Schaefer200.ROI.idx.160,tau.SUVR.Schaefer200.ROI.idx.162,tau.SUVR.Schaefer200.ROI.idx.163,tau.SUVR.Schaefer200.ROI.idx.164,tau.SUVR.Schaefer200.ROI.idx.165,tau.SUVR.Schaefer200.ROI.idx.166,tau.SUVR.Schaefer200.ROI.idx.167,tau.SUVR.Schaefer200.ROI.idx.169,tau.SUVR.Schaefer200.ROI.idx.171,tau.SUVR.Schaefer200.ROI.idx.172,tau.SUVR.Schaefer200.ROI.idx.173,tau.SUVR.Schaefer200.ROI.idx.174,tau.SUVR.Schaefer200.ROI.idx.175,tau.SUVR.Schaefer200.ROI.idx.176,tau.SUVR.Schaefer200.ROI.idx.177,tau.SUVR.Schaefer200.ROI.idx.178,tau.SUVR.Schaefer200.ROI.idx.179,tau.SUVR.Schaefer200.ROI.idx.180,tau.SUVR.Schaefer200.ROI.idx.182,tau.SUVR.Schaefer200.ROI.idx.183,tau.SUVR.Schaefer200.ROI.idx.184,tau.SUVR.Schaefer200.ROI.idx.185,tau.SUVR.Schaefer200.ROI.idx.186,tau.SUVR.Schaefer200.ROI.idx.187,tau.SUVR.Schaefer200.ROI.idx.189,tau.SUVR.Schaefer200.ROI.idx.190,tau.SUVR.Schaefer200.ROI.idx.192,tau.SUVR.Schaefer200.ROI.idx.195,tau.SUVR.Schaefer200.ROI.idx.196,tau.SUVR.Schaefer200.ROI.idx.198,tau.SUVR.Schaefer200.ROI.idx.199
sub-4872	0		
sub-4891	134	1,2,3,4,5,6,7,8,9,10,11,12,13,14,15,17,18,19,20,21,22,25,26,29,30,31,32,33,34,35,36,37,38,39,40,44,45,46,47,48,53,54,55,57,58,59,60,61,62,63,64,65,67,68,69,72,73,75,76,77,78,79,84,85,86,87,89,90,91,93,94,95,96,97,98,99,100,101,102,104,105,106,108,110,111,117,125,131,132,133,134,135,136,137,138,139,140,141,142,143,149,150,151,153,162,163,164,165,166,167,168,169,171,172,173,174,175,176,179,180,181,182,183,184,185,186,190,192,194,195,196,198,199,200	tau.SUVR.Schaefer200.ROI.idx.1,tau.SUVR.Schaefer200.ROI.idx.2,tau.SUVR.Schaefer200.ROI.idx.3,tau.SUVR.Schaefer200.ROI.idx.4,tau.SUVR.Schaefer200.ROI.idx.5,tau.SUVR.Schaefer200.ROI.idx.6,tau.SUVR.Schaefer200.ROI.idx.7,tau.SUVR.Schaefer200.ROI.idx.8,tau.SUVR.Schaefer200.ROI.idx.9,tau.SUVR.Schaefer200.ROI.idx.10,tau.SUVR.Schaefer200.ROI.idx.11,tau.SUVR.Schaefer200.ROI.idx.12,tau.SUVR.Schaefer200.ROI.idx.13,tau.SUVR.Schaefer200.ROI.idx.14,tau.SUVR.Schaefer200.ROI.idx.15,tau.SUVR.Schaefer200.ROI.idx.17,tau.SUVR.Schaefer200.ROI.idx.18,tau.SUVR.Schaefer200.ROI.idx.19,tau.SUVR.Schaefer200.ROI.idx.20,tau.SUVR.Schaefer200.ROI.idx.21,tau.SUVR.Schaefer200.ROI.idx.22,tau.SUVR.Schaefer200.ROI.idx.25,tau.SUVR.Schaefer200.ROI.idx.26,tau.SUVR.Schaefer200.ROI.idx.29,tau.SUVR.Schaefer200.ROI.idx.30,tau.SUVR.Schaefer200.ROI.idx.31,tau.SUVR.Schaefer200.ROI.idx.32,tau.SUVR.Schaefer200.ROI.idx.33,tau.SUVR.Schaefer200.ROI.idx.34,tau.SUVR.Schaefer200.ROI.idx.35,tau.SUVR.Schaefer200.ROI.idx.36,tau.SUVR.Schaefer200.ROI.idx.37,tau.SUVR.Schaefer200.ROI.idx.38,tau.SUVR.Schaefer200.ROI.idx.39,tau.SUVR.Schaefer200.ROI.idx.40,tau.SUVR.Schaefer200.ROI.idx.44,tau.SUVR.Schaefer200.ROI.idx.45,tau.SUVR.Schaefer200.ROI.idx.46,tau.SUVR.Schaefer200.ROI.idx.47,tau.SUVR.Schaefer200.ROI.idx.48,tau.SUVR.Schaefer200.ROI.idx.53,tau.SUVR.Schaefer200.ROI.idx.54,tau.SUVR.Schaefer200.ROI.idx.55,tau.SUVR.Schaefer200.ROI.idx.57,tau.SUVR.Schaefer200.ROI.idx.58,tau.SUVR.Schaefer200.ROI.idx.59,tau.SUVR.Schaefer200.ROI.idx.60,tau.SUVR.Schaefer200.ROI.idx.61,tau.SUVR.Schaefer200.ROI.idx.62,tau.SUVR.Schaefer200.ROI.idx.63,tau.SUVR.Schaefer200.ROI.idx.64,tau.SUVR.Schaefer200.ROI.idx.65,tau.SUVR.Schaefer200.ROI.idx.67,tau.SUVR.Schaefer200.ROI.idx.68,tau.SUVR.Schaefer200.ROI.idx.69,tau.SUVR.Schaefer200.ROI.idx.72,tau.SUVR.Schaefer200.ROI.idx.73,tau.SUVR.Schaefer200.ROI.idx.75,tau.SUVR.Schaefer200.ROI.idx.76,tau.SUVR.Schaefer200.ROI.idx.77,tau.SUVR.Schaefer200.ROI.idx.78,tau.SUVR.Schaefer200.ROI.idx.79,tau.SUVR.Schaefer200.ROI.idx.84,tau.SUVR.Schaefer200.ROI.idx.85,tau.SUVR.Schaefer200.ROI.idx.86,tau.SUVR.Schaefer200.ROI.idx.87,tau.SUVR.Schaefer200.ROI.idx.89,tau.SUVR.Schaefer200.ROI.idx.90,tau.SUVR.Schaefer200.ROI.idx.91,tau.SUVR.Schaefer200.ROI.idx.93,tau.SUVR.Schaefer200.ROI.idx.94,tau.SUVR.Schaefer200.ROI.idx.95,tau.SUVR.Schaefer200.ROI.idx.96,tau.SUVR.Schaefer200.ROI.idx.97,tau.SUVR.Schaefer200.ROI.idx.98,tau.SUVR.Schaefer200.ROI.idx.99,tau.SUVR.Schaefer200.ROI.idx.100,tau.SUVR.Schaefer200.ROI.idx.101,tau.SUVR.Schaefer200.ROI.idx.102,tau.SUVR.Schaefer200.ROI.idx.104,tau.SUVR.Schaefer200.ROI.idx.105,tau.SUVR.Schaefer200.ROI.idx.106,tau.SUVR.Schaefer200.ROI.idx.108,tau.SUVR.Schaefer200.ROI.idx.110,tau.SUVR.Schaefer200.ROI.idx.111,tau.SUVR.Schaefer200.ROI.idx.117,tau.SUVR.Schaefer200.ROI.idx.125,tau.SUVR.Schaefer200.ROI.idx.131,tau.SUVR.Schaefer200.ROI.idx.132,tau.SUVR.Schaefer200.ROI.idx.133,tau.SUVR.Schaefer200.ROI.idx.134,tau.SUVR.Schaefer200.ROI.idx.135,tau.SUVR.Schaefer200.ROI.idx.136,tau.SUVR.Schaefer200.ROI.idx.137,tau.SUVR.Schaefer200.ROI.idx.138,tau.SUVR.Schaefer200.ROI.idx.139,tau.SUVR.Schaefer200.ROI.idx.140,tau.SUVR.Schaefer200.ROI.idx.141,tau.SUVR.Schaefer200.ROI.idx.142,tau.SUVR.Schaefer200.ROI.idx.143,tau.SUVR.Schaefer200.ROI.idx.149,tau.SUVR.Schaefer200.ROI.idx.150,tau.SUVR.Schaefer200.ROI.idx.151,tau.SUVR.Schaefer200.ROI.idx.153,tau.SUVR.Schaefer200.ROI.idx.162,tau.SUVR.Schaefer200.ROI.idx.163,tau.SUVR.Schaefer200.ROI.idx.164,tau.SUVR.Schaefer200.ROI.idx.165,tau.SUVR.Schaefer200.ROI.idx.166,tau.SUVR.Schaefer200.ROI.idx.167,tau.SUVR.Schaefer200.ROI.idx.168,tau.SUVR.Schaefer200.ROI.idx.169,tau.SUVR.Schaefer200.ROI.idx.171,tau.SUVR.Schaefer200.ROI.idx.172,tau.SUVR.Schaefer200.ROI.idx.173,tau.SUVR.Schaefer200.ROI.idx.174,tau.SUVR.Schaefer200.ROI.idx.175,tau.SUVR.Schaefer200.ROI.idx.176,tau.SUVR.Schaefer200.ROI.idx.179,tau.SUVR.Schaefer200.ROI.idx.180,tau.SUVR.Schaefer200.ROI.idx.181,tau.SUVR.Schaefer200.ROI.idx.182,tau.SUVR.Schaefer200.ROI.idx.183,tau.SUVR.Schaefer200.ROI.idx.184,tau.SUVR.Schaefer200.ROI.idx.185,tau.SUVR.Schaefer200.ROI.idx.186,tau.SUVR.Schaefer200.ROI.idx.190,tau.SUVR.Schaefer200.ROI.idx.192,tau.SUVR.Schaefer200.ROI.idx.194,tau.SUVR.Schaefer200.ROI.idx.195,tau.SUVR.Schaefer200.ROI.idx.196,tau.SUVR.Schaefer200.ROI.idx.198,tau.SUVR.Schaefer200.ROI.idx.199,tau.SUVR.Schaefer200.ROI.idx.200
sub-4893	63	7,25,29,31,32,33,38,40,41,47,53,54,55,57,58,59,61,67,68,69,72,73,75,76,77,78,79,84,85,86,87,89,96,98,99,100,104,131,132,133,134,135,136,140,151,162,164,165,166,167,171,172,173,174,181,182,183,184,186,190,194,196,199	tau.SUVR.Schaefer200.ROI.idx.7,tau.SUVR.Schaefer200.ROI.idx.25,tau.SUVR.Schaefer200.ROI.idx.29,tau.SUVR.Schaefer200.ROI.idx.31,tau.SUVR.Schaefer200.ROI.idx.32,tau.SUVR.Schaefer200.ROI.idx.33,tau.SUVR.Schaefer200.ROI.idx.38,tau.SUVR.Schaefer200.ROI.idx.40,tau.SUVR.Schaefer200.ROI.idx.41,tau.SUVR.Schaefer200.ROI.idx.47,tau.SUVR.Schaefer200.ROI.idx.53,tau.SUVR.Schaefer200.ROI.idx.54,tau.SUVR.Schaefer200.ROI.idx.55,tau.SUVR.Schaefer200.ROI.idx.57,tau.SUVR.Schaefer200.ROI.idx.58,tau.SUVR.Schaefer200.ROI.idx.59,tau.SUVR.Schaefer200.ROI.idx.61,tau.SUVR.Schaefer200.ROI.idx.67,tau.SUVR.Schaefer200.ROI.idx.68,tau.SUVR.Schaefer200.ROI.idx.69,tau.SUVR.Schaefer200.ROI.idx.72,tau.SUVR.Schaefer200.ROI.idx.73,tau.SUVR.Schaefer200.ROI.idx.75,tau.SUVR.Schaefer200.ROI.idx.76,tau.SUVR.Schaefer200.ROI.idx.77,tau.SUVR.Schaefer200.ROI.idx.78,tau.SUVR.Schaefer200.ROI.idx.79,tau.SUVR.Schaefer200.ROI.idx.84,tau.SUVR.Schaefer200.ROI.idx.85,tau.SUVR.Schaefer200.ROI.idx.86,tau.SUVR.Schaefer200.ROI.idx.87,tau.SUVR.Schaefer200.ROI.idx.89,tau.SUVR.Schaefer200.ROI.idx.96,tau.SUVR.Schaefer200.ROI.idx.98,tau.SUVR.Schaefer200.ROI.idx.99,tau.SUVR.Schaefer200.ROI.idx.100,tau.SUVR.Schaefer200.ROI.idx.104,tau.SUVR.Schaefer200.ROI.idx.131,tau.SUVR.Schaefer200.ROI.idx.132,tau.SUVR.Schaefer200.ROI.idx.133,tau.SUVR.Schaefer200.ROI.idx.134,tau.SUVR.Schaefer200.ROI.idx.135,tau.SUVR.Schaefer200.ROI.idx.136,tau.SUVR.Schaefer200.ROI.idx.140,tau.SUVR.Schaefer200.ROI.idx.151,tau.SUVR.Schaefer200.ROI.idx.162,tau.SUVR.Schaefer200.ROI.idx.164,tau.SUVR.Schaefer200.ROI.idx.165,tau.SUVR.Schaefer200.ROI.idx.166,tau.SUVR.Schaefer200.ROI.idx.167,tau.SUVR.Schaefer200.ROI.idx.171,tau.SUVR.Schaefer200.ROI.idx.172,tau.SUVR.Schaefer200.ROI.idx.173,tau.SUVR.Schaefer200.ROI.idx.174,tau.SUVR.Schaefer200.ROI.idx.181,tau.SUVR.Schaefer200.ROI.idx.182,tau.SUVR.Schaefer200.ROI.idx.183,tau.SUVR.Schaefer200.ROI.idx.184,tau.SUVR.Schaefer200.ROI.idx.186,tau.SUVR.Schaefer200.ROI.idx.190,tau.SUVR.Schaefer200.ROI.idx.194,tau.SUVR.Schaefer200.ROI.idx.196,tau.SUVR.Schaefer200.ROI.idx.199
sub-4900	0		
sub-4902	80	1,2,3,4,5,6,7,8,10,12,21,22,23,24,25,26,29,30,31,32,33,34,35,36,40,41,42,43,47,49,51,53,54,55,57,58,59,60,61,64,65,67,68,69,75,76,83,84,85,86,87,90,92,93,95,96,98,99,100,102,125,131,132,142,145,151,161,162,163,164,171,172,184,190,191,196,197,198,199,200	tau.SUVR.Schaefer200.ROI.idx.1,tau.SUVR.Schaefer200.ROI.idx.2,tau.SUVR.Schaefer200.ROI.idx.3,tau.SUVR.Schaefer200.ROI.idx.4,tau.SUVR.Schaefer200.ROI.idx.5,tau.SUVR.Schaefer200.ROI.idx.6,tau.SUVR.Schaefer200.ROI.idx.7,tau.SUVR.Schaefer200.ROI.idx.8,tau.SUVR.Schaefer200.ROI.idx.10,tau.SUVR.Schaefer200.ROI.idx.12,tau.SUVR.Schaefer200.ROI.idx.21,tau.SUVR.Schaefer200.ROI.idx.22,tau.SUVR.Schaefer200.ROI.idx.23,tau.SUVR.Schaefer200.ROI.idx.24,tau.SUVR.Schaefer200.ROI.idx.25,tau.SUVR.Schaefer200.ROI.idx.26,tau.SUVR.Schaefer200.ROI.idx.29,tau.SUVR.Schaefer200.ROI.idx.30,tau.SUVR.Schaefer200.ROI.idx.31,tau.SUVR.Schaefer200.ROI.idx.32,tau.SUVR.Schaefer200.ROI.idx.33,tau.SUVR.Schaefer200.ROI.idx.34,tau.SUVR.Schaefer200.ROI.idx.35,tau.SUVR.Schaefer200.ROI.idx.36,tau.SUVR.Schaefer200.ROI.idx.40,tau.SUVR.Schaefer200.ROI.idx.41,tau.SUVR.Schaefer200.ROI.idx.42,tau.SUVR.Schaefer200.ROI.idx.43,tau.SUVR.Schaefer200.ROI.idx.47,tau.SUVR.Schaefer200.ROI.idx.49,tau.SUVR.Schaefer200.ROI.idx.51,tau.SUVR.Schaefer200.ROI.idx.53,tau.SUVR.Schaefer200.ROI.idx.54,tau.SUVR.Schaefer200.ROI.idx.55,tau.SUVR.Schaefer200.ROI.idx.57,tau.SUVR.Schaefer200.ROI.idx.58,tau.SUVR.Schaefer200.ROI.idx.59,tau.SUVR.Schaefer200.ROI.idx.60,tau.SUVR.Schaefer200.ROI.idx.61,tau.SUVR.Schaefer200.ROI.idx.64,tau.SUVR.Schaefer200.ROI.idx.65,tau.SUVR.Schaefer200.ROI.idx.67,tau.SUVR.Schaefer200.ROI.idx.68,tau.SUVR.Schaefer200.ROI.idx.69,tau.SUVR.Schaefer200.ROI.idx.75,tau.SUVR.Schaefer200.ROI.idx.76,tau.SUVR.Schaefer200.ROI.idx.83,tau.SUVR.Schaefer200.ROI.idx.84,tau.SUVR.Schaefer200.ROI.idx.85,tau.SUVR.Schaefer200.ROI.idx.86,tau.SUVR.Schaefer200.ROI.idx.87,tau.SUVR.Schaefer200.ROI.idx.90,tau.SUVR.Schaefer200.ROI.idx.92,tau.SUVR.Schaefer200.ROI.idx.93,tau.SUVR.Schaefer200.ROI.idx.95,tau.SUVR.Schaefer200.ROI.idx.96,tau.SUVR.Schaefer200.ROI.idx.98,tau.SUVR.Schaefer200.ROI.idx.99,tau.SUVR.Schaefer200.ROI.idx.100,tau.SUVR.Schaefer200.ROI.idx.102,tau.SUVR.Schaefer200.ROI.idx.125,tau.SUVR.Schaefer200.ROI.idx.131,tau.SUVR.Schaefer200.ROI.idx.132,tau.SUVR.Schaefer200.ROI.idx.142,tau.SUVR.Schaefer200.ROI.idx.145,tau.SUVR.Schaefer200.ROI.idx.151,tau.SUVR.Schaefer200.ROI.idx.161,tau.SUVR.Schaefer200.ROI.idx.162,tau.SUVR.Schaefer200.ROI.idx.163,tau.SUVR.Schaefer200.ROI.idx.164,tau.SUVR.Schaefer200.ROI.idx.171,tau.SUVR.Schaefer200.ROI.idx.172,tau.SUVR.Schaefer200.ROI.idx.184,tau.SUVR.Schaefer200.ROI.idx.190,tau.SUVR.Schaefer200.ROI.idx.191,tau.SUVR.Schaefer200.ROI.idx.196,tau.SUVR.Schaefer200.ROI.idx.197,tau.SUVR.Schaefer200.ROI.idx.198,tau.SUVR.Schaefer200.ROI.idx.199,tau.SUVR.Schaefer200.ROI.idx.200
sub-4951	0		
sub-4974	152	1,4,5,6,7,9,10,11,13,25,26,29,30,31,32,33,34,35,36,37,38,39,40,44,45,47,48,49,50,51,52,53,54,55,56,57,58,59,60,61,64,66,67,68,72,73,74,75,77,78,79,80,82,83,84,85,86,90,92,93,96,97,98,99,100,101,102,104,105,106,108,110,111,112,113,115,117,120,121,124,125,126,127,128,129,131,132,133,134,135,136,137,138,139,140,141,142,143,144,145,146,147,148,149,150,151,152,153,154,155,156,157,158,159,160,161,162,163,164,165,166,167,168,169,171,172,173,174,175,176,177,178,179,180,181,182,183,184,185,186,187,189,190,191,192,194,195,196,197,198,199,200	tau.SUVR.Schaefer200.ROI.idx.1,tau.SUVR.Schaefer200.ROI.idx.4,tau.SUVR.Schaefer200.ROI.idx.5,tau.SUVR.Schaefer200.ROI.idx.6,tau.SUVR.Schaefer200.ROI.idx.7,tau.SUVR.Schaefer200.ROI.idx.9,tau.SUVR.Schaefer200.ROI.idx.10,tau.SUVR.Schaefer200.ROI.idx.11,tau.SUVR.Schaefer200.ROI.idx.13,tau.SUVR.Schaefer200.ROI.idx.25,tau.SUVR.Schaefer200.ROI.idx.26,tau.SUVR.Schaefer200.ROI.idx.29,tau.SUVR.Schaefer200.ROI.idx.30,tau.SUVR.Schaefer200.ROI.idx.31,tau.SUVR.Schaefer200.ROI.idx.32,tau.SUVR.Schaefer200.ROI.idx.33,tau.SUVR.Schaefer200.ROI.idx.34,tau.SUVR.Schaefer200.ROI.idx.35,tau.SUVR.Schaefer200.ROI.idx.36,tau.SUVR.Schaefer200.ROI.idx.37,tau.SUVR.Schaefer200.ROI.idx.38,tau.SUVR.Schaefer200.ROI.idx.39,tau.SUVR.Schaefer200.ROI.idx.40,tau.SUVR.Schaefer200.ROI.idx.44,tau.SUVR.Schaefer200.ROI.idx.45,tau.SUVR.Schaefer200.ROI.idx.47,tau.SUVR.Schaefer200.ROI.idx.48,tau.SUVR.Schaefer200.ROI.idx.49,tau.SUVR.Schaefer200.ROI.idx.50,tau.SUVR.Schaefer200.ROI.idx.51,tau.SUVR.Schaefer200.ROI.idx.52,tau.SUVR.Schaefer200.ROI.idx.53,tau.SUVR.Schaefer200.ROI.idx.54,tau.SUVR.Schaefer200.ROI.idx.55,tau.SUVR.Schaefer200.ROI.idx.56,tau.SUVR.Schaefer200.ROI.idx.57,tau.SUVR.Schaefer200.ROI.idx.58,tau.SUVR.Schaefer200.ROI.idx.59,tau.SUVR.Schaefer200.ROI.idx.60,tau.SUVR.Schaefer200.ROI.idx.61,tau.SUVR.Schaefer200.ROI.idx.64,tau.SUVR.Schaefer200.ROI.idx.66,tau.SUVR.Schaefer200.ROI.idx.67,tau.SUVR.Schaefer200.ROI.idx.68,tau.SUVR.Schaefer200.ROI.idx.72,tau.SUVR.Schaefer200.ROI.idx.73,tau.SUVR.Schaefer200.ROI.idx.74,tau.SUVR.Schaefer200.ROI.idx.75,tau.SUVR.Schaefer200.ROI.idx.77,tau.SUVR.Schaefer200.ROI.idx.78,tau.SUVR.Schaefer200.ROI.idx.79,tau.SUVR.Schaefer200.ROI.idx.80,tau.SUVR.Schaefer200.ROI.idx.82,tau.SUVR.Schaefer200.ROI.idx.83,tau.SUVR.Schaefer200.ROI.idx.84,tau.SUVR.Schaefer200.ROI.idx.85,tau.SUVR.Schaefer200.ROI.idx.86,tau.SUVR.Schaefer200.ROI.idx.90,tau.SUVR.Schaefer200.ROI.idx.92,tau.SUVR.Schaefer200.ROI.idx.93,tau.SUVR.Schaefer200.ROI.idx.96,tau.SUVR.Schaefer200.ROI.idx.97,tau.SUVR.Schaefer200.ROI.idx.98,tau.SUVR.Schaefer200.ROI.idx.99,tau.SUVR.Schaefer200.ROI.idx.100,tau.SUVR.Schaefer200.ROI.idx.101,tau.SUVR.Schaefer200.ROI.idx.102,tau.SUVR.Schaefer200.ROI.idx.104,tau.SUVR.Schaefer200.ROI.idx.105,tau.SUVR.Schaefer200.ROI.idx.106,tau.SUVR.Schaefer200.ROI.idx.108,tau.SUVR.Schaefer200.ROI.idx.110,tau.SUVR.Schaefer200.ROI.idx.111,tau.SUVR.Schaefer200.ROI.idx.112,tau.SUVR.Schaefer200.ROI.idx.113,tau.SUVR.Schaefer200.ROI.idx.115,tau.SUVR.Schaefer200.ROI.idx.117,tau.SUVR.Schaefer200.ROI.idx.120,tau.SUVR.Schaefer200.ROI.idx.121,tau.SUVR.Schaefer200.ROI.idx.124,tau.SUVR.Schaefer200.ROI.idx.125,tau.SUVR.Schaefer200.ROI.idx.126,tau.SUVR.Schaefer200.ROI.idx.127,tau.SUVR.Schaefer200.ROI.idx.128,tau.SUVR.Schaefer200.ROI.idx.129,tau.SUVR.Schaefer200.ROI.idx.131,tau.SUVR.Schaefer200.ROI.idx.132,tau.SUVR.Schaefer200.ROI.idx.133,tau.SUVR.Schaefer200.ROI.idx.134,tau.SUVR.Schaefer200.ROI.idx.135,tau.SUVR.Schaefer200.ROI.idx.136,tau.SUVR.Schaefer200.ROI.idx.137,tau.SUVR.Schaefer200.ROI.idx.138,tau.SUVR.Schaefer200.ROI.idx.139,tau.SUVR.Schaefer200.ROI.idx.140,tau.SUVR.Schaefer200.ROI.idx.141,tau.SUVR.Schaefer200.ROI.idx.142,tau.SUVR.Schaefer200.ROI.idx.143,tau.SUVR.Schaefer200.ROI.idx.144,tau.SUVR.Schaefer200.ROI.idx.145,tau.SUVR.Schaefer200.ROI.idx.146,tau.SUVR.Schaefer200.ROI.idx.147,tau.SUVR.Schaefer200.ROI.idx.148,tau.SUVR.Schaefer200.ROI.idx.149,tau.SUVR.Schaefer200.ROI.idx.150,tau.SUVR.Schaefer200.ROI.idx.151,tau.SUVR.Schaefer200.ROI.idx.152,tau.SUVR.Schaefer200.ROI.idx.153,tau.SUVR.Schaefer200.ROI.idx.154,tau.SUVR.Schaefer200.ROI.idx.155,tau.SUVR.Schaefer200.ROI.idx.156,tau.SUVR.Schaefer200.ROI.idx.157,tau.SUVR.Schaefer200.ROI.idx.158,tau.SUVR.Schaefer200.ROI.idx.159,tau.SUVR.Schaefer200.ROI.idx.160,tau.SUVR.Schaefer200.ROI.idx.161,tau.SUVR.Schaefer200.ROI.idx.162,tau.SUVR.Schaefer200.ROI.idx.163,tau.SUVR.Schaefer200.ROI.idx.164,tau.SUVR.Schaefer200.ROI.idx.165,tau.SUVR.Schaefer200.ROI.idx.166,tau.SUVR.Schaefer200.ROI.idx.167,tau.SUVR.Schaefer200.ROI.idx.168,tau.SUVR.Schaefer200.ROI.idx.169,tau.SUVR.Schaefer200.ROI.idx.171,tau.SUVR.Schaefer200.ROI.idx.172,tau.SUVR.Schaefer200.ROI.idx.173,tau.SUVR.Schaefer200.ROI.idx.174,tau.SUVR.Schaefer200.ROI.idx.175,tau.SUVR.Schaefer200.ROI.idx.176,tau.SUVR.Schaefer200.ROI.idx.177,tau.SUVR.Schaefer200.ROI.idx.178,tau.SUVR.Schaefer200.ROI.idx.179,tau.SUVR.Schaefer200.ROI.idx.180,tau.SUVR.Schaefer200.ROI.idx.181,tau.SUVR.Schaefer200.ROI.idx.182,tau.SUVR.Schaefer200.ROI.idx.183,tau.SUVR.Schaefer200.ROI.idx.184,tau.SUVR.Schaefer200.ROI.idx.185,tau.SUVR.Schaefer200.ROI.idx.186,tau.SUVR.Schaefer200.ROI.idx.187,tau.SUVR.Schaefer200.ROI.idx.189,tau.SUVR.Schaefer200.ROI.idx.190,tau.SUVR.Schaefer200.ROI.idx.191,tau.SUVR.Schaefer200.ROI.idx.192,tau.SUVR.Schaefer200.ROI.idx.194,tau.SUVR.Schaefer200.ROI.idx.195,tau.SUVR.Schaefer200.ROI.idx.196,tau.SUVR.Schaefer200.ROI.idx.197,tau.SUVR.Schaefer200.ROI.idx.198,tau.SUVR.Schaefer200.ROI.idx.199,tau.SUVR.Schaefer200.ROI.idx.200
sub-5097	0		
sub-5109	0		
sub-5124	1	155	tau.SUVR.Schaefer200.ROI.idx.155
sub-5126	0		
sub-5140	0		
sub-5169	0		
sub-5175	0		
sub-5176	6	4,5,6,30,31,57	tau.SUVR.Schaefer200.ROI.idx.4,tau.SUVR.Schaefer200.ROI.idx.5,tau.SUVR.Schaefer200.ROI.idx.6,tau.SUVR.Schaefer200.ROI.idx.30,tau.SUVR.Schaefer200.ROI.idx.31,tau.SUVR.Schaefer200.ROI.idx.57
sub-5177	0		
sub-5185	0		
sub-5194	0		
sub-5198	0		
sub-5202	10	4,101,102,103,104,105,106,131,132,133	tau.SUVR.Schaefer200.ROI.idx.4,tau.SUVR.Schaefer200.ROI.idx.101,tau.SUVR.Schaefer200.ROI.idx.102,tau.SUVR.Schaefer200.ROI.idx.103,tau.SUVR.Schaefer200.ROI.idx.104,tau.SUVR.Schaefer200.ROI.idx.105,tau.SUVR.Schaefer200.ROI.idx.106,tau.SUVR.Schaefer200.ROI.idx.131,tau.SUVR.Schaefer200.ROI.idx.132,tau.SUVR.Schaefer200.ROI.idx.133
sub-5203	0		
sub-5222	0		
sub-5230	18	3,4,5,101,102,103,104,105,106,111,112,131,132,133,134,164,172,194	tau.SUVR.Schaefer200.ROI.idx.3,tau.SUVR.Schaefer200.ROI.idx.4,tau.SUVR.Schaefer200.ROI.idx.5,tau.SUVR.Schaefer200.ROI.idx.101,tau.SUVR.Schaefer200.ROI.idx.102,tau.SUVR.Schaefer200.ROI.idx.103,tau.SUVR.Schaefer200.ROI.idx.104,tau.SUVR.Schaefer200.ROI.idx.105,tau.SUVR.Schaefer200.ROI.idx.106,tau.SUVR.Schaefer200.ROI.idx.111,tau.SUVR.Schaefer200.ROI.idx.112,tau.SUVR.Schaefer200.ROI.idx.131,tau.SUVR.Schaefer200.ROI.idx.132,tau.SUVR.Schaefer200.ROI.idx.133,tau.SUVR.Schaefer200.ROI.idx.134,tau.SUVR.Schaefer200.ROI.idx.164,tau.SUVR.Schaefer200.ROI.idx.172,tau.SUVR.Schaefer200.ROI.idx.194
sub-5234	0		
sub-5237	10	53,54,55,84,162,163,171,172,190,199	tau.SUVR.Schaefer200.ROI.idx.53,tau.SUVR.Schaefer200.ROI.idx.54,tau.SUVR.Schaefer200.ROI.idx.55,tau.SUVR.Schaefer200.ROI.idx.84,tau.SUVR.Schaefer200.ROI.idx.162,tau.SUVR.Schaefer200.ROI.idx.163,tau.SUVR.Schaefer200.ROI.idx.171,tau.SUVR.Schaefer200.ROI.idx.172,tau.SUVR.Schaefer200.ROI.idx.190,tau.SUVR.Schaefer200.ROI.idx.199
sub-5243	0		
sub-5258	2	1,53	tau.SUVR.Schaefer200.ROI.idx.1,tau.SUVR.Schaefer200.ROI.idx.53
sub-5259	0		
sub-5265	28	29,47,54,57,58,59,60,67,68,75,77,78,79,84,85,86,87,96,99,100,165,171,172,173,182,184,186,190	tau.SUVR.Schaefer200.ROI.idx.29,tau.SUVR.Schaefer200.ROI.idx.47,tau.SUVR.Schaefer200.ROI.idx.54,tau.SUVR.Schaefer200.ROI.idx.57,tau.SUVR.Schaefer200.ROI.idx.58,tau.SUVR.Schaefer200.ROI.idx.59,tau.SUVR.Schaefer200.ROI.idx.60,tau.SUVR.Schaefer200.ROI.idx.67,tau.SUVR.Schaefer200.ROI.idx.68,tau.SUVR.Schaefer200.ROI.idx.75,tau.SUVR.Schaefer200.ROI.idx.77,tau.SUVR.Schaefer200.ROI.idx.78,tau.SUVR.Schaefer200.ROI.idx.79,tau.SUVR.Schaefer200.ROI.idx.84,tau.SUVR.Schaefer200.ROI.idx.85,tau.SUVR.Schaefer200.ROI.idx.86,tau.SUVR.Schaefer200.ROI.idx.87,tau.SUVR.Schaefer200.ROI.idx.96,tau.SUVR.Schaefer200.ROI.idx.99,tau.SUVR.Schaefer200.ROI.idx.100,tau.SUVR.Schaefer200.ROI.idx.165,tau.SUVR.Schaefer200.ROI.idx.171,tau.SUVR.Schaefer200.ROI.idx.172,tau.SUVR.Schaefer200.ROI.idx.173,tau.SUVR.Schaefer200.ROI.idx.182,tau.SUVR.Schaefer200.ROI.idx.184,tau.SUVR.Schaefer200.ROI.idx.186,tau.SUVR.Schaefer200.ROI.idx.190
sub-5266	0		
sub-5273	0		
sub-5277	4	101,103,104,106	tau.SUVR.Schaefer200.ROI.idx.101,tau.SUVR.Schaefer200.ROI.idx.103,tau.SUVR.Schaefer200.ROI.idx.104,tau.SUVR.Schaefer200.ROI.idx.106
sub-5282	0		
sub-5288	0		
sub-5289	0		
sub-5290	0		
sub-5292	41	67,101,102,105,106,131,132,133,134,135,136,138,139,140,142,149,151,152,162,164,165,166,167,169,171,172,173,174,175,176,180,182,183,184,185,186,190,192,194,196,199	tau.SUVR.Schaefer200.ROI.idx.67,tau.SUVR.Schaefer200.ROI.idx.101,tau.SUVR.Schaefer200.ROI.idx.102,tau.SUVR.Schaefer200.ROI.idx.105,tau.SUVR.Schaefer200.ROI.idx.106,tau.SUVR.Schaefer200.ROI.idx.131,tau.SUVR.Schaefer200.ROI.idx.132,tau.SUVR.Schaefer200.ROI.idx.133,tau.SUVR.Schaefer200.ROI.idx.134,tau.SUVR.Schaefer200.ROI.idx.135,tau.SUVR.Schaefer200.ROI.idx.136,tau.SUVR.Schaefer200.ROI.idx.138,tau.SUVR.Schaefer200.ROI.idx.139,tau.SUVR.Schaefer200.ROI.idx.140,tau.SUVR.Schaefer200.ROI.idx.142,tau.SUVR.Schaefer200.ROI.idx.149,tau.SUVR.Schaefer200.ROI.idx.151,tau.SUVR.Schaefer200.ROI.idx.152,tau.SUVR.Schaefer200.ROI.idx.162,tau.SUVR.Schaefer200.ROI.idx.164,tau.SUVR.Schaefer200.ROI.idx.165,tau.SUVR.Schaefer200.ROI.idx.166,tau.SUVR.Schaefer200.ROI.idx.167,tau.SUVR.Schaefer200.ROI.idx.169,tau.SUVR.Schaefer200.ROI.idx.171,tau.SUVR.Schaefer200.ROI.idx.172,tau.SUVR.Schaefer200.ROI.idx.173,tau.SUVR.Schaefer200.ROI.idx.174,tau.SUVR.Schaefer200.ROI.idx.175,tau.SUVR.Schaefer200.ROI.idx.176,tau.SUVR.Schaefer200.ROI.idx.180,tau.SUVR.Schaefer200.ROI.idx.182,tau.SUVR.Schaefer200.ROI.idx.183,tau.SUVR.Schaefer200.ROI.idx.184,tau.SUVR.Schaefer200.ROI.idx.185,tau.SUVR.Schaefer200.ROI.idx.186,tau.SUVR.Schaefer200.ROI.idx.190,tau.SUVR.Schaefer200.ROI.idx.192,tau.SUVR.Schaefer200.ROI.idx.194,tau.SUVR.Schaefer200.ROI.idx.196,tau.SUVR.Schaefer200.ROI.idx.199
sub-6034	70	7,25,29,30,31,41,42,45,47,48,49,50,53,54,55,57,62,67,71,74,76,77,78,83,84,85,86,87,98,99,100,131,132,139,142,146,147,148,149,150,151,152,153,154,155,156,162,163,164,169,171,172,174,175,178,182,183,184,185,186,189,190,191,192,195,196,197,198,199,200	tau.SUVR.Schaefer200.ROI.idx.7,tau.SUVR.Schaefer200.ROI.idx.25,tau.SUVR.Schaefer200.ROI.idx.29,tau.SUVR.Schaefer200.ROI.idx.30,tau.SUVR.Schaefer200.ROI.idx.31,tau.SUVR.Schaefer200.ROI.idx.41,tau.SUVR.Schaefer200.ROI.idx.42,tau.SUVR.Schaefer200.ROI.idx.45,tau.SUVR.Schaefer200.ROI.idx.47,tau.SUVR.Schaefer200.ROI.idx.48,tau.SUVR.Schaefer200.ROI.idx.49,tau.SUVR.Schaefer200.ROI.idx.50,tau.SUVR.Schaefer200.ROI.idx.53,tau.SUVR.Schaefer200.ROI.idx.54,tau.SUVR.Schaefer200.ROI.idx.55,tau.SUVR.Schaefer200.ROI.idx.57,tau.SUVR.Schaefer200.ROI.idx.62,tau.SUVR.Schaefer200.ROI.idx.67,tau.SUVR.Schaefer200.ROI.idx.71,tau.SUVR.Schaefer200.ROI.idx.74,tau.SUVR.Schaefer200.ROI.idx.76,tau.SUVR.Schaefer200.ROI.idx.77,tau.SUVR.Schaefer200.ROI.idx.78,tau.SUVR.Schaefer200.ROI.idx.83,tau.SUVR.Schaefer200.ROI.idx.84,tau.SUVR.Schaefer200.ROI.idx.85,tau.SUVR.Schaefer200.ROI.idx.86,tau.SUVR.Schaefer200.ROI.idx.87,tau.SUVR.Schaefer200.ROI.idx.98,tau.SUVR.Schaefer200.ROI.idx.99,tau.SUVR.Schaefer200.ROI.idx.100,tau.SUVR.Schaefer200.ROI.idx.131,tau.SUVR.Schaefer200.ROI.idx.132,tau.SUVR.Schaefer200.ROI.idx.139,tau.SUVR.Schaefer200.ROI.idx.142,tau.SUVR.Schaefer200.ROI.idx.146,tau.SUVR.Schaefer200.ROI.idx.147,tau.SUVR.Schaefer200.ROI.idx.148,tau.SUVR.Schaefer200.ROI.idx.149,tau.SUVR.Schaefer200.ROI.idx.150,tau.SUVR.Schaefer200.ROI.idx.151,tau.SUVR.Schaefer200.ROI.idx.152,tau.SUVR.Schaefer200.ROI.idx.153,tau.SUVR.Schaefer200.ROI.idx.154,tau.SUVR.Schaefer200.ROI.idx.155,tau.SUVR.Schaefer200.ROI.idx.156,tau.SUVR.Schaefer200.ROI.idx.162,tau.SUVR.Schaefer200.ROI.idx.163,tau.SUVR.Schaefer200.ROI.idx.164,tau.SUVR.Schaefer200.ROI.idx.169,tau.SUVR.Schaefer200.ROI.idx.171,tau.SUVR.Schaefer200.ROI.idx.172,tau.SUVR.Schaefer200.ROI.idx.174,tau.SUVR.Schaefer200.ROI.idx.175,tau.SUVR.Schaefer200.ROI.idx.178,tau.SUVR.Schaefer200.ROI.idx.182,tau.SUVR.Schaefer200.ROI.idx.183,tau.SUVR.Schaefer200.ROI.idx.184,tau.SUVR.Schaefer200.ROI.idx.185,tau.SUVR.Schaefer200.ROI.idx.186,tau.SUVR.Schaefer200.ROI.idx.189,tau.SUVR.Schaefer200.ROI.idx.190,tau.SUVR.Schaefer200.ROI.idx.191,tau.SUVR.Schaefer200.ROI.idx.192,tau.SUVR.Schaefer200.ROI.idx.195,tau.SUVR.Schaefer200.ROI.idx.196,tau.SUVR.Schaefer200.ROI.idx.197,tau.SUVR.Schaefer200.ROI.idx.198,tau.SUVR.Schaefer200.ROI.idx.199,tau.SUVR.Schaefer200.ROI.idx.200
sub-6065	0		
sub-6073	125	1,5,6,7,13,14,15,18,21,22,23,24,25,26,28,29,30,31,32,33,34,35,36,37,38,39,40,42,43,44,45,46,47,48,49,50,51,53,54,55,57,58,59,60,61,62,63,64,65,67,68,69,70,71,72,73,74,75,76,77,78,79,81,82,83,84,85,86,87,88,89,90,91,93,94,95,96,98,99,100,128,132,135,139,141,142,143,146,147,149,150,151,152,153,155,156,162,164,165,166,167,168,169,171,172,173,174,175,176,178,179,180,182,183,184,185,186,190,192,193,194,197,198,199,200	tau.SUVR.Schaefer200.ROI.idx.1,tau.SUVR.Schaefer200.ROI.idx.5,tau.SUVR.Schaefer200.ROI.idx.6,tau.SUVR.Schaefer200.ROI.idx.7,tau.SUVR.Schaefer200.ROI.idx.13,tau.SUVR.Schaefer200.ROI.idx.14,tau.SUVR.Schaefer200.ROI.idx.15,tau.SUVR.Schaefer200.ROI.idx.18,tau.SUVR.Schaefer200.ROI.idx.21,tau.SUVR.Schaefer200.ROI.idx.22,tau.SUVR.Schaefer200.ROI.idx.23,tau.SUVR.Schaefer200.ROI.idx.24,tau.SUVR.Schaefer200.ROI.idx.25,tau.SUVR.Schaefer200.ROI.idx.26,tau.SUVR.Schaefer200.ROI.idx.28,tau.SUVR.Schaefer200.ROI.idx.29,tau.SUVR.Schaefer200.ROI.idx.30,tau.SUVR.Schaefer200.ROI.idx.31,tau.SUVR.Schaefer200.ROI.idx.32,tau.SUVR.Schaefer200.ROI.idx.33,tau.SUVR.Schaefer200.ROI.idx.34,tau.SUVR.Schaefer200.ROI.idx.35,tau.SUVR.Schaefer200.ROI.idx.36,tau.SUVR.Schaefer200.ROI.idx.37,tau.SUVR.Schaefer200.ROI.idx.38,tau.SUVR.Schaefer200.ROI.idx.39,tau.SUVR.Schaefer200.ROI.idx.40,tau.SUVR.Schaefer200.ROI.idx.42,tau.SUVR.Schaefer200.ROI.idx.43,tau.SUVR.Schaefer200.ROI.idx.44,tau.SUVR.Schaefer200.ROI.idx.45,tau.SUVR.Schaefer200.ROI.idx.46,tau.SUVR.Schaefer200.ROI.idx.47,tau.SUVR.Schaefer200.ROI.idx.48,tau.SUVR.Schaefer200.ROI.idx.49,tau.SUVR.Schaefer200.ROI.idx.50,tau.SUVR.Schaefer200.ROI.idx.51,tau.SUVR.Schaefer200.ROI.idx.53,tau.SUVR.Schaefer200.ROI.idx.54,tau.SUVR.Schaefer200.ROI.idx.55,tau.SUVR.Schaefer200.ROI.idx.57,tau.SUVR.Schaefer200.ROI.idx.58,tau.SUVR.Schaefer200.ROI.idx.59,tau.SUVR.Schaefer200.ROI.idx.60,tau.SUVR.Schaefer200.ROI.idx.61,tau.SUVR.Schaefer200.ROI.idx.62,tau.SUVR.Schaefer200.ROI.idx.63,tau.SUVR.Schaefer200.ROI.idx.64,tau.SUVR.Schaefer200.ROI.idx.65,tau.SUVR.Schaefer200.ROI.idx.67,tau.SUVR.Schaefer200.ROI.idx.68,tau.SUVR.Schaefer200.ROI.idx.69,tau.SUVR.Schaefer200.ROI.idx.70,tau.SUVR.Schaefer200.ROI.idx.71,tau.SUVR.Schaefer200.ROI.idx.72,tau.SUVR.Schaefer200.ROI.idx.73,tau.SUVR.Schaefer200.ROI.idx.74,tau.SUVR.Schaefer200.ROI.idx.75,tau.SUVR.Schaefer200.ROI.idx.76,tau.SUVR.Schaefer200.ROI.idx.77,tau.SUVR.Schaefer200.ROI.idx.78,tau.SUVR.Schaefer200.ROI.idx.79,tau.SUVR.Schaefer200.ROI.idx.81,tau.SUVR.Schaefer200.ROI.idx.82,tau.SUVR.Schaefer200.ROI.idx.83,tau.SUVR.Schaefer200.ROI.idx.84,tau.SUVR.Schaefer200.ROI.idx.85,tau.SUVR.Schaefer200.ROI.idx.86,tau.SUVR.Schaefer200.ROI.idx.87,tau.SUVR.Schaefer200.ROI.idx.88,tau.SUVR.Schaefer200.ROI.idx.89,tau.SUVR.Schaefer200.ROI.idx.90,tau.SUVR.Schaefer200.ROI.idx.91,tau.SUVR.Schaefer200.ROI.idx.93,tau.SUVR.Schaefer200.ROI.idx.94,tau.SUVR.Schaefer200.ROI.idx.95,tau.SUVR.Schaefer200.ROI.idx.96,tau.SUVR.Schaefer200.ROI.idx.98,tau.SUVR.Schaefer200.ROI.idx.99,tau.SUVR.Schaefer200.ROI.idx.100,tau.SUVR.Schaefer200.ROI.idx.128,tau.SUVR.Schaefer200.ROI.idx.132,tau.SUVR.Schaefer200.ROI.idx.135,tau.SUVR.Schaefer200.ROI.idx.139,tau.SUVR.Schaefer200.ROI.idx.141,tau.SUVR.Schaefer200.ROI.idx.142,tau.SUVR.Schaefer200.ROI.idx.143,tau.SUVR.Schaefer200.ROI.idx.146,tau.SUVR.Schaefer200.ROI.idx.147,tau.SUVR.Schaefer200.ROI.idx.149,tau.SUVR.Schaefer200.ROI.idx.150,tau.SUVR.Schaefer200.ROI.idx.151,tau.SUVR.Schaefer200.ROI.idx.152,tau.SUVR.Schaefer200.ROI.idx.153,tau.SUVR.Schaefer200.ROI.idx.155,tau.SUVR.Schaefer200.ROI.idx.156,tau.SUVR.Schaefer200.ROI.idx.162,tau.SUVR.Schaefer200.ROI.idx.164,tau.SUVR.Schaefer200.ROI.idx.165,tau.SUVR.Schaefer200.ROI.idx.166,tau.SUVR.Schaefer200.ROI.idx.167,tau.SUVR.Schaefer200.ROI.idx.168,tau.SUVR.Schaefer200.ROI.idx.169,tau.SUVR.Schaefer200.ROI.idx.171,tau.SUVR.Schaefer200.ROI.idx.172,tau.SUVR.Schaefer200.ROI.idx.173,tau.SUVR.Schaefer200.ROI.idx.174,tau.SUVR.Schaefer200.ROI.idx.175,tau.SUVR.Schaefer200.ROI.idx.176,tau.SUVR.Schaefer200.ROI.idx.178,tau.SUVR.Schaefer200.ROI.idx.179,tau.SUVR.Schaefer200.ROI.idx.180,tau.SUVR.Schaefer200.ROI.idx.182,tau.SUVR.Schaefer200.ROI.idx.183,tau.SUVR.Schaefer200.ROI.idx.184,tau.SUVR.Schaefer200.ROI.idx.185,tau.SUVR.Schaefer200.ROI.idx.186,tau.SUVR.Schaefer200.ROI.idx.190,tau.SUVR.Schaefer200.ROI.idx.192,tau.SUVR.Schaefer200.ROI.idx.193,tau.SUVR.Schaefer200.ROI.idx.194,tau.SUVR.Schaefer200.ROI.idx.197,tau.SUVR.Schaefer200.ROI.idx.198,tau.SUVR.Schaefer200.ROI.idx.199,tau.SUVR.Schaefer200.ROI.idx.200
sub-6206	20	74,78,101,102,103,104,105,106,131,132,133,162,164,172,173,183,184,186,194,196	tau.SUVR.Schaefer200.ROI.idx.74,tau.SUVR.Schaefer200.ROI.idx.78,tau.SUVR.Schaefer200.ROI.idx.101,tau.SUVR.Schaefer200.ROI.idx.102,tau.SUVR.Schaefer200.ROI.idx.103,tau.SUVR.Schaefer200.ROI.idx.104,tau.SUVR.Schaefer200.ROI.idx.105,tau.SUVR.Schaefer200.ROI.idx.106,tau.SUVR.Schaefer200.ROI.idx.131,tau.SUVR.Schaefer200.ROI.idx.132,tau.SUVR.Schaefer200.ROI.idx.133,tau.SUVR.Schaefer200.ROI.idx.162,tau.SUVR.Schaefer200.ROI.idx.164,tau.SUVR.Schaefer200.ROI.idx.172,tau.SUVR.Schaefer200.ROI.idx.173,tau.SUVR.Schaefer200.ROI.idx.183,tau.SUVR.Schaefer200.ROI.idx.184,tau.SUVR.Schaefer200.ROI.idx.186,tau.SUVR.Schaefer200.ROI.idx.194,tau.SUVR.Schaefer200.ROI.idx.196
sub-6222	1	163	tau.SUVR.Schaefer200.ROI.idx.163
sub-6241	28	6,16,17,18,19,20,29,30,31,33,34,37,39,46,47,53,58,61,67,68,75,91,96,120,122,150,163,172	tau.SUVR.Schaefer200.ROI.idx.6,tau.SUVR.Schaefer200.ROI.idx.16,tau.SUVR.Schaefer200.ROI.idx.17,tau.SUVR.Schaefer200.ROI.idx.18,tau.SUVR.Schaefer200.ROI.idx.19,tau.SUVR.Schaefer200.ROI.idx.20,tau.SUVR.Schaefer200.ROI.idx.29,tau.SUVR.Schaefer200.ROI.idx.30,tau.SUVR.Schaefer200.ROI.idx.31,tau.SUVR.Schaefer200.ROI.idx.33,tau.SUVR.Schaefer200.ROI.idx.34,tau.SUVR.Schaefer200.ROI.idx.37,tau.SUVR.Schaefer200.ROI.idx.39,tau.SUVR.Schaefer200.ROI.idx.46,tau.SUVR.Schaefer200.ROI.idx.47,tau.SUVR.Schaefer200.ROI.idx.53,tau.SUVR.Schaefer200.ROI.idx.58,tau.SUVR.Schaefer200.ROI.idx.61,tau.SUVR.Schaefer200.ROI.idx.67,tau.SUVR.Schaefer200.ROI.idx.68,tau.SUVR.Schaefer200.ROI.idx.75,tau.SUVR.Schaefer200.ROI.idx.91,tau.SUVR.Schaefer200.ROI.idx.96,tau.SUVR.Schaefer200.ROI.idx.120,tau.SUVR.Schaefer200.ROI.idx.122,tau.SUVR.Schaefer200.ROI.idx.150,tau.SUVR.Schaefer200.ROI.idx.163,tau.SUVR.Schaefer200.ROI.idx.172
sub-6252	144	1,2,3,4,5,6,7,8,9,10,11,12,13,18,21,22,23,24,25,26,28,29,30,31,32,33,34,35,36,37,39,40,41,42,43,44,45,46,47,48,49,51,52,53,54,55,57,58,59,60,61,62,63,64,65,67,68,69,70,72,73,75,76,77,78,79,83,84,85,86,87,91,92,93,94,95,96,97,98,99,100,101,102,103,104,105,106,107,108,109,110,111,112,114,117,120,124,125,127,131,132,133,134,135,136,137,139,140,141,142,143,145,146,148,149,150,151,155,161,162,163,164,165,166,167,168,169,171,172,173,176,181,182,184,186,190,191,194,195,196,197,198,199,200	tau.SUVR.Schaefer200.ROI.idx.1,tau.SUVR.Schaefer200.ROI.idx.2,tau.SUVR.Schaefer200.ROI.idx.3,tau.SUVR.Schaefer200.ROI.idx.4,tau.SUVR.Schaefer200.ROI.idx.5,tau.SUVR.Schaefer200.ROI.idx.6,tau.SUVR.Schaefer200.ROI.idx.7,tau.SUVR.Schaefer200.ROI.idx.8,tau.SUVR.Schaefer200.ROI.idx.9,tau.SUVR.Schaefer200.ROI.idx.10,tau.SUVR.Schaefer200.ROI.idx.11,tau.SUVR.Schaefer200.ROI.idx.12,tau.SUVR.Schaefer200.ROI.idx.13,tau.SUVR.Schaefer200.ROI.idx.18,tau.SUVR.Schaefer200.ROI.idx.21,tau.SUVR.Schaefer200.ROI.idx.22,tau.SUVR.Schaefer200.ROI.idx.23,tau.SUVR.Schaefer200.ROI.idx.24,tau.SUVR.Schaefer200.ROI.idx.25,tau.SUVR.Schaefer200.ROI.idx.26,tau.SUVR.Schaefer200.ROI.idx.28,tau.SUVR.Schaefer200.ROI.idx.29,tau.SUVR.Schaefer200.ROI.idx.30,tau.SUVR.Schaefer200.ROI.idx.31,tau.SUVR.Schaefer200.ROI.idx.32,tau.SUVR.Schaefer200.ROI.idx.33,tau.SUVR.Schaefer200.ROI.idx.34,tau.SUVR.Schaefer200.ROI.idx.35,tau.SUVR.Schaefer200.ROI.idx.36,tau.SUVR.Schaefer200.ROI.idx.37,tau.SUVR.Schaefer200.ROI.idx.39,tau.SUVR.Schaefer200.ROI.idx.40,tau.SUVR.Schaefer200.ROI.idx.41,tau.SUVR.Schaefer200.ROI.idx.42,tau.SUVR.Schaefer200.ROI.idx.43,tau.SUVR.Schaefer200.ROI.idx.44,tau.SUVR.Schaefer200.ROI.idx.45,tau.SUVR.Schaefer200.ROI.idx.46,tau.SUVR.Schaefer200.ROI.idx.47,tau.SUVR.Schaefer200.ROI.idx.48,tau.SUVR.Schaefer200.ROI.idx.49,tau.SUVR.Schaefer200.ROI.idx.51,tau.SUVR.Schaefer200.ROI.idx.52,tau.SUVR.Schaefer200.ROI.idx.53,tau.SUVR.Schaefer200.ROI.idx.54,tau.SUVR.Schaefer200.ROI.idx.55,tau.SUVR.Schaefer200.ROI.idx.57,tau.SUVR.Schaefer200.ROI.idx.58,tau.SUVR.Schaefer200.ROI.idx.59,tau.SUVR.Schaefer200.ROI.idx.60,tau.SUVR.Schaefer200.ROI.idx.61,tau.SUVR.Schaefer200.ROI.idx.62,tau.SUVR.Schaefer200.ROI.idx.63,tau.SUVR.Schaefer200.ROI.idx.64,tau.SUVR.Schaefer200.ROI.idx.65,tau.SUVR.Schaefer200.ROI.idx.67,tau.SUVR.Schaefer200.ROI.idx.68,tau.SUVR.Schaefer200.ROI.idx.69,tau.SUVR.Schaefer200.ROI.idx.70,tau.SUVR.Schaefer200.ROI.idx.72,tau.SUVR.Schaefer200.ROI.idx.73,tau.SUVR.Schaefer200.ROI.idx.75,tau.SUVR.Schaefer200.ROI.idx.76,tau.SUVR.Schaefer200.ROI.idx.77,tau.SUVR.Schaefer200.ROI.idx.78,tau.SUVR.Schaefer200.ROI.idx.79,tau.SUVR.Schaefer200.ROI.idx.83,tau.SUVR.Schaefer200.ROI.idx.84,tau.SUVR.Schaefer200.ROI.idx.85,tau.SUVR.Schaefer200.ROI.idx.86,tau.SUVR.Schaefer200.ROI.idx.87,tau.SUVR.Schaefer200.ROI.idx.91,tau.SUVR.Schaefer200.ROI.idx.92,tau.SUVR.Schaefer200.ROI.idx.93,tau.SUVR.Schaefer200.ROI.idx.94,tau.SUVR.Schaefer200.ROI.idx.95,tau.SUVR.Schaefer200.ROI.idx.96,tau.SUVR.Schaefer200.ROI.idx.97,tau.SUVR.Schaefer200.ROI.idx.98,tau.SUVR.Schaefer200.ROI.idx.99,tau.SUVR.Schaefer200.ROI.idx.100,tau.SUVR.Schaefer200.ROI.idx.101,tau.SUVR.Schaefer200.ROI.idx.102,tau.SUVR.Schaefer200.ROI.idx.103,tau.SUVR.Schaefer200.ROI.idx.104,tau.SUVR.Schaefer200.ROI.idx.105,tau.SUVR.Schaefer200.ROI.idx.106,tau.SUVR.Schaefer200.ROI.idx.107,tau.SUVR.Schaefer200.ROI.idx.108,tau.SUVR.Schaefer200.ROI.idx.109,tau.SUVR.Schaefer200.ROI.idx.110,tau.SUVR.Schaefer200.ROI.idx.111,tau.SUVR.Schaefer200.ROI.idx.112,tau.SUVR.Schaefer200.ROI.idx.114,tau.SUVR.Schaefer200.ROI.idx.117,tau.SUVR.Schaefer200.ROI.idx.120,tau.SUVR.Schaefer200.ROI.idx.124,tau.SUVR.Schaefer200.ROI.idx.125,tau.SUVR.Schaefer200.ROI.idx.127,tau.SUVR.Schaefer200.ROI.idx.131,tau.SUVR.Schaefer200.ROI.idx.132,tau.SUVR.Schaefer200.ROI.idx.133,tau.SUVR.Schaefer200.ROI.idx.134,tau.SUVR.Schaefer200.ROI.idx.135,tau.SUVR.Schaefer200.ROI.idx.136,tau.SUVR.Schaefer200.ROI.idx.137,tau.SUVR.Schaefer200.ROI.idx.139,tau.SUVR.Schaefer200.ROI.idx.140,tau.SUVR.Schaefer200.ROI.idx.141,tau.SUVR.Schaefer200.ROI.idx.142,tau.SUVR.Schaefer200.ROI.idx.143,tau.SUVR.Schaefer200.ROI.idx.145,tau.SUVR.Schaefer200.ROI.idx.146,tau.SUVR.Schaefer200.ROI.idx.148,tau.SUVR.Schaefer200.ROI.idx.149,tau.SUVR.Schaefer200.ROI.idx.150,tau.SUVR.Schaefer200.ROI.idx.151,tau.SUVR.Schaefer200.ROI.idx.155,tau.SUVR.Schaefer200.ROI.idx.161,tau.SUVR.Schaefer200.ROI.idx.162,tau.SUVR.Schaefer200.ROI.idx.163,tau.SUVR.Schaefer200.ROI.idx.164,tau.SUVR.Schaefer200.ROI.idx.165,tau.SUVR.Schaefer200.ROI.idx.166,tau.SUVR.Schaefer200.ROI.idx.167,tau.SUVR.Schaefer200.ROI.idx.168,tau.SUVR.Schaefer200.ROI.idx.169,tau.SUVR.Schaefer200.ROI.idx.171,tau.SUVR.Schaefer200.ROI.idx.172,tau.SUVR.Schaefer200.ROI.idx.173,tau.SUVR.Schaefer200.ROI.idx.176,tau.SUVR.Schaefer200.ROI.idx.181,tau.SUVR.Schaefer200.ROI.idx.182,tau.SUVR.Schaefer200.ROI.idx.184,tau.SUVR.Schaefer200.ROI.idx.186,tau.SUVR.Schaefer200.ROI.idx.190,tau.SUVR.Schaefer200.ROI.idx.191,tau.SUVR.Schaefer200.ROI.idx.194,tau.SUVR.Schaefer200.ROI.idx.195,tau.SUVR.Schaefer200.ROI.idx.196,tau.SUVR.Schaefer200.ROI.idx.197,tau.SUVR.Schaefer200.ROI.idx.198,tau.SUVR.Schaefer200.ROI.idx.199,tau.SUVR.Schaefer200.ROI.idx.200
sub-6258	0		
sub-6345	122	1,2,4,5,6,7,11,12,28,29,30,31,32,33,39,45,46,52,53,54,55,57,60,61,64,65,67,75,76,80,83,84,85,86,90,91,96,97,98,99,100,101,102,103,104,105,106,107,108,109,110,111,112,114,115,117,120,124,125,126,127,131,132,133,134,135,136,137,138,139,140,141,142,143,144,145,146,147,149,150,151,154,155,156,157,158,159,161,162,163,164,165,166,167,168,169,170,171,172,173,174,175,176,179,180,181,182,183,184,185,186,189,190,191,192,194,195,196,197,198,199,200	tau.SUVR.Schaefer200.ROI.idx.1,tau.SUVR.Schaefer200.ROI.idx.2,tau.SUVR.Schaefer200.ROI.idx.4,tau.SUVR.Schaefer200.ROI.idx.5,tau.SUVR.Schaefer200.ROI.idx.6,tau.SUVR.Schaefer200.ROI.idx.7,tau.SUVR.Schaefer200.ROI.idx.11,tau.SUVR.Schaefer200.ROI.idx.12,tau.SUVR.Schaefer200.ROI.idx.28,tau.SUVR.Schaefer200.ROI.idx.29,tau.SUVR.Schaefer200.ROI.idx.30,tau.SUVR.Schaefer200.ROI.idx.31,tau.SUVR.Schaefer200.ROI.idx.32,tau.SUVR.Schaefer200.ROI.idx.33,tau.SUVR.Schaefer200.ROI.idx.39,tau.SUVR.Schaefer200.ROI.idx.45,tau.SUVR.Schaefer200.ROI.idx.46,tau.SUVR.Schaefer200.ROI.idx.52,tau.SUVR.Schaefer200.ROI.idx.53,tau.SUVR.Schaefer200.ROI.idx.54,tau.SUVR.Schaefer200.ROI.idx.55,tau.SUVR.Schaefer200.ROI.idx.57,tau.SUVR.Schaefer200.ROI.idx.60,tau.SUVR.Schaefer200.ROI.idx.61,tau.SUVR.Schaefer200.ROI.idx.64,tau.SUVR.Schaefer200.ROI.idx.65,tau.SUVR.Schaefer200.ROI.idx.67,tau.SUVR.Schaefer200.ROI.idx.75,tau.SUVR.Schaefer200.ROI.idx.76,tau.SUVR.Schaefer200.ROI.idx.80,tau.SUVR.Schaefer200.ROI.idx.83,tau.SUVR.Schaefer200.ROI.idx.84,tau.SUVR.Schaefer200.ROI.idx.85,tau.SUVR.Schaefer200.ROI.idx.86,tau.SUVR.Schaefer200.ROI.idx.90,tau.SUVR.Schaefer200.ROI.idx.91,tau.SUVR.Schaefer200.ROI.idx.96,tau.SUVR.Schaefer200.ROI.idx.97,tau.SUVR.Schaefer200.ROI.idx.98,tau.SUVR.Schaefer200.ROI.idx.99,tau.SUVR.Schaefer200.ROI.idx.100,tau.SUVR.Schaefer200.ROI.idx.101,tau.SUVR.Schaefer200.ROI.idx.102,tau.SUVR.Schaefer200.ROI.idx.103,tau.SUVR.Schaefer200.ROI.idx.104,tau.SUVR.Schaefer200.ROI.idx.105,tau.SUVR.Schaefer200.ROI.idx.106,tau.SUVR.Schaefer200.ROI.idx.107,tau.SUVR.Schaefer200.ROI.idx.108,tau.SUVR.Schaefer200.ROI.idx.109,tau.SUVR.Schaefer200.ROI.idx.110,tau.SUVR.Schaefer200.ROI.idx.111,tau.SUVR.Schaefer200.ROI.idx.112,tau.SUVR.Schaefer200.ROI.idx.114,tau.SUVR.Schaefer200.ROI.idx.115,tau.SUVR.Schaefer200.ROI.idx.117,tau.SUVR.Schaefer200.ROI.idx.120,tau.SUVR.Schaefer200.ROI.idx.124,tau.SUVR.Schaefer200.ROI.idx.125,tau.SUVR.Schaefer200.ROI.idx.126,tau.SUVR.Schaefer200.ROI.idx.127,tau.SUVR.Schaefer200.ROI.idx.131,tau.SUVR.Schaefer200.ROI.idx.132,tau.SUVR.Schaefer200.ROI.idx.133,tau.SUVR.Schaefer200.ROI.idx.134,tau.SUVR.Schaefer200.ROI.idx.135,tau.SUVR.Schaefer200.ROI.idx.136,tau.SUVR.Schaefer200.ROI.idx.137,tau.SUVR.Schaefer200.ROI.idx.138,tau.SUVR.Schaefer200.ROI.idx.139,tau.SUVR.Schaefer200.ROI.idx.140,tau.SUVR.Schaefer200.ROI.idx.141,tau.SUVR.Schaefer200.ROI.idx.142,tau.SUVR.Schaefer200.ROI.idx.143,tau.SUVR.Schaefer200.ROI.idx.144,tau.SUVR.Schaefer200.ROI.idx.145,tau.SUVR.Schaefer200.ROI.idx.146,tau.SUVR.Schaefer200.ROI.idx.147,tau.SUVR.Schaefer200.ROI.idx.149,tau.SUVR.Schaefer200.ROI.idx.150,tau.SUVR.Schaefer200.ROI.idx.151,tau.SUVR.Schaefer200.ROI.idx.154,tau.SUVR.Schaefer200.ROI.idx.155,tau.SUVR.Schaefer200.ROI.idx.156,tau.SUVR.Schaefer200.ROI.idx.157,tau.SUVR.Schaefer200.ROI.idx.158,tau.SUVR.Schaefer200.ROI.idx.159,tau.SUVR.Schaefer200.ROI.idx.161,tau.SUVR.Schaefer200.ROI.idx.162,tau.SUVR.Schaefer200.ROI.idx.163,tau.SUVR.Schaefer200.ROI.idx.164,tau.SUVR.Schaefer200.ROI.idx.165,tau.SUVR.Schaefer200.ROI.idx.166,tau.SUVR.Schaefer200.ROI.idx.167,tau.SUVR.Schaefer200.ROI.idx.168,tau.SUVR.Schaefer200.ROI.idx.169,tau.SUVR.Schaefer200.ROI.idx.170,tau.SUVR.Schaefer200.ROI.idx.171,tau.SUVR.Schaefer200.ROI.idx.172,tau.SUVR.Schaefer200.ROI.idx.173,tau.SUVR.Schaefer200.ROI.idx.174,tau.SUVR.Schaefer200.ROI.idx.175,tau.SUVR.Schaefer200.ROI.idx.176,tau.SUVR.Schaefer200.ROI.idx.179,tau.SUVR.Schaefer200.ROI.idx.180,tau.SUVR.Schaefer200.ROI.idx.181,tau.SUVR.Schaefer200.ROI.idx.182,tau.SUVR.Schaefer200.ROI.idx.183,tau.SUVR.Schaefer200.ROI.idx.184,tau.SUVR.Schaefer200.ROI.idx.185,tau.SUVR.Schaefer200.ROI.idx.186,tau.SUVR.Schaefer200.ROI.idx.189,tau.SUVR.Schaefer200.ROI.idx.190,tau.SUVR.Schaefer200.ROI.idx.191,tau.SUVR.Schaefer200.ROI.idx.192,tau.SUVR.Schaefer200.ROI.idx.194,tau.SUVR.Schaefer200.ROI.idx.195,tau.SUVR.Schaefer200.ROI.idx.196,tau.SUVR.Schaefer200.ROI.idx.197,tau.SUVR.Schaefer200.ROI.idx.198,tau.SUVR.Schaefer200.ROI.idx.199,tau.SUVR.Schaefer200.ROI.idx.200
sub-6356	9	55,76,83,85,88,89,90,189,192	tau.SUVR.Schaefer200.ROI.idx.55,tau.SUVR.Schaefer200.ROI.idx.76,tau.SUVR.Schaefer200.ROI.idx.83,tau.SUVR.Schaefer200.ROI.idx.85,tau.SUVR.Schaefer200.ROI.idx.88,tau.SUVR.Schaefer200.ROI.idx.89,tau.SUVR.Schaefer200.ROI.idx.90,tau.SUVR.Schaefer200.ROI.idx.189,tau.SUVR.Schaefer200.ROI.idx.192
sub-6474	0		
sub-6480	1	55	tau.SUVR.Schaefer200.ROI.idx.55
sub-6483	10	30,53,54,55,58,67,84,163,165,172	tau.SUVR.Schaefer200.ROI.idx.30,tau.SUVR.Schaefer200.ROI.idx.53,tau.SUVR.Schaefer200.ROI.idx.54,tau.SUVR.Schaefer200.ROI.idx.55,tau.SUVR.Schaefer200.ROI.idx.58,tau.SUVR.Schaefer200.ROI.idx.67,tau.SUVR.Schaefer200.ROI.idx.84,tau.SUVR.Schaefer200.ROI.idx.163,tau.SUVR.Schaefer200.ROI.idx.165,tau.SUVR.Schaefer200.ROI.idx.172
sub-6498	10	1,7,29,30,54,67,75,80,84,86	tau.SUVR.Schaefer200.ROI.idx.1,tau.SUVR.Schaefer200.ROI.idx.7,tau.SUVR.Schaefer200.ROI.idx.29,tau.SUVR.Schaefer200.ROI.idx.30,tau.SUVR.Schaefer200.ROI.idx.54,tau.SUVR.Schaefer200.ROI.idx.67,tau.SUVR.Schaefer200.ROI.idx.75,tau.SUVR.Schaefer200.ROI.idx.80,tau.SUVR.Schaefer200.ROI.idx.84,tau.SUVR.Schaefer200.ROI.idx.86
sub-6503	3	29,53,54	tau.SUVR.Schaefer200.ROI.idx.29,tau.SUVR.Schaefer200.ROI.idx.53,tau.SUVR.Schaefer200.ROI.idx.54
sub-6512	0		
sub-6529	76	1,7,8,9,10,11,21,22,23,25,26,29,35,36,40,49,51,53,54,55,62,63,70,71,74,77,81,84,85,86,93,94,97,98,99,100,101,107,108,109,110,124,125,127,128,129,131,132,138,142,144,152,153,155,158,161,162,163,164,169,171,172,175,177,178,183,184,186,190,193,195,196,197,198,199,200	tau.SUVR.Schaefer200.ROI.idx.1,tau.SUVR.Schaefer200.ROI.idx.7,tau.SUVR.Schaefer200.ROI.idx.8,tau.SUVR.Schaefer200.ROI.idx.9,tau.SUVR.Schaefer200.ROI.idx.10,tau.SUVR.Schaefer200.ROI.idx.11,tau.SUVR.Schaefer200.ROI.idx.21,tau.SUVR.Schaefer200.ROI.idx.22,tau.SUVR.Schaefer200.ROI.idx.23,tau.SUVR.Schaefer200.ROI.idx.25,tau.SUVR.Schaefer200.ROI.idx.26,tau.SUVR.Schaefer200.ROI.idx.29,tau.SUVR.Schaefer200.ROI.idx.35,tau.SUVR.Schaefer200.ROI.idx.36,tau.SUVR.Schaefer200.ROI.idx.40,tau.SUVR.Schaefer200.ROI.idx.49,tau.SUVR.Schaefer200.ROI.idx.51,tau.SUVR.Schaefer200.ROI.idx.53,tau.SUVR.Schaefer200.ROI.idx.54,tau.SUVR.Schaefer200.ROI.idx.55,tau.SUVR.Schaefer200.ROI.idx.62,tau.SUVR.Schaefer200.ROI.idx.63,tau.SUVR.Schaefer200.ROI.idx.70,tau.SUVR.Schaefer200.ROI.idx.71,tau.SUVR.Schaefer200.ROI.idx.74,tau.SUVR.Schaefer200.ROI.idx.77,tau.SUVR.Schaefer200.ROI.idx.81,tau.SUVR.Schaefer200.ROI.idx.84,tau.SUVR.Schaefer200.ROI.idx.85,tau.SUVR.Schaefer200.ROI.idx.86,tau.SUVR.Schaefer200.ROI.idx.93,tau.SUVR.Schaefer200.ROI.idx.94,tau.SUVR.Schaefer200.ROI.idx.97,tau.SUVR.Schaefer200.ROI.idx.98,tau.SUVR.Schaefer200.ROI.idx.99,tau.SUVR.Schaefer200.ROI.idx.100,tau.SUVR.Schaefer200.ROI.idx.101,tau.SUVR.Schaefer200.ROI.idx.107,tau.SUVR.Schaefer200.ROI.idx.108,tau.SUVR.Schaefer200.ROI.idx.109,tau.SUVR.Schaefer200.ROI.idx.110,tau.SUVR.Schaefer200.ROI.idx.124,tau.SUVR.Schaefer200.ROI.idx.125,tau.SUVR.Schaefer200.ROI.idx.127,tau.SUVR.Schaefer200.ROI.idx.128,tau.SUVR.Schaefer200.ROI.idx.129,tau.SUVR.Schaefer200.ROI.idx.131,tau.SUVR.Schaefer200.ROI.idx.132,tau.SUVR.Schaefer200.ROI.idx.138,tau.SUVR.Schaefer200.ROI.idx.142,tau.SUVR.Schaefer200.ROI.idx.144,tau.SUVR.Schaefer200.ROI.idx.152,tau.SUVR.Schaefer200.ROI.idx.153,tau.SUVR.Schaefer200.ROI.idx.155,tau.SUVR.Schaefer200.ROI.idx.158,tau.SUVR.Schaefer200.ROI.idx.161,tau.SUVR.Schaefer200.ROI.idx.162,tau.SUVR.Schaefer200.ROI.idx.163,tau.SUVR.Schaefer200.ROI.idx.164,tau.SUVR.Schaefer200.ROI.idx.169,tau.SUVR.Schaefer200.ROI.idx.171,tau.SUVR.Schaefer200.ROI.idx.172,tau.SUVR.Schaefer200.ROI.idx.175,tau.SUVR.Schaefer200.ROI.idx.177,tau.SUVR.Schaefer200.ROI.idx.178,tau.SUVR.Schaefer200.ROI.idx.183,tau.SUVR.Schaefer200.ROI.idx.184,tau.SUVR.Schaefer200.ROI.idx.186,tau.SUVR.Schaefer200.ROI.idx.190,tau.SUVR.Schaefer200.ROI.idx.193,tau.SUVR.Schaefer200.ROI.idx.195,tau.SUVR.Schaefer200.ROI.idx.196,tau.SUVR.Schaefer200.ROI.idx.197,tau.SUVR.Schaefer200.ROI.idx.198,tau.SUVR.Schaefer200.ROI.idx.199,tau.SUVR.Schaefer200.ROI.idx.200
sub-6535	0		
sub-6616	0		
sub-6632	159	1,2,4,5,6,7,8,9,10,11,12,13,14,15,16,17,18,21,22,23,24,25,26,27,28,29,30,31,32,33,34,35,36,37,38,39,40,41,42,43,44,45,46,47,48,49,51,52,53,54,55,56,57,58,59,60,61,62,63,64,65,67,68,69,70,71,72,73,74,75,76,77,78,79,80,81,82,83,84,85,86,87,88,89,90,91,92,93,94,95,96,97,98,99,100,101,102,104,105,107,108,124,125,131,132,133,135,137,139,142,144,145,146,149,150,151,152,153,154,155,156,157,158,159,160,161,162,163,164,165,167,169,171,172,173,174,175,176,177,178,179,180,182,183,184,185,186,187,189,190,191,192,194,195,196,197,198,199,200	tau.SUVR.Schaefer200.ROI.idx.1,tau.SUVR.Schaefer200.ROI.idx.2,tau.SUVR.Schaefer200.ROI.idx.4,tau.SUVR.Schaefer200.ROI.idx.5,tau.SUVR.Schaefer200.ROI.idx.6,tau.SUVR.Schaefer200.ROI.idx.7,tau.SUVR.Schaefer200.ROI.idx.8,tau.SUVR.Schaefer200.ROI.idx.9,tau.SUVR.Schaefer200.ROI.idx.10,tau.SUVR.Schaefer200.ROI.idx.11,tau.SUVR.Schaefer200.ROI.idx.12,tau.SUVR.Schaefer200.ROI.idx.13,tau.SUVR.Schaefer200.ROI.idx.14,tau.SUVR.Schaefer200.ROI.idx.15,tau.SUVR.Schaefer200.ROI.idx.16,tau.SUVR.Schaefer200.ROI.idx.17,tau.SUVR.Schaefer200.ROI.idx.18,tau.SUVR.Schaefer200.ROI.idx.21,tau.SUVR.Schaefer200.ROI.idx.22,tau.SUVR.Schaefer200.ROI.idx.23,tau.SUVR.Schaefer200.ROI.idx.24,tau.SUVR.Schaefer200.ROI.idx.25,tau.SUVR.Schaefer200.ROI.idx.26,tau.SUVR.Schaefer200.ROI.idx.27,tau.SUVR.Schaefer200.ROI.idx.28,tau.SUVR.Schaefer200.ROI.idx.29,tau.SUVR.Schaefer200.ROI.idx.30,tau.SUVR.Schaefer200.ROI.idx.31,tau.SUVR.Schaefer200.ROI.idx.32,tau.SUVR.Schaefer200.ROI.idx.33,tau.SUVR.Schaefer200.ROI.idx.34,tau.SUVR.Schaefer200.ROI.idx.35,tau.SUVR.Schaefer200.ROI.idx.36,tau.SUVR.Schaefer200.ROI.idx.37,tau.SUVR.Schaefer200.ROI.idx.38,tau.SUVR.Schaefer200.ROI.idx.39,tau.SUVR.Schaefer200.ROI.idx.40,tau.SUVR.Schaefer200.ROI.idx.41,tau.SUVR.Schaefer200.ROI.idx.42,tau.SUVR.Schaefer200.ROI.idx.43,tau.SUVR.Schaefer200.ROI.idx.44,tau.SUVR.Schaefer200.ROI.idx.45,tau.SUVR.Schaefer200.ROI.idx.46,tau.SUVR.Schaefer200.ROI.idx.47,tau.SUVR.Schaefer200.ROI.idx.48,tau.SUVR.Schaefer200.ROI.idx.49,tau.SUVR.Schaefer200.ROI.idx.51,tau.SUVR.Schaefer200.ROI.idx.52,tau.SUVR.Schaefer200.ROI.idx.53,tau.SUVR.Schaefer200.ROI.idx.54,tau.SUVR.Schaefer200.ROI.idx.55,tau.SUVR.Schaefer200.ROI.idx.56,tau.SUVR.Schaefer200.ROI.idx.57,tau.SUVR.Schaefer200.ROI.idx.58,tau.SUVR.Schaefer200.ROI.idx.59,tau.SUVR.Schaefer200.ROI.idx.60,tau.SUVR.Schaefer200.ROI.idx.61,tau.SUVR.Schaefer200.ROI.idx.62,tau.SUVR.Schaefer200.ROI.idx.63,tau.SUVR.Schaefer200.ROI.idx.64,tau.SUVR.Schaefer200.ROI.idx.65,tau.SUVR.Schaefer200.ROI.idx.67,tau.SUVR.Schaefer200.ROI.idx.68,tau.SUVR.Schaefer200.ROI.idx.69,tau.SUVR.Schaefer200.ROI.idx.70,tau.SUVR.Schaefer200.ROI.idx.71,tau.SUVR.Schaefer200.ROI.idx.72,tau.SUVR.Schaefer200.ROI.idx.73,tau.SUVR.Schaefer200.ROI.idx.74,tau.SUVR.Schaefer200.ROI.idx.75,tau.SUVR.Schaefer200.ROI.idx.76,tau.SUVR.Schaefer200.ROI.idx.77,tau.SUVR.Schaefer200.ROI.idx.78,tau.SUVR.Schaefer200.ROI.idx.79,tau.SUVR.Schaefer200.ROI.idx.80,tau.SUVR.Schaefer200.ROI.idx.81,tau.SUVR.Schaefer200.ROI.idx.82,tau.SUVR.Schaefer200.ROI.idx.83,tau.SUVR.Schaefer200.ROI.idx.84,tau.SUVR.Schaefer200.ROI.idx.85,tau.SUVR.Schaefer200.ROI.idx.86,tau.SUVR.Schaefer200.ROI.idx.87,tau.SUVR.Schaefer200.ROI.idx.88,tau.SUVR.Schaefer200.ROI.idx.89,tau.SUVR.Schaefer200.ROI.idx.90,tau.SUVR.Schaefer200.ROI.idx.91,tau.SUVR.Schaefer200.ROI.idx.92,tau.SUVR.Schaefer200.ROI.idx.93,tau.SUVR.Schaefer200.ROI.idx.94,tau.SUVR.Schaefer200.ROI.idx.95,tau.SUVR.Schaefer200.ROI.idx.96,tau.SUVR.Schaefer200.ROI.idx.97,tau.SUVR.Schaefer200.ROI.idx.98,tau.SUVR.Schaefer200.ROI.idx.99,tau.SUVR.Schaefer200.ROI.idx.100,tau.SUVR.Schaefer200.ROI.idx.101,tau.SUVR.Schaefer200.ROI.idx.102,tau.SUVR.Schaefer200.ROI.idx.104,tau.SUVR.Schaefer200.ROI.idx.105,tau.SUVR.Schaefer200.ROI.idx.107,tau.SUVR.Schaefer200.ROI.idx.108,tau.SUVR.Schaefer200.ROI.idx.124,tau.SUVR.Schaefer200.ROI.idx.125,tau.SUVR.Schaefer200.ROI.idx.131,tau.SUVR.Schaefer200.ROI.idx.132,tau.SUVR.Schaefer200.ROI.idx.133,tau.SUVR.Schaefer200.ROI.idx.135,tau.SUVR.Schaefer200.ROI.idx.137,tau.SUVR.Schaefer200.ROI.idx.139,tau.SUVR.Schaefer200.ROI.idx.142,tau.SUVR.Schaefer200.ROI.idx.144,tau.SUVR.Schaefer200.ROI.idx.145,tau.SUVR.Schaefer200.ROI.idx.146,tau.SUVR.Schaefer200.ROI.idx.149,tau.SUVR.Schaefer200.ROI.idx.150,tau.SUVR.Schaefer200.ROI.idx.151,tau.SUVR.Schaefer200.ROI.idx.152,tau.SUVR.Schaefer200.ROI.idx.153,tau.SUVR.Schaefer200.ROI.idx.154,tau.SUVR.Schaefer200.ROI.idx.155,tau.SUVR.Schaefer200.ROI.idx.156,tau.SUVR.Schaefer200.ROI.idx.157,tau.SUVR.Schaefer200.ROI.idx.158,tau.SUVR.Schaefer200.ROI.idx.159,tau.SUVR.Schaefer200.ROI.idx.160,tau.SUVR.Schaefer200.ROI.idx.161,tau.SUVR.Schaefer200.ROI.idx.162,tau.SUVR.Schaefer200.ROI.idx.163,tau.SUVR.Schaefer200.ROI.idx.164,tau.SUVR.Schaefer200.ROI.idx.165,tau.SUVR.Schaefer200.ROI.idx.167,tau.SUVR.Schaefer200.ROI.idx.169,tau.SUVR.Schaefer200.ROI.idx.171,tau.SUVR.Schaefer200.ROI.idx.172,tau.SUVR.Schaefer200.ROI.idx.173,tau.SUVR.Schaefer200.ROI.idx.174,tau.SUVR.Schaefer200.ROI.idx.175,tau.SUVR.Schaefer200.ROI.idx.176,tau.SUVR.Schaefer200.ROI.idx.177,tau.SUVR.Schaefer200.ROI.idx.178,tau.SUVR.Schaefer200.ROI.idx.179,tau.SUVR.Schaefer200.ROI.idx.180,tau.SUVR.Schaefer200.ROI.idx.182,tau.SUVR.Schaefer200.ROI.idx.183,tau.SUVR.Schaefer200.ROI.idx.184,tau.SUVR.Schaefer200.ROI.idx.185,tau.SUVR.Schaefer200.ROI.idx.186,tau.SUVR.Schaefer200.ROI.idx.187,tau.SUVR.Schaefer200.ROI.idx.189,tau.SUVR.Schaefer200.ROI.idx.190,tau.SUVR.Schaefer200.ROI.idx.191,tau.SUVR.Schaefer200.ROI.idx.192,tau.SUVR.Schaefer200.ROI.idx.194,tau.SUVR.Schaefer200.ROI.idx.195,tau.SUVR.Schaefer200.ROI.idx.196,tau.SUVR.Schaefer200.ROI.idx.197,tau.SUVR.Schaefer200.ROI.idx.198,tau.SUVR.Schaefer200.ROI.idx.199,tau.SUVR.Schaefer200.ROI.idx.200
sub-6640	3	162,163,171	tau.SUVR.Schaefer200.ROI.idx.162,tau.SUVR.Schaefer200.ROI.idx.163,tau.SUVR.Schaefer200.ROI.idx.171
sub-6657	0		
sub-6668	74	7,29,48,49,53,54,55,57,62,67,69,76,77,78,83,84,85,86,89,90,91,93,98,101,126,131,132,141,142,144,145,146,151,152,153,154,155,156,157,158,159,160,161,162,163,164,165,167,168,169,171,172,173,175,176,177,178,179,180,183,184,185,186,187,189,190,191,192,194,195,196,197,198,199	tau.SUVR.Schaefer200.ROI.idx.7,tau.SUVR.Schaefer200.ROI.idx.29,tau.SUVR.Schaefer200.ROI.idx.48,tau.SUVR.Schaefer200.ROI.idx.49,tau.SUVR.Schaefer200.ROI.idx.53,tau.SUVR.Schaefer200.ROI.idx.54,tau.SUVR.Schaefer200.ROI.idx.55,tau.SUVR.Schaefer200.ROI.idx.57,tau.SUVR.Schaefer200.ROI.idx.62,tau.SUVR.Schaefer200.ROI.idx.67,tau.SUVR.Schaefer200.ROI.idx.69,tau.SUVR.Schaefer200.ROI.idx.76,tau.SUVR.Schaefer200.ROI.idx.77,tau.SUVR.Schaefer200.ROI.idx.78,tau.SUVR.Schaefer200.ROI.idx.83,tau.SUVR.Schaefer200.ROI.idx.84,tau.SUVR.Schaefer200.ROI.idx.85,tau.SUVR.Schaefer200.ROI.idx.86,tau.SUVR.Schaefer200.ROI.idx.89,tau.SUVR.Schaefer200.ROI.idx.90,tau.SUVR.Schaefer200.ROI.idx.91,tau.SUVR.Schaefer200.ROI.idx.93,tau.SUVR.Schaefer200.ROI.idx.98,tau.SUVR.Schaefer200.ROI.idx.101,tau.SUVR.Schaefer200.ROI.idx.126,tau.SUVR.Schaefer200.ROI.idx.131,tau.SUVR.Schaefer200.ROI.idx.132,tau.SUVR.Schaefer200.ROI.idx.141,tau.SUVR.Schaefer200.ROI.idx.142,tau.SUVR.Schaefer200.ROI.idx.144,tau.SUVR.Schaefer200.ROI.idx.145,tau.SUVR.Schaefer200.ROI.idx.146,tau.SUVR.Schaefer200.ROI.idx.151,tau.SUVR.Schaefer200.ROI.idx.152,tau.SUVR.Schaefer200.ROI.idx.153,tau.SUVR.Schaefer200.ROI.idx.154,tau.SUVR.Schaefer200.ROI.idx.155,tau.SUVR.Schaefer200.ROI.idx.156,tau.SUVR.Schaefer200.ROI.idx.157,tau.SUVR.Schaefer200.ROI.idx.158,tau.SUVR.Schaefer200.ROI.idx.159,tau.SUVR.Schaefer200.ROI.idx.160,tau.SUVR.Schaefer200.ROI.idx.161,tau.SUVR.Schaefer200.ROI.idx.162,tau.SUVR.Schaefer200.ROI.idx.163,tau.SUVR.Schaefer200.ROI.idx.164,tau.SUVR.Schaefer200.ROI.idx.165,tau.SUVR.Schaefer200.ROI.idx.167,tau.SUVR.Schaefer200.ROI.idx.168,tau.SUVR.Schaefer200.ROI.idx.169,tau.SUVR.Schaefer200.ROI.idx.171,tau.SUVR.Schaefer200.ROI.idx.172,tau.SUVR.Schaefer200.ROI.idx.173,tau.SUVR.Schaefer200.ROI.idx.175,tau.SUVR.Schaefer200.ROI.idx.176,tau.SUVR.Schaefer200.ROI.idx.177,tau.SUVR.Schaefer200.ROI.idx.178,tau.SUVR.Schaefer200.ROI.idx.179,tau.SUVR.Schaefer200.ROI.idx.180,tau.SUVR.Schaefer200.ROI.idx.183,tau.SUVR.Schaefer200.ROI.idx.184,tau.SUVR.Schaefer200.ROI.idx.185,tau.SUVR.Schaefer200.ROI.idx.186,tau.SUVR.Schaefer200.ROI.idx.187,tau.SUVR.Schaefer200.ROI.idx.189,tau.SUVR.Schaefer200.ROI.idx.190,tau.SUVR.Schaefer200.ROI.idx.191,tau.SUVR.Schaefer200.ROI.idx.192,tau.SUVR.Schaefer200.ROI.idx.194,tau.SUVR.Schaefer200.ROI.idx.195,tau.SUVR.Schaefer200.ROI.idx.196,tau.SUVR.Schaefer200.ROI.idx.197,tau.SUVR.Schaefer200.ROI.idx.198,tau.SUVR.Schaefer200.ROI.idx.199
sub-6681	0		
sub-6702	0		
sub-6703	28	11,29,32,53,54,55,57,58,67,68,72,74,75,77,78,79,84,86,96,97,98,131,163,164,165,172,183,186	tau.SUVR.Schaefer200.ROI.idx.11,tau.SUVR.Schaefer200.ROI.idx.29,tau.SUVR.Schaefer200.ROI.idx.32,tau.SUVR.Schaefer200.ROI.idx.53,tau.SUVR.Schaefer200.ROI.idx.54,tau.SUVR.Schaefer200.ROI.idx.55,tau.SUVR.Schaefer200.ROI.idx.57,tau.SUVR.Schaefer200.ROI.idx.58,tau.SUVR.Schaefer200.ROI.idx.67,tau.SUVR.Schaefer200.ROI.idx.68,tau.SUVR.Schaefer200.ROI.idx.72,tau.SUVR.Schaefer200.ROI.idx.74,tau.SUVR.Schaefer200.ROI.idx.75,tau.SUVR.Schaefer200.ROI.idx.77,tau.SUVR.Schaefer200.ROI.idx.78,tau.SUVR.Schaefer200.ROI.idx.79,tau.SUVR.Schaefer200.ROI.idx.84,tau.SUVR.Schaefer200.ROI.idx.86,tau.SUVR.Schaefer200.ROI.idx.96,tau.SUVR.Schaefer200.ROI.idx.97,tau.SUVR.Schaefer200.ROI.idx.98,tau.SUVR.Schaefer200.ROI.idx.131,tau.SUVR.Schaefer200.ROI.idx.163,tau.SUVR.Schaefer200.ROI.idx.164,tau.SUVR.Schaefer200.ROI.idx.165,tau.SUVR.Schaefer200.ROI.idx.172,tau.SUVR.Schaefer200.ROI.idx.183,tau.SUVR.Schaefer200.ROI.idx.186
sub-6724	41	1,5,7,25,29,30,31,33,34,47,53,54,55,57,58,59,60,67,68,72,73,74,75,77,78,79,83,84,85,86,87,96,98,99,100,101,162,163,164,172,196	tau.SUVR.Schaefer200.ROI.idx.1,tau.SUVR.Schaefer200.ROI.idx.5,tau.SUVR.Schaefer200.ROI.idx.7,tau.SUVR.Schaefer200.ROI.idx.25,tau.SUVR.Schaefer200.ROI.idx.29,tau.SUVR.Schaefer200.ROI.idx.30,tau.SUVR.Schaefer200.ROI.idx.31,tau.SUVR.Schaefer200.ROI.idx.33,tau.SUVR.Schaefer200.ROI.idx.34,tau.SUVR.Schaefer200.ROI.idx.47,tau.SUVR.Schaefer200.ROI.idx.53,tau.SUVR.Schaefer200.ROI.idx.54,tau.SUVR.Schaefer200.ROI.idx.55,tau.SUVR.Schaefer200.ROI.idx.57,tau.SUVR.Schaefer200.ROI.idx.58,tau.SUVR.Schaefer200.ROI.idx.59,tau.SUVR.Schaefer200.ROI.idx.60,tau.SUVR.Schaefer200.ROI.idx.67,tau.SUVR.Schaefer200.ROI.idx.68,tau.SUVR.Schaefer200.ROI.idx.72,tau.SUVR.Schaefer200.ROI.idx.73,tau.SUVR.Schaefer200.ROI.idx.74,tau.SUVR.Schaefer200.ROI.idx.75,tau.SUVR.Schaefer200.ROI.idx.77,tau.SUVR.Schaefer200.ROI.idx.78,tau.SUVR.Schaefer200.ROI.idx.79,tau.SUVR.Schaefer200.ROI.idx.83,tau.SUVR.Schaefer200.ROI.idx.84,tau.SUVR.Schaefer200.ROI.idx.85,tau.SUVR.Schaefer200.ROI.idx.86,tau.SUVR.Schaefer200.ROI.idx.87,tau.SUVR.Schaefer200.ROI.idx.96,tau.SUVR.Schaefer200.ROI.idx.98,tau.SUVR.Schaefer200.ROI.idx.99,tau.SUVR.Schaefer200.ROI.idx.100,tau.SUVR.Schaefer200.ROI.idx.101,tau.SUVR.Schaefer200.ROI.idx.162,tau.SUVR.Schaefer200.ROI.idx.163,tau.SUVR.Schaefer200.ROI.idx.164,tau.SUVR.Schaefer200.ROI.idx.172,tau.SUVR.Schaefer200.ROI.idx.196
sub-6731	3	53,163,184	tau.SUVR.Schaefer200.ROI.idx.53,tau.SUVR.Schaefer200.ROI.idx.163,tau.SUVR.Schaefer200.ROI.idx.184
sub-6757	1	53	tau.SUVR.Schaefer200.ROI.idx.53
sub-6765	33	29,30,53,54,55,57,67,74,78,84,98,131,133,134,135,136,149,161,162,163,164,165,171,172,173,174,176,181,183,186,190,195,196	tau.SUVR.Schaefer200.ROI.idx.29,tau.SUVR.Schaefer200.ROI.idx.30,tau.SUVR.Schaefer200.ROI.idx.53,tau.SUVR.Schaefer200.ROI.idx.54,tau.SUVR.Schaefer200.ROI.idx.55,tau.SUVR.Schaefer200.ROI.idx.57,tau.SUVR.Schaefer200.ROI.idx.67,tau.SUVR.Schaefer200.ROI.idx.74,tau.SUVR.Schaefer200.ROI.idx.78,tau.SUVR.Schaefer200.ROI.idx.84,tau.SUVR.Schaefer200.ROI.idx.98,tau.SUVR.Schaefer200.ROI.idx.131,tau.SUVR.Schaefer200.ROI.idx.133,tau.SUVR.Schaefer200.ROI.idx.134,tau.SUVR.Schaefer200.ROI.idx.135,tau.SUVR.Schaefer200.ROI.idx.136,tau.SUVR.Schaefer200.ROI.idx.149,tau.SUVR.Schaefer200.ROI.idx.161,tau.SUVR.Schaefer200.ROI.idx.162,tau.SUVR.Schaefer200.ROI.idx.163,tau.SUVR.Schaefer200.ROI.idx.164,tau.SUVR.Schaefer200.ROI.idx.165,tau.SUVR.Schaefer200.ROI.idx.171,tau.SUVR.Schaefer200.ROI.idx.172,tau.SUVR.Schaefer200.ROI.idx.173,tau.SUVR.Schaefer200.ROI.idx.174,tau.SUVR.Schaefer200.ROI.idx.176,tau.SUVR.Schaefer200.ROI.idx.181,tau.SUVR.Schaefer200.ROI.idx.183,tau.SUVR.Schaefer200.ROI.idx.186,tau.SUVR.Schaefer200.ROI.idx.190,tau.SUVR.Schaefer200.ROI.idx.195,tau.SUVR.Schaefer200.ROI.idx.196
sub-6775	33	1,4,5,6,7,8,9,11,12,29,30,31,32,33,53,54,55,57,58,61,67,72,75,76,86,96,98,100,101,105,163,164,196	tau.SUVR.Schaefer200.ROI.idx.1,tau.SUVR.Schaefer200.ROI.idx.4,tau.SUVR.Schaefer200.ROI.idx.5,tau.SUVR.Schaefer200.ROI.idx.6,tau.SUVR.Schaefer200.ROI.idx.7,tau.SUVR.Schaefer200.ROI.idx.8,tau.SUVR.Schaefer200.ROI.idx.9,tau.SUVR.Schaefer200.ROI.idx.11,tau.SUVR.Schaefer200.ROI.idx.12,tau.SUVR.Schaefer200.ROI.idx.29,tau.SUVR.Schaefer200.ROI.idx.30,tau.SUVR.Schaefer200.ROI.idx.31,tau.SUVR.Schaefer200.ROI.idx.32,tau.SUVR.Schaefer200.ROI.idx.33,tau.SUVR.Schaefer200.ROI.idx.53,tau.SUVR.Schaefer200.ROI.idx.54,tau.SUVR.Schaefer200.ROI.idx.55,tau.SUVR.Schaefer200.ROI.idx.57,tau.SUVR.Schaefer200.ROI.idx.58,tau.SUVR.Schaefer200.ROI.idx.61,tau.SUVR.Schaefer200.ROI.idx.67,tau.SUVR.Schaefer200.ROI.idx.72,tau.SUVR.Schaefer200.ROI.idx.75,tau.SUVR.Schaefer200.ROI.idx.76,tau.SUVR.Schaefer200.ROI.idx.86,tau.SUVR.Schaefer200.ROI.idx.96,tau.SUVR.Schaefer200.ROI.idx.98,tau.SUVR.Schaefer200.ROI.idx.100,tau.SUVR.Schaefer200.ROI.idx.101,tau.SUVR.Schaefer200.ROI.idx.105,tau.SUVR.Schaefer200.ROI.idx.163,tau.SUVR.Schaefer200.ROI.idx.164,tau.SUVR.Schaefer200.ROI.idx.196
sub-6777	27	29,31,53,54,84,85,86,100,101,102,104,131,132,133,162,164,165,171,172,184,190,194,196,197,198,199,200	tau.SUVR.Schaefer200.ROI.idx.29,tau.SUVR.Schaefer200.ROI.idx.31,tau.SUVR.Schaefer200.ROI.idx.53,tau.SUVR.Schaefer200.ROI.idx.54,tau.SUVR.Schaefer200.ROI.idx.84,tau.SUVR.Schaefer200.ROI.idx.85,tau.SUVR.Schaefer200.ROI.idx.86,tau.SUVR.Schaefer200.ROI.idx.100,tau.SUVR.Schaefer200.ROI.idx.101,tau.SUVR.Schaefer200.ROI.idx.102,tau.SUVR.Schaefer200.ROI.idx.104,tau.SUVR.Schaefer200.ROI.idx.131,tau.SUVR.Schaefer200.ROI.idx.132,tau.SUVR.Schaefer200.ROI.idx.133,tau.SUVR.Schaefer200.ROI.idx.162,tau.SUVR.Schaefer200.ROI.idx.164,tau.SUVR.Schaefer200.ROI.idx.165,tau.SUVR.Schaefer200.ROI.idx.171,tau.SUVR.Schaefer200.ROI.idx.172,tau.SUVR.Schaefer200.ROI.idx.184,tau.SUVR.Schaefer200.ROI.idx.190,tau.SUVR.Schaefer200.ROI.idx.194,tau.SUVR.Schaefer200.ROI.idx.196,tau.SUVR.Schaefer200.ROI.idx.197,tau.SUVR.Schaefer200.ROI.idx.198,tau.SUVR.Schaefer200.ROI.idx.199,tau.SUVR.Schaefer200.ROI.idx.200
sub-6788	73	1,2,4,5,6,7,8,11,12,22,23,26,29,30,31,32,33,34,35,36,39,40,41,47,48,49,53,54,55,57,58,59,60,61,63,64,65,67,68,72,75,84,85,86,87,96,98,99,100,101,102,104,105,106,126,127,131,132,133,135,137,138,162,163,164,165,166,167,171,172,190,196,197	tau.SUVR.Schaefer200.ROI.idx.1,tau.SUVR.Schaefer200.ROI.idx.2,tau.SUVR.Schaefer200.ROI.idx.4,tau.SUVR.Schaefer200.ROI.idx.5,tau.SUVR.Schaefer200.ROI.idx.6,tau.SUVR.Schaefer200.ROI.idx.7,tau.SUVR.Schaefer200.ROI.idx.8,tau.SUVR.Schaefer200.ROI.idx.11,tau.SUVR.Schaefer200.ROI.idx.12,tau.SUVR.Schaefer200.ROI.idx.22,tau.SUVR.Schaefer200.ROI.idx.23,tau.SUVR.Schaefer200.ROI.idx.26,tau.SUVR.Schaefer200.ROI.idx.29,tau.SUVR.Schaefer200.ROI.idx.30,tau.SUVR.Schaefer200.ROI.idx.31,tau.SUVR.Schaefer200.ROI.idx.32,tau.SUVR.Schaefer200.ROI.idx.33,tau.SUVR.Schaefer200.ROI.idx.34,tau.SUVR.Schaefer200.ROI.idx.35,tau.SUVR.Schaefer200.ROI.idx.36,tau.SUVR.Schaefer200.ROI.idx.39,tau.SUVR.Schaefer200.ROI.idx.40,tau.SUVR.Schaefer200.ROI.idx.41,tau.SUVR.Schaefer200.ROI.idx.47,tau.SUVR.Schaefer200.ROI.idx.48,tau.SUVR.Schaefer200.ROI.idx.49,tau.SUVR.Schaefer200.ROI.idx.53,tau.SUVR.Schaefer200.ROI.idx.54,tau.SUVR.Schaefer200.ROI.idx.55,tau.SUVR.Schaefer200.ROI.idx.57,tau.SUVR.Schaefer200.ROI.idx.58,tau.SUVR.Schaefer200.ROI.idx.59,tau.SUVR.Schaefer200.ROI.idx.60,tau.SUVR.Schaefer200.ROI.idx.61,tau.SUVR.Schaefer200.ROI.idx.63,tau.SUVR.Schaefer200.ROI.idx.64,tau.SUVR.Schaefer200.ROI.idx.65,tau.SUVR.Schaefer200.ROI.idx.67,tau.SUVR.Schaefer200.ROI.idx.68,tau.SUVR.Schaefer200.ROI.idx.72,tau.SUVR.Schaefer200.ROI.idx.75,tau.SUVR.Schaefer200.ROI.idx.84,tau.SUVR.Schaefer200.ROI.idx.85,tau.SUVR.Schaefer200.ROI.idx.86,tau.SUVR.Schaefer200.ROI.idx.87,tau.SUVR.Schaefer200.ROI.idx.96,tau.SUVR.Schaefer200.ROI.idx.98,tau.SUVR.Schaefer200.ROI.idx.99,tau.SUVR.Schaefer200.ROI.idx.100,tau.SUVR.Schaefer200.ROI.idx.101,tau.SUVR.Schaefer200.ROI.idx.102,tau.SUVR.Schaefer200.ROI.idx.104,tau.SUVR.Schaefer200.ROI.idx.105,tau.SUVR.Schaefer200.ROI.idx.106,tau.SUVR.Schaefer200.ROI.idx.126,tau.SUVR.Schaefer200.ROI.idx.127,tau.SUVR.Schaefer200.ROI.idx.131,tau.SUVR.Schaefer200.ROI.idx.132,tau.SUVR.Schaefer200.ROI.idx.133,tau.SUVR.Schaefer200.ROI.idx.135,tau.SUVR.Schaefer200.ROI.idx.137,tau.SUVR.Schaefer200.ROI.idx.138,tau.SUVR.Schaefer200.ROI.idx.162,tau.SUVR.Schaefer200.ROI.idx.163,tau.SUVR.Schaefer200.ROI.idx.164,tau.SUVR.Schaefer200.ROI.idx.165,tau.SUVR.Schaefer200.ROI.idx.166,tau.SUVR.Schaefer200.ROI.idx.167,tau.SUVR.Schaefer200.ROI.idx.171,tau.SUVR.Schaefer200.ROI.idx.172,tau.SUVR.Schaefer200.ROI.idx.190,tau.SUVR.Schaefer200.ROI.idx.196,tau.SUVR.Schaefer200.ROI.idx.197
sub-6789	0		
sub-6800	19	29,53,54,55,57,67,68,75,83,84,85,86,96,151,162,171,172,190,191	tau.SUVR.Schaefer200.ROI.idx.29,tau.SUVR.Schaefer200.ROI.idx.53,tau.SUVR.Schaefer200.ROI.idx.54,tau.SUVR.Schaefer200.ROI.idx.55,tau.SUVR.Schaefer200.ROI.idx.57,tau.SUVR.Schaefer200.ROI.idx.67,tau.SUVR.Schaefer200.ROI.idx.68,tau.SUVR.Schaefer200.ROI.idx.75,tau.SUVR.Schaefer200.ROI.idx.83,tau.SUVR.Schaefer200.ROI.idx.84,tau.SUVR.Schaefer200.ROI.idx.85,tau.SUVR.Schaefer200.ROI.idx.86,tau.SUVR.Schaefer200.ROI.idx.96,tau.SUVR.Schaefer200.ROI.idx.151,tau.SUVR.Schaefer200.ROI.idx.162,tau.SUVR.Schaefer200.ROI.idx.171,tau.SUVR.Schaefer200.ROI.idx.172,tau.SUVR.Schaefer200.ROI.idx.190,tau.SUVR.Schaefer200.ROI.idx.191
sub-6805	120	1,2,3,4,5,6,7,8,11,12,14,16,17,18,20,28,29,30,31,32,33,34,35,36,37,38,39,44,46,54,57,58,59,60,61,64,65,67,72,73,75,77,78,79,84,86,87,96,97,99,100,101,102,103,104,105,106,107,108,109,110,111,112,113,114,115,116,117,118,119,120,121,122,123,125,127,131,132,133,134,135,136,137,138,139,140,141,142,143,149,150,151,162,163,164,165,166,167,168,169,171,172,173,174,175,176,180,181,182,184,185,186,190,194,195,196,197,198,199,200	tau.SUVR.Schaefer200.ROI.idx.1,tau.SUVR.Schaefer200.ROI.idx.2,tau.SUVR.Schaefer200.ROI.idx.3,tau.SUVR.Schaefer200.ROI.idx.4,tau.SUVR.Schaefer200.ROI.idx.5,tau.SUVR.Schaefer200.ROI.idx.6,tau.SUVR.Schaefer200.ROI.idx.7,tau.SUVR.Schaefer200.ROI.idx.8,tau.SUVR.Schaefer200.ROI.idx.11,tau.SUVR.Schaefer200.ROI.idx.12,tau.SUVR.Schaefer200.ROI.idx.14,tau.SUVR.Schaefer200.ROI.idx.16,tau.SUVR.Schaefer200.ROI.idx.17,tau.SUVR.Schaefer200.ROI.idx.18,tau.SUVR.Schaefer200.ROI.idx.20,tau.SUVR.Schaefer200.ROI.idx.28,tau.SUVR.Schaefer200.ROI.idx.29,tau.SUVR.Schaefer200.ROI.idx.30,tau.SUVR.Schaefer200.ROI.idx.31,tau.SUVR.Schaefer200.ROI.idx.32,tau.SUVR.Schaefer200.ROI.idx.33,tau.SUVR.Schaefer200.ROI.idx.34,tau.SUVR.Schaefer200.ROI.idx.35,tau.SUVR.Schaefer200.ROI.idx.36,tau.SUVR.Schaefer200.ROI.idx.37,tau.SUVR.Schaefer200.ROI.idx.38,tau.SUVR.Schaefer200.ROI.idx.39,tau.SUVR.Schaefer200.ROI.idx.44,tau.SUVR.Schaefer200.ROI.idx.46,tau.SUVR.Schaefer200.ROI.idx.54,tau.SUVR.Schaefer200.ROI.idx.57,tau.SUVR.Schaefer200.ROI.idx.58,tau.SUVR.Schaefer200.ROI.idx.59,tau.SUVR.Schaefer200.ROI.idx.60,tau.SUVR.Schaefer200.ROI.idx.61,tau.SUVR.Schaefer200.ROI.idx.64,tau.SUVR.Schaefer200.ROI.idx.65,tau.SUVR.Schaefer200.ROI.idx.67,tau.SUVR.Schaefer200.ROI.idx.72,tau.SUVR.Schaefer200.ROI.idx.73,tau.SUVR.Schaefer200.ROI.idx.75,tau.SUVR.Schaefer200.ROI.idx.77,tau.SUVR.Schaefer200.ROI.idx.78,tau.SUVR.Schaefer200.ROI.idx.79,tau.SUVR.Schaefer200.ROI.idx.84,tau.SUVR.Schaefer200.ROI.idx.86,tau.SUVR.Schaefer200.ROI.idx.87,tau.SUVR.Schaefer200.ROI.idx.96,tau.SUVR.Schaefer200.ROI.idx.97,tau.SUVR.Schaefer200.ROI.idx.99,tau.SUVR.Schaefer200.ROI.idx.100,tau.SUVR.Schaefer200.ROI.idx.101,tau.SUVR.Schaefer200.ROI.idx.102,tau.SUVR.Schaefer200.ROI.idx.103,tau.SUVR.Schaefer200.ROI.idx.104,tau.SUVR.Schaefer200.ROI.idx.105,tau.SUVR.Schaefer200.ROI.idx.106,tau.SUVR.Schaefer200.ROI.idx.107,tau.SUVR.Schaefer200.ROI.idx.108,tau.SUVR.Schaefer200.ROI.idx.109,tau.SUVR.Schaefer200.ROI.idx.110,tau.SUVR.Schaefer200.ROI.idx.111,tau.SUVR.Schaefer200.ROI.idx.112,tau.SUVR.Schaefer200.ROI.idx.113,tau.SUVR.Schaefer200.ROI.idx.114,tau.SUVR.Schaefer200.ROI.idx.115,tau.SUVR.Schaefer200.ROI.idx.116,tau.SUVR.Schaefer200.ROI.idx.117,tau.SUVR.Schaefer200.ROI.idx.118,tau.SUVR.Schaefer200.ROI.idx.119,tau.SUVR.Schaefer200.ROI.idx.120,tau.SUVR.Schaefer200.ROI.idx.121,tau.SUVR.Schaefer200.ROI.idx.122,tau.SUVR.Schaefer200.ROI.idx.123,tau.SUVR.Schaefer200.ROI.idx.125,tau.SUVR.Schaefer200.ROI.idx.127,tau.SUVR.Schaefer200.ROI.idx.131,tau.SUVR.Schaefer200.ROI.idx.132,tau.SUVR.Schaefer200.ROI.idx.133,tau.SUVR.Schaefer200.ROI.idx.134,tau.SUVR.Schaefer200.ROI.idx.135,tau.SUVR.Schaefer200.ROI.idx.136,tau.SUVR.Schaefer200.ROI.idx.137,tau.SUVR.Schaefer200.ROI.idx.138,tau.SUVR.Schaefer200.ROI.idx.139,tau.SUVR.Schaefer200.ROI.idx.140,tau.SUVR.Schaefer200.ROI.idx.141,tau.SUVR.Schaefer200.ROI.idx.142,tau.SUVR.Schaefer200.ROI.idx.143,tau.SUVR.Schaefer200.ROI.idx.149,tau.SUVR.Schaefer200.ROI.idx.150,tau.SUVR.Schaefer200.ROI.idx.151,tau.SUVR.Schaefer200.ROI.idx.162,tau.SUVR.Schaefer200.ROI.idx.163,tau.SUVR.Schaefer200.ROI.idx.164,tau.SUVR.Schaefer200.ROI.idx.165,tau.SUVR.Schaefer200.ROI.idx.166,tau.SUVR.Schaefer200.ROI.idx.167,tau.SUVR.Schaefer200.ROI.idx.168,tau.SUVR.Schaefer200.ROI.idx.169,tau.SUVR.Schaefer200.ROI.idx.171,tau.SUVR.Schaefer200.ROI.idx.172,tau.SUVR.Schaefer200.ROI.idx.173,tau.SUVR.Schaefer200.ROI.idx.174,tau.SUVR.Schaefer200.ROI.idx.175,tau.SUVR.Schaefer200.ROI.idx.176,tau.SUVR.Schaefer200.ROI.idx.180,tau.SUVR.Schaefer200.ROI.idx.181,tau.SUVR.Schaefer200.ROI.idx.182,tau.SUVR.Schaefer200.ROI.idx.184,tau.SUVR.Schaefer200.ROI.idx.185,tau.SUVR.Schaefer200.ROI.idx.186,tau.SUVR.Schaefer200.ROI.idx.190,tau.SUVR.Schaefer200.ROI.idx.194,tau.SUVR.Schaefer200.ROI.idx.195,tau.SUVR.Schaefer200.ROI.idx.196,tau.SUVR.Schaefer200.ROI.idx.197,tau.SUVR.Schaefer200.ROI.idx.198,tau.SUVR.Schaefer200.ROI.idx.199,tau.SUVR.Schaefer200.ROI.idx.200
sub-6852	117	1,2,3,4,5,6,7,8,9,10,11,12,13,14,16,18,29,30,31,32,33,34,35,36,37,38,39,40,44,45,46,47,48,49,50,54,57,58,59,60,61,62,63,64,67,68,69,70,71,72,73,76,79,81,84,91,93,96,98,100,101,103,104,105,106,112,117,120,121,129,131,133,134,135,136,137,138,139,140,141,142,147,149,150,151,152,153,154,155,156,160,162,163,164,165,166,167,168,169,171,172,173,174,175,176,177,178,179,180,182,184,185,186,189,190,192,196	tau.SUVR.Schaefer200.ROI.idx.1,tau.SUVR.Schaefer200.ROI.idx.2,tau.SUVR.Schaefer200.ROI.idx.3,tau.SUVR.Schaefer200.ROI.idx.4,tau.SUVR.Schaefer200.ROI.idx.5,tau.SUVR.Schaefer200.ROI.idx.6,tau.SUVR.Schaefer200.ROI.idx.7,tau.SUVR.Schaefer200.ROI.idx.8,tau.SUVR.Schaefer200.ROI.idx.9,tau.SUVR.Schaefer200.ROI.idx.10,tau.SUVR.Schaefer200.ROI.idx.11,tau.SUVR.Schaefer200.ROI.idx.12,tau.SUVR.Schaefer200.ROI.idx.13,tau.SUVR.Schaefer200.ROI.idx.14,tau.SUVR.Schaefer200.ROI.idx.16,tau.SUVR.Schaefer200.ROI.idx.18,tau.SUVR.Schaefer200.ROI.idx.29,tau.SUVR.Schaefer200.ROI.idx.30,tau.SUVR.Schaefer200.ROI.idx.31,tau.SUVR.Schaefer200.ROI.idx.32,tau.SUVR.Schaefer200.ROI.idx.33,tau.SUVR.Schaefer200.ROI.idx.34,tau.SUVR.Schaefer200.ROI.idx.35,tau.SUVR.Schaefer200.ROI.idx.36,tau.SUVR.Schaefer200.ROI.idx.37,tau.SUVR.Schaefer200.ROI.idx.38,tau.SUVR.Schaefer200.ROI.idx.39,tau.SUVR.Schaefer200.ROI.idx.40,tau.SUVR.Schaefer200.ROI.idx.44,tau.SUVR.Schaefer200.ROI.idx.45,tau.SUVR.Schaefer200.ROI.idx.46,tau.SUVR.Schaefer200.ROI.idx.47,tau.SUVR.Schaefer200.ROI.idx.48,tau.SUVR.Schaefer200.ROI.idx.49,tau.SUVR.Schaefer200.ROI.idx.50,tau.SUVR.Schaefer200.ROI.idx.54,tau.SUVR.Schaefer200.ROI.idx.57,tau.SUVR.Schaefer200.ROI.idx.58,tau.SUVR.Schaefer200.ROI.idx.59,tau.SUVR.Schaefer200.ROI.idx.60,tau.SUVR.Schaefer200.ROI.idx.61,tau.SUVR.Schaefer200.ROI.idx.62,tau.SUVR.Schaefer200.ROI.idx.63,tau.SUVR.Schaefer200.ROI.idx.64,tau.SUVR.Schaefer200.ROI.idx.67,tau.SUVR.Schaefer200.ROI.idx.68,tau.SUVR.Schaefer200.ROI.idx.69,tau.SUVR.Schaefer200.ROI.idx.70,tau.SUVR.Schaefer200.ROI.idx.71,tau.SUVR.Schaefer200.ROI.idx.72,tau.SUVR.Schaefer200.ROI.idx.73,tau.SUVR.Schaefer200.ROI.idx.76,tau.SUVR.Schaefer200.ROI.idx.79,tau.SUVR.Schaefer200.ROI.idx.81,tau.SUVR.Schaefer200.ROI.idx.84,tau.SUVR.Schaefer200.ROI.idx.91,tau.SUVR.Schaefer200.ROI.idx.93,tau.SUVR.Schaefer200.ROI.idx.96,tau.SUVR.Schaefer200.ROI.idx.98,tau.SUVR.Schaefer200.ROI.idx.100,tau.SUVR.Schaefer200.ROI.idx.101,tau.SUVR.Schaefer200.ROI.idx.103,tau.SUVR.Schaefer200.ROI.idx.104,tau.SUVR.Schaefer200.ROI.idx.105,tau.SUVR.Schaefer200.ROI.idx.106,tau.SUVR.Schaefer200.ROI.idx.112,tau.SUVR.Schaefer200.ROI.idx.117,tau.SUVR.Schaefer200.ROI.idx.120,tau.SUVR.Schaefer200.ROI.idx.121,tau.SUVR.Schaefer200.ROI.idx.129,tau.SUVR.Schaefer200.ROI.idx.131,tau.SUVR.Schaefer200.ROI.idx.133,tau.SUVR.Schaefer200.ROI.idx.134,tau.SUVR.Schaefer200.ROI.idx.135,tau.SUVR.Schaefer200.ROI.idx.136,tau.SUVR.Schaefer200.ROI.idx.137,tau.SUVR.Schaefer200.ROI.idx.138,tau.SUVR.Schaefer200.ROI.idx.139,tau.SUVR.Schaefer200.ROI.idx.140,tau.SUVR.Schaefer200.ROI.idx.141,tau.SUVR.Schaefer200.ROI.idx.142,tau.SUVR.Schaefer200.ROI.idx.147,tau.SUVR.Schaefer200.ROI.idx.149,tau.SUVR.Schaefer200.ROI.idx.150,tau.SUVR.Schaefer200.ROI.idx.151,tau.SUVR.Schaefer200.ROI.idx.152,tau.SUVR.Schaefer200.ROI.idx.153,tau.SUVR.Schaefer200.ROI.idx.154,tau.SUVR.Schaefer200.ROI.idx.155,tau.SUVR.Schaefer200.ROI.idx.156,tau.SUVR.Schaefer200.ROI.idx.160,tau.SUVR.Schaefer200.ROI.idx.162,tau.SUVR.Schaefer200.ROI.idx.163,tau.SUVR.Schaefer200.ROI.idx.164,tau.SUVR.Schaefer200.ROI.idx.165,tau.SUVR.Schaefer200.ROI.idx.166,tau.SUVR.Schaefer200.ROI.idx.167,tau.SUVR.Schaefer200.ROI.idx.168,tau.SUVR.Schaefer200.ROI.idx.169,tau.SUVR.Schaefer200.ROI.idx.171,tau.SUVR.Schaefer200.ROI.idx.172,tau.SUVR.Schaefer200.ROI.idx.173,tau.SUVR.Schaefer200.ROI.idx.174,tau.SUVR.Schaefer200.ROI.idx.175,tau.SUVR.Schaefer200.ROI.idx.176,tau.SUVR.Schaefer200.ROI.idx.177,tau.SUVR.Schaefer200.ROI.idx.178,tau.SUVR.Schaefer200.ROI.idx.179,tau.SUVR.Schaefer200.ROI.idx.180,tau.SUVR.Schaefer200.ROI.idx.182,tau.SUVR.Schaefer200.ROI.idx.184,tau.SUVR.Schaefer200.ROI.idx.185,tau.SUVR.Schaefer200.ROI.idx.186,tau.SUVR.Schaefer200.ROI.idx.189,tau.SUVR.Schaefer200.ROI.idx.190,tau.SUVR.Schaefer200.ROI.idx.192,tau.SUVR.Schaefer200.ROI.idx.196
sub-6878	84	5,7,29,30,31,32,47,53,54,55,57,58,67,68,72,75,77,78,79,83,84,85,86,87,96,97,98,99,100,101,102,105,106,120,125,131,132,133,134,135,136,138,139,141,142,143,144,145,146,150,151,161,162,163,164,165,166,167,168,169,171,172,173,174,175,176,179,180,181,182,183,184,185,186,190,191,192,194,195,196,197,198,199,200	tau.SUVR.Schaefer200.ROI.idx.5,tau.SUVR.Schaefer200.ROI.idx.7,tau.SUVR.Schaefer200.ROI.idx.29,tau.SUVR.Schaefer200.ROI.idx.30,tau.SUVR.Schaefer200.ROI.idx.31,tau.SUVR.Schaefer200.ROI.idx.32,tau.SUVR.Schaefer200.ROI.idx.47,tau.SUVR.Schaefer200.ROI.idx.53,tau.SUVR.Schaefer200.ROI.idx.54,tau.SUVR.Schaefer200.ROI.idx.55,tau.SUVR.Schaefer200.ROI.idx.57,tau.SUVR.Schaefer200.ROI.idx.58,tau.SUVR.Schaefer200.ROI.idx.67,tau.SUVR.Schaefer200.ROI.idx.68,tau.SUVR.Schaefer200.ROI.idx.72,tau.SUVR.Schaefer200.ROI.idx.75,tau.SUVR.Schaefer200.ROI.idx.77,tau.SUVR.Schaefer200.ROI.idx.78,tau.SUVR.Schaefer200.ROI.idx.79,tau.SUVR.Schaefer200.ROI.idx.83,tau.SUVR.Schaefer200.ROI.idx.84,tau.SUVR.Schaefer200.ROI.idx.85,tau.SUVR.Schaefer200.ROI.idx.86,tau.SUVR.Schaefer200.ROI.idx.87,tau.SUVR.Schaefer200.ROI.idx.96,tau.SUVR.Schaefer200.ROI.idx.97,tau.SUVR.Schaefer200.ROI.idx.98,tau.SUVR.Schaefer200.ROI.idx.99,tau.SUVR.Schaefer200.ROI.idx.100,tau.SUVR.Schaefer200.ROI.idx.101,tau.SUVR.Schaefer200.ROI.idx.102,tau.SUVR.Schaefer200.ROI.idx.105,tau.SUVR.Schaefer200.ROI.idx.106,tau.SUVR.Schaefer200.ROI.idx.120,tau.SUVR.Schaefer200.ROI.idx.125,tau.SUVR.Schaefer200.ROI.idx.131,tau.SUVR.Schaefer200.ROI.idx.132,tau.SUVR.Schaefer200.ROI.idx.133,tau.SUVR.Schaefer200.ROI.idx.134,tau.SUVR.Schaefer200.ROI.idx.135,tau.SUVR.Schaefer200.ROI.idx.136,tau.SUVR.Schaefer200.ROI.idx.138,tau.SUVR.Schaefer200.ROI.idx.139,tau.SUVR.Schaefer200.ROI.idx.141,tau.SUVR.Schaefer200.ROI.idx.142,tau.SUVR.Schaefer200.ROI.idx.143,tau.SUVR.Schaefer200.ROI.idx.144,tau.SUVR.Schaefer200.ROI.idx.145,tau.SUVR.Schaefer200.ROI.idx.146,tau.SUVR.Schaefer200.ROI.idx.150,tau.SUVR.Schaefer200.ROI.idx.151,tau.SUVR.Schaefer200.ROI.idx.161,tau.SUVR.Schaefer200.ROI.idx.162,tau.SUVR.Schaefer200.ROI.idx.163,tau.SUVR.Schaefer200.ROI.idx.164,tau.SUVR.Schaefer200.ROI.idx.165,tau.SUVR.Schaefer200.ROI.idx.166,tau.SUVR.Schaefer200.ROI.idx.167,tau.SUVR.Schaefer200.ROI.idx.168,tau.SUVR.Schaefer200.ROI.idx.169,tau.SUVR.Schaefer200.ROI.idx.171,tau.SUVR.Schaefer200.ROI.idx.172,tau.SUVR.Schaefer200.ROI.idx.173,tau.SUVR.Schaefer200.ROI.idx.174,tau.SUVR.Schaefer200.ROI.idx.175,tau.SUVR.Schaefer200.ROI.idx.176,tau.SUVR.Schaefer200.ROI.idx.179,tau.SUVR.Schaefer200.ROI.idx.180,tau.SUVR.Schaefer200.ROI.idx.181,tau.SUVR.Schaefer200.ROI.idx.182,tau.SUVR.Schaefer200.ROI.idx.183,tau.SUVR.Schaefer200.ROI.idx.184,tau.SUVR.Schaefer200.ROI.idx.185,tau.SUVR.Schaefer200.ROI.idx.186,tau.SUVR.Schaefer200.ROI.idx.190,tau.SUVR.Schaefer200.ROI.idx.191,tau.SUVR.Schaefer200.ROI.idx.192,tau.SUVR.Schaefer200.ROI.idx.194,tau.SUVR.Schaefer200.ROI.idx.195,tau.SUVR.Schaefer200.ROI.idx.196,tau.SUVR.Schaefer200.ROI.idx.197,tau.SUVR.Schaefer200.ROI.idx.198,tau.SUVR.Schaefer200.ROI.idx.199,tau.SUVR.Schaefer200.ROI.idx.200
sub-7032	112	4,5,6,12,13,14,15,16,17,18,23,24,25,26,27,28,29,30,31,32,33,34,35,36,37,38,39,40,42,43,44,45,46,47,48,53,54,55,57,58,59,60,61,62,63,64,65,67,68,69,71,72,73,75,76,78,79,84,86,87,89,90,91,95,96,98,99,100,105,113,114,115,116,117,119,120,128,129,130,131,132,133,134,135,136,137,138,139,140,141,142,143,147,148,149,150,151,156,165,166,167,168,169,172,174,175,176,179,180,184,185,192	tau.SUVR.Schaefer200.ROI.idx.4,tau.SUVR.Schaefer200.ROI.idx.5,tau.SUVR.Schaefer200.ROI.idx.6,tau.SUVR.Schaefer200.ROI.idx.12,tau.SUVR.Schaefer200.ROI.idx.13,tau.SUVR.Schaefer200.ROI.idx.14,tau.SUVR.Schaefer200.ROI.idx.15,tau.SUVR.Schaefer200.ROI.idx.16,tau.SUVR.Schaefer200.ROI.idx.17,tau.SUVR.Schaefer200.ROI.idx.18,tau.SUVR.Schaefer200.ROI.idx.23,tau.SUVR.Schaefer200.ROI.idx.24,tau.SUVR.Schaefer200.ROI.idx.25,tau.SUVR.Schaefer200.ROI.idx.26,tau.SUVR.Schaefer200.ROI.idx.27,tau.SUVR.Schaefer200.ROI.idx.28,tau.SUVR.Schaefer200.ROI.idx.29,tau.SUVR.Schaefer200.ROI.idx.30,tau.SUVR.Schaefer200.ROI.idx.31,tau.SUVR.Schaefer200.ROI.idx.32,tau.SUVR.Schaefer200.ROI.idx.33,tau.SUVR.Schaefer200.ROI.idx.34,tau.SUVR.Schaefer200.ROI.idx.35,tau.SUVR.Schaefer200.ROI.idx.36,tau.SUVR.Schaefer200.ROI.idx.37,tau.SUVR.Schaefer200.ROI.idx.38,tau.SUVR.Schaefer200.ROI.idx.39,tau.SUVR.Schaefer200.ROI.idx.40,tau.SUVR.Schaefer200.ROI.idx.42,tau.SUVR.Schaefer200.ROI.idx.43,tau.SUVR.Schaefer200.ROI.idx.44,tau.SUVR.Schaefer200.ROI.idx.45,tau.SUVR.Schaefer200.ROI.idx.46,tau.SUVR.Schaefer200.ROI.idx.47,tau.SUVR.Schaefer200.ROI.idx.48,tau.SUVR.Schaefer200.ROI.idx.53,tau.SUVR.Schaefer200.ROI.idx.54,tau.SUVR.Schaefer200.ROI.idx.55,tau.SUVR.Schaefer200.ROI.idx.57,tau.SUVR.Schaefer200.ROI.idx.58,tau.SUVR.Schaefer200.ROI.idx.59,tau.SUVR.Schaefer200.ROI.idx.60,tau.SUVR.Schaefer200.ROI.idx.61,tau.SUVR.Schaefer200.ROI.idx.62,tau.SUVR.Schaefer200.ROI.idx.63,tau.SUVR.Schaefer200.ROI.idx.64,tau.SUVR.Schaefer200.ROI.idx.65,tau.SUVR.Schaefer200.ROI.idx.67,tau.SUVR.Schaefer200.ROI.idx.68,tau.SUVR.Schaefer200.ROI.idx.69,tau.SUVR.Schaefer200.ROI.idx.71,tau.SUVR.Schaefer200.ROI.idx.72,tau.SUVR.Schaefer200.ROI.idx.73,tau.SUVR.Schaefer200.ROI.idx.75,tau.SUVR.Schaefer200.ROI.idx.76,tau.SUVR.Schaefer200.ROI.idx.78,tau.SUVR.Schaefer200.ROI.idx.79,tau.SUVR.Schaefer200.ROI.idx.84,tau.SUVR.Schaefer200.ROI.idx.86,tau.SUVR.Schaefer200.ROI.idx.87,tau.SUVR.Schaefer200.ROI.idx.89,tau.SUVR.Schaefer200.ROI.idx.90,tau.SUVR.Schaefer200.ROI.idx.91,tau.SUVR.Schaefer200.ROI.idx.95,tau.SUVR.Schaefer200.ROI.idx.96,tau.SUVR.Schaefer200.ROI.idx.98,tau.SUVR.Schaefer200.ROI.idx.99,tau.SUVR.Schaefer200.ROI.idx.100,tau.SUVR.Schaefer200.ROI.idx.105,tau.SUVR.Schaefer200.ROI.idx.113,tau.SUVR.Schaefer200.ROI.idx.114,tau.SUVR.Schaefer200.ROI.idx.115,tau.SUVR.Schaefer200.ROI.idx.116,tau.SUVR.Schaefer200.ROI.idx.117,tau.SUVR.Schaefer200.ROI.idx.119,tau.SUVR.Schaefer200.ROI.idx.120,tau.SUVR.Schaefer200.ROI.idx.128,tau.SUVR.Schaefer200.ROI.idx.129,tau.SUVR.Schaefer200.ROI.idx.130,tau.SUVR.Schaefer200.ROI.idx.131,tau.SUVR.Schaefer200.ROI.idx.132,tau.SUVR.Schaefer200.ROI.idx.133,tau.SUVR.Schaefer200.ROI.idx.134,tau.SUVR.Schaefer200.ROI.idx.135,tau.SUVR.Schaefer200.ROI.idx.136,tau.SUVR.Schaefer200.ROI.idx.137,tau.SUVR.Schaefer200.ROI.idx.138,tau.SUVR.Schaefer200.ROI.idx.139,tau.SUVR.Schaefer200.ROI.idx.140,tau.SUVR.Schaefer200.ROI.idx.141,tau.SUVR.Schaefer200.ROI.idx.142,tau.SUVR.Schaefer200.ROI.idx.143,tau.SUVR.Schaefer200.ROI.idx.147,tau.SUVR.Schaefer200.ROI.idx.148,tau.SUVR.Schaefer200.ROI.idx.149,tau.SUVR.Schaefer200.ROI.idx.150,tau.SUVR.Schaefer200.ROI.idx.151,tau.SUVR.Schaefer200.ROI.idx.156,tau.SUVR.Schaefer200.ROI.idx.165,tau.SUVR.Schaefer200.ROI.idx.166,tau.SUVR.Schaefer200.ROI.idx.167,tau.SUVR.Schaefer200.ROI.idx.168,tau.SUVR.Schaefer200.ROI.idx.169,tau.SUVR.Schaefer200.ROI.idx.172,tau.SUVR.Schaefer200.ROI.idx.174,tau.SUVR.Schaefer200.ROI.idx.175,tau.SUVR.Schaefer200.ROI.idx.176,tau.SUVR.Schaefer200.ROI.idx.179,tau.SUVR.Schaefer200.ROI.idx.180,tau.SUVR.Schaefer200.ROI.idx.184,tau.SUVR.Schaefer200.ROI.idx.185,tau.SUVR.Schaefer200.ROI.idx.192
sub-7079	1	162	tau.SUVR.Schaefer200.ROI.idx.162
sub-024447	8	53,54,162,163,171,172,184,190	tau.SUVR.Schaefer200.ROI.idx.53,tau.SUVR.Schaefer200.ROI.idx.54,tau.SUVR.Schaefer200.ROI.idx.162,tau.SUVR.Schaefer200.ROI.idx.163,tau.SUVR.Schaefer200.ROI.idx.171,tau.SUVR.Schaefer200.ROI.idx.172,tau.SUVR.Schaefer200.ROI.idx.184,tau.SUVR.Schaefer200.ROI.idx.190
sub-06VPJN	0		
sub-1NIBUB	14	1,5,6,29,30,31,53,54,84,100,162,163,171,172	tau.SUVR.Schaefer200.ROI.idx.1,tau.SUVR.Schaefer200.ROI.idx.5,tau.SUVR.Schaefer200.ROI.idx.6,tau.SUVR.Schaefer200.ROI.idx.29,tau.SUVR.Schaefer200.ROI.idx.30,tau.SUVR.Schaefer200.ROI.idx.31,tau.SUVR.Schaefer200.ROI.idx.53,tau.SUVR.Schaefer200.ROI.idx.54,tau.SUVR.Schaefer200.ROI.idx.84,tau.SUVR.Schaefer200.ROI.idx.100,tau.SUVR.Schaefer200.ROI.idx.162,tau.SUVR.Schaefer200.ROI.idx.163,tau.SUVR.Schaefer200.ROI.idx.171,tau.SUVR.Schaefer200.ROI.idx.172
sub-1UUKRN	0		
sub-2ZOIXE	0		
sub-3GD9NC	0		
sub-3WA6KA	1	196	tau.SUVR.Schaefer200.ROI.idx.196
sub-47JWS4	0		
sub-5GBXK5	0		
sub-5KDTGT	0		
sub-69D8NQ	6	3,10,11,32,72,109	tau.SUVR.Schaefer200.ROI.idx.3,tau.SUVR.Schaefer200.ROI.idx.10,tau.SUVR.Schaefer200.ROI.idx.11,tau.SUVR.Schaefer200.ROI.idx.32,tau.SUVR.Schaefer200.ROI.idx.72,tau.SUVR.Schaefer200.ROI.idx.109
sub-7TQBZD	0		
sub-8JEPGC	0		
sub-A3I6MC	23	29,53,54,86,98,101,102,131,132,133,162,164,169,171,172,184,190,194,196,197,198,199,200	tau.SUVR.Schaefer200.ROI.idx.29,tau.SUVR.Schaefer200.ROI.idx.53,tau.SUVR.Schaefer200.ROI.idx.54,tau.SUVR.Schaefer200.ROI.idx.86,tau.SUVR.Schaefer200.ROI.idx.98,tau.SUVR.Schaefer200.ROI.idx.101,tau.SUVR.Schaefer200.ROI.idx.102,tau.SUVR.Schaefer200.ROI.idx.131,tau.SUVR.Schaefer200.ROI.idx.132,tau.SUVR.Schaefer200.ROI.idx.133,tau.SUVR.Schaefer200.ROI.idx.162,tau.SUVR.Schaefer200.ROI.idx.164,tau.SUVR.Schaefer200.ROI.idx.169,tau.SUVR.Schaefer200.ROI.idx.171,tau.SUVR.Schaefer200.ROI.idx.172,tau.SUVR.Schaefer200.ROI.idx.184,tau.SUVR.Schaefer200.ROI.idx.190,tau.SUVR.Schaefer200.ROI.idx.194,tau.SUVR.Schaefer200.ROI.idx.196,tau.SUVR.Schaefer200.ROI.idx.197,tau.SUVR.Schaefer200.ROI.idx.198,tau.SUVR.Schaefer200.ROI.idx.199,tau.SUVR.Schaefer200.ROI.idx.200
sub-ANW9UX	0		
sub-APH3X2	8	29,53,54,67,84,101,106,133	tau.SUVR.Schaefer200.ROI.idx.29,tau.SUVR.Schaefer200.ROI.idx.53,tau.SUVR.Schaefer200.ROI.idx.54,tau.SUVR.Schaefer200.ROI.idx.67,tau.SUVR.Schaefer200.ROI.idx.84,tau.SUVR.Schaefer200.ROI.idx.101,tau.SUVR.Schaefer200.ROI.idx.106,tau.SUVR.Schaefer200.ROI.idx.133
sub-AWQ63F	0		
sub-BCNZ72	0		
sub-BGIO56	0		
sub-BLB9LP	4	53,54,162,163	tau.SUVR.Schaefer200.ROI.idx.53,tau.SUVR.Schaefer200.ROI.idx.54,tau.SUVR.Schaefer200.ROI.idx.162,tau.SUVR.Schaefer200.ROI.idx.163
sub-CAE99P	6	101,104,105,106,133,134	tau.SUVR.Schaefer200.ROI.idx.101,tau.SUVR.Schaefer200.ROI.idx.104,tau.SUVR.Schaefer200.ROI.idx.105,tau.SUVR.Schaefer200.ROI.idx.106,tau.SUVR.Schaefer200.ROI.idx.133,tau.SUVR.Schaefer200.ROI.idx.134
sub-CC1MEW	5	31,100,106,109,111	tau.SUVR.Schaefer200.ROI.idx.31,tau.SUVR.Schaefer200.ROI.idx.100,tau.SUVR.Schaefer200.ROI.idx.106,tau.SUVR.Schaefer200.ROI.idx.109,tau.SUVR.Schaefer200.ROI.idx.111
sub-CICLAQ	0		
sub-DR1SRC	0		
sub-F8K9HJ	42	29,41,48,50,53,54,63,67,76,84,86,90,91,99,100,132,142,151,152,153,156,160,162,164,167,168,169,171,172,175,176,178,179,180,184,185,187,189,192,198,199,200	tau.SUVR.Schaefer200.ROI.idx.29,tau.SUVR.Schaefer200.ROI.idx.41,tau.SUVR.Schaefer200.ROI.idx.48,tau.SUVR.Schaefer200.ROI.idx.50,tau.SUVR.Schaefer200.ROI.idx.53,tau.SUVR.Schaefer200.ROI.idx.54,tau.SUVR.Schaefer200.ROI.idx.63,tau.SUVR.Schaefer200.ROI.idx.67,tau.SUVR.Schaefer200.ROI.idx.76,tau.SUVR.Schaefer200.ROI.idx.84,tau.SUVR.Schaefer200.ROI.idx.86,tau.SUVR.Schaefer200.ROI.idx.90,tau.SUVR.Schaefer200.ROI.idx.91,tau.SUVR.Schaefer200.ROI.idx.99,tau.SUVR.Schaefer200.ROI.idx.100,tau.SUVR.Schaefer200.ROI.idx.132,tau.SUVR.Schaefer200.ROI.idx.142,tau.SUVR.Schaefer200.ROI.idx.151,tau.SUVR.Schaefer200.ROI.idx.152,tau.SUVR.Schaefer200.ROI.idx.153,tau.SUVR.Schaefer200.ROI.idx.156,tau.SUVR.Schaefer200.ROI.idx.160,tau.SUVR.Schaefer200.ROI.idx.162,tau.SUVR.Schaefer200.ROI.idx.164,tau.SUVR.Schaefer200.ROI.idx.167,tau.SUVR.Schaefer200.ROI.idx.168,tau.SUVR.Schaefer200.ROI.idx.169,tau.SUVR.Schaefer200.ROI.idx.171,tau.SUVR.Schaefer200.ROI.idx.172,tau.SUVR.Schaefer200.ROI.idx.175,tau.SUVR.Schaefer200.ROI.idx.176,tau.SUVR.Schaefer200.ROI.idx.178,tau.SUVR.Schaefer200.ROI.idx.179,tau.SUVR.Schaefer200.ROI.idx.180,tau.SUVR.Schaefer200.ROI.idx.184,tau.SUVR.Schaefer200.ROI.idx.185,tau.SUVR.Schaefer200.ROI.idx.187,tau.SUVR.Schaefer200.ROI.idx.189,tau.SUVR.Schaefer200.ROI.idx.192,tau.SUVR.Schaefer200.ROI.idx.198,tau.SUVR.Schaefer200.ROI.idx.199,tau.SUVR.Schaefer200.ROI.idx.200
sub-FAQZRC	0		
sub-FC2EHP	0		
sub-FVDOQK	0		
sub-GFZMVF	8	29,34,54,101,103,104,105,155	tau.SUVR.Schaefer200.ROI.idx.29,tau.SUVR.Schaefer200.ROI.idx.34,tau.SUVR.Schaefer200.ROI.idx.54,tau.SUVR.Schaefer200.ROI.idx.101,tau.SUVR.Schaefer200.ROI.idx.103,tau.SUVR.Schaefer200.ROI.idx.104,tau.SUVR.Schaefer200.ROI.idx.105,tau.SUVR.Schaefer200.ROI.idx.155
sub-HOI4E9	0		
sub-IBJDO2	0		
sub-JL19TQ	3	54,84,162	tau.SUVR.Schaefer200.ROI.idx.54,tau.SUVR.Schaefer200.ROI.idx.84,tau.SUVR.Schaefer200.ROI.idx.162
sub-KCT6L4	0		
sub-M5ZMD7	0		
sub-MA7196	0		
sub-MGL8BV	7	101,103,104,106,131,164,172	tau.SUVR.Schaefer200.ROI.idx.101,tau.SUVR.Schaefer200.ROI.idx.103,tau.SUVR.Schaefer200.ROI.idx.104,tau.SUVR.Schaefer200.ROI.idx.106,tau.SUVR.Schaefer200.ROI.idx.131,tau.SUVR.Schaefer200.ROI.idx.164,tau.SUVR.Schaefer200.ROI.idx.172
sub-MRTRES	1	1	tau.SUVR.Schaefer200.ROI.idx.1
sub-N0GLX8	0		
sub-NR6WGU	0		
sub-NRRC5V	0		
sub-O91X9E	0		
sub-ORGNDY	22	1,4,53,54,67,84,86,101,102,103,104,105,106,111,131,132,162,163,164,172,196,199	tau.SUVR.Schaefer200.ROI.idx.1,tau.SUVR.Schaefer200.ROI.idx.4,tau.SUVR.Schaefer200.ROI.idx.53,tau.SUVR.Schaefer200.ROI.idx.54,tau.SUVR.Schaefer200.ROI.idx.67,tau.SUVR.Schaefer200.ROI.idx.84,tau.SUVR.Schaefer200.ROI.idx.86,tau.SUVR.Schaefer200.ROI.idx.101,tau.SUVR.Schaefer200.ROI.idx.102,tau.SUVR.Schaefer200.ROI.idx.103,tau.SUVR.Schaefer200.ROI.idx.104,tau.SUVR.Schaefer200.ROI.idx.105,tau.SUVR.Schaefer200.ROI.idx.106,tau.SUVR.Schaefer200.ROI.idx.111,tau.SUVR.Schaefer200.ROI.idx.131,tau.SUVR.Schaefer200.ROI.idx.132,tau.SUVR.Schaefer200.ROI.idx.162,tau.SUVR.Schaefer200.ROI.idx.163,tau.SUVR.Schaefer200.ROI.idx.164,tau.SUVR.Schaefer200.ROI.idx.172,tau.SUVR.Schaefer200.ROI.idx.196,tau.SUVR.Schaefer200.ROI.idx.199
sub-OS7NQV	0		
sub-PPUN0O	0		
sub-Q2GBNR	0		
sub-QY7FPO	0		
sub-RXWE3I	0		
sub-TG6772	0		
sub-V4BVPJ	0		
sub-VPGDBG	1	6	tau.SUVR.Schaefer200.ROI.idx.6
sub-VWC2BU	0		
sub-WGL13V	0		
sub-X0B8SS	0		
sub-X0EABY	0		
sub-X5HEBW	0		
sub-XR0BI8	0		
sub-XRQQUU	9	53,101,131,162,163,164,172,195,196	tau.SUVR.Schaefer200.ROI.idx.53,tau.SUVR.Schaefer200.ROI.idx.101,tau.SUVR.Schaefer200.ROI.idx.131,tau.SUVR.Schaefer200.ROI.idx.162,tau.SUVR.Schaefer200.ROI.idx.163,tau.SUVR.Schaefer200.ROI.idx.164,tau.SUVR.Schaefer200.ROI.idx.172,tau.SUVR.Schaefer200.ROI.idx.195,tau.SUVR.Schaefer200.ROI.idx.196
sub-YBZYDB	0		
sub-Z3QBQ3	11	5,6,12,30,31,101,102,103,104,106,133	tau.SUVR.Schaefer200.ROI.idx.5,tau.SUVR.Schaefer200.ROI.idx.6,tau.SUVR.Schaefer200.ROI.idx.12,tau.SUVR.Schaefer200.ROI.idx.30,tau.SUVR.Schaefer200.ROI.idx.31,tau.SUVR.Schaefer200.ROI.idx.101,tau.SUVR.Schaefer200.ROI.idx.102,tau.SUVR.Schaefer200.ROI.idx.103,tau.SUVR.Schaefer200.ROI.idx.104,tau.SUVR.Schaefer200.ROI.idx.106,tau.SUVR.Schaefer200.ROI.idx.133
sub-ZQ3R3J	0		
sub-ZVC0V7	6	53,144,154,158,162,191	tau.SUVR.Schaefer200.ROI.idx.53,tau.SUVR.Schaefer200.ROI.idx.144,tau.SUVR.Schaefer200.ROI.idx.154,tau.SUVR.Schaefer200.ROI.idx.158,tau.SUVR.Schaefer200.ROI.idx.162,tau.SUVR.Schaefer200.ROI.idx.191
